id,precipitation
0,0.0
1,0.14020302949170502
2,1.9260916510339765
3,4.379723643375613
4,1.9355807080964338
5,0.14206601275049707
6,0.09628976008549583
7,0.0
8,0.0
9,0.0
10,0.12202748227809498
11,0.145418182942575
12,4.145211360884592
13,0.6357074972141296
14,0.0
15,0.13832535989482647
16,0.11417805370799926
17,0.1294816212693495
18,0.0
19,0.0
20,0.0
21,0.0
22,0.6266212745498608
23,0.0
24,0.0
25,0.0
26,0.0
27,0.0
28,0.0
29,0.0
30,0.0
31,0.0
32,0.0
33,0.0
34,0.13089914577312634
35,0.13101636895912142
36,0.0
37,0.12782633658384313
38,0.12544477384170508
39,0.12954559380991695
40,0.12912179144146174
41,0.12501722911709337
42,0.0
43,0.0
44,0.0
45,0.0
46,0.0
47,0.0
48,0.0
49,0.0
50,0.0
51,0.15643161743673642
52,1.7784038541810658
53,0.1706393094772382
54,0.12152229920630374
55,0.11810273821147521
56,0.0
57,1.0244531602113764
58,0.1615814931447647
59,0.1714337965184224
60,0.18443055783849296
61,3.501120871454644
62,0.6641686642654582
63,0.19448608197588665
64,0.0
65,0.0
66,0.0
67,0.0
68,0.0
69,0.15401978584723286
70,0.0
71,0.0
72,0.0
73,0.0
74,0.0
75,0.0
76,0.0
77,0.0
78,0.0
79,0.0
80,0.0
81,0.0
82,0.0
83,0.0
84,0.0
85,0.0
86,0.0
87,0.0
88,0.0
89,0.0
90,0.16887738999077415
91,1.695822985687461
92,0.667467976434492
93,4.165888522635366
94,0.5942106978661187
95,1.6748969592519216
96,0.0
97,0.14881077352559646
98,0.1776534064958627
99,0.1933371312691737
100,0.15658113084165806
101,0.6328639165716609
102,0.6560680037053325
103,0.24226841365998053
104,0.20852792797768094
105,1.7392577489711551
106,0.23746746634737673
107,0.19308162905817602
108,0.6741293399651495
109,0.16813484436349627
110,0.18076772207607864
111,0.6606226133978104
112,4.677816906707808
113,0.20024459175126078
114,0.0
115,0.0
116,0.0
117,0.0
118,0.0
119,0.0
120,0.0
121,0.0
122,0.0
123,0.0
124,0.0
125,0.0
126,0.0
127,0.0
128,0.0
129,1.9105228206219282
130,0.16236664059912917
131,0.19315515660876517
132,0.16235786795868856
133,0.2053322625170304
134,1.764167378278009
135,1.2359277069121473
136,0.1526707150910533
137,0.2515713924430326
138,0.20956159136471159
139,0.0
140,0.1472343763478822
141,0.12504296954887215
142,0.6948647516211038
143,0.25328283355615167
144,0.10765187078679082
145,0.0
146,0.0
147,0.0
148,0.0
149,0.0
150,0.0
151,0.0
152,0.0
153,0.0
154,0.11852731458579215
155,0.11203584527029206
156,0.0
157,0.0
158,0.0
159,0.0
160,0.0
161,0.0
162,0.0
163,0.0
164,0.0
165,0.0
166,0.0
167,0.0
168,0.0
169,0.0
170,0.0
171,0.0
172,0.0
173,0.0
174,0.0
175,0.0
176,0.0
177,0.0
178,0.0
179,0.1395726301873171
180,0.12677523668168106
181,0.0
182,0.0
183,0.0
184,0.0
185,0.0
186,0.0
187,0.0
188,0.0
189,0.0
190,0.0
191,0.0
192,0.0
193,0.0
194,0.0
195,0.0
196,0.0
197,0.0
198,0.0
199,0.0
200,0.0
201,0.0
202,0.0
203,0.0
204,0.0
205,0.0
206,0.0
207,0.0
208,0.0
209,0.0
210,0.0
211,0.0
212,0.0
213,0.0
214,0.0
215,0.0
216,0.0
217,0.0
218,0.0
219,0.0
220,0.0
221,0.0
222,0.0
223,0.0
224,0.0
225,0.0
226,0.0
227,0.0
228,0.0
229,0.0
230,0.0
231,0.0
232,0.0
233,0.0
234,0.0
235,0.0
236,0.0
237,0.0
238,0.0
239,0.0
240,0.0
241,0.0
242,0.0
243,0.0
244,0.0
245,0.0
246,0.0
247,0.0
248,0.0
249,0.0
250,0.0
251,0.0
252,0.14675635009478175
253,0.10570151089936197
254,0.0
255,0.0
256,0.0
257,0.0
258,0.0
259,0.0
260,0.0
261,0.0
262,0.0
263,0.0
264,0.0
265,0.0
266,0.0
267,0.0
268,0.0
269,0.0
270,0.0
271,0.0
272,0.0
273,0.0
274,0.0
275,0.0
276,0.0
277,0.0
278,0.0
279,0.0
280,0.0
281,0.0
282,0.0
283,0.0
284,0.0
285,0.0
286,0.0
287,0.0
288,0.0
289,0.0
290,0.0
291,0.0
292,0.0
293,0.0
294,0.0
295,0.0
296,0.0
297,0.0
298,0.0
299,0.0
300,0.16371736101107692
301,0.6025028938198733
302,0.13008761062423396
303,0.0
304,0.13452265130276034
305,0.0
306,0.0
307,0.0
308,0.0
309,0.0
310,0.0
311,0.0
312,0.0
313,0.0
314,0.0
315,0.0
316,0.0
317,0.0
318,0.1260758028107799
319,0.11630648161193298
320,0.1426733011647121
321,0.0
322,0.0
323,0.0
324,0.13562924077104851
325,8.114111164152444
326,1.7077068347106952
327,0.18974278959784427
328,9.317806207322953
329,3.757434880393813
330,0.0
331,0.0
332,0.0
333,0.22231498003821118
334,0.639205900783622
335,0.1580050752465782
336,0.5859553745750428
337,0.6210155681926075
338,1.0772145695929367
339,0.6339224087325156
340,0.16407663672994854
341,1.1100275108685311
342,0.6007415976850473
343,0.6274158312183551
344,1.621326893395334
345,1.6059769796405192
346,0.6436559522262233
347,0.23434582652092031
348,0.16891171741852518
349,0.18970524228601293
350,0.6497733831952183
351,5.3749006685779825
352,0.6942346308733942
353,0.17908210983711012
354,0.18226028481791723
355,0.0
356,0.16374149393154985
357,5.2163720922713805
358,0.26472002700373837
359,0.7012733021762219
360,0.6588802173418201
361,0.645000953882438
362,0.16825570545593455
363,0.15405465681913844
364,0.0
365,0.0
366,0.0
367,0.0
368,0.0
369,0.7978965119181375
370,0.18622799131961948
371,0.19427204266848014
372,0.1684859204782819
373,0.0
374,0.0
375,0.0
376,0.0
377,0.0
378,0.0
379,0.0
380,0.0
381,0.0
382,0.0
383,0.0
384,0.0
385,0.0
386,0.0
387,0.0
388,0.0
389,0.0
390,0.0
391,0.0
392,0.0
393,0.1355462561854984
394,0.0
395,0.16759100629090448
396,0.0
397,0.0
398,0.0
399,0.0
400,0.0
401,0.0
402,0.0
403,0.0
404,0.0
405,0.0
406,0.0
407,0.0
408,0.0
409,0.15414195046210974
410,0.1479639618737781
411,0.0
412,0.1490191402942394
413,0.591151523910276
414,0.18130969674978428
415,0.0
416,0.1481989083795165
417,0.13503113008332457
418,0.16641143169444506
419,0.13023239232113337
420,0.18513773170715694
421,0.15159632528403696
422,0.12404331534813684
423,1.7236677732057901
424,0.164280307535808
425,0.0
426,0.0
427,0.0
428,0.0
429,0.0
430,0.0
431,0.0
432,0.0
433,0.0
434,0.0
435,0.0
436,0.0
437,0.0
438,0.0
439,0.0
440,0.0
441,0.0
442,0.0
443,0.0
444,0.0
445,0.0
446,0.0
447,0.0
448,0.0
449,0.0
450,0.0
451,0.0
452,0.0
453,0.0
454,0.0
455,0.0
456,0.0
457,0.0
458,0.0
459,0.0
460,0.0
461,0.0
462,0.0
463,0.0
464,0.0
465,0.0
466,0.0
467,0.0
468,0.0
469,0.0
470,0.0
471,0.0
472,0.0
473,0.0
474,0.0
475,0.0
476,0.0
477,0.16117187380230538
478,0.14400400489808046
479,0.0
480,0.0
481,0.0
482,0.0
483,0.0
484,0.0
485,0.0
486,0.0
487,0.0
488,1.6026461138964774
489,0.1379884964334869
490,0.15922119240907195
491,0.0
492,0.0
493,0.0
494,0.12179224163352126
495,0.1591149783220943
496,0.0
497,0.0
498,0.0
499,0.0
500,0.0
501,0.0
502,0.0
503,0.0
504,0.0
505,0.0
506,0.0
507,0.0
508,0.0
509,0.0
510,0.0
511,0.0
512,0.0
513,0.0
514,0.0
515,0.14311015739091681
516,0.0
517,0.0
518,0.5946706809346686
519,0.0
520,0.0
521,0.0
522,0.0
523,0.0
524,0.0
525,0.0
526,0.0
527,0.0
528,0.0
529,0.0
530,0.0
531,0.0
532,0.0
533,0.0
534,0.0
535,0.0
536,0.0
537,0.0
538,0.0
539,0.0
540,0.11840951608266102
541,0.0
542,0.09834123410132316
543,0.0
544,0.0
545,0.0
546,0.0
547,0.0
548,0.0
549,0.0
550,0.0
551,0.0
552,0.0
553,0.0
554,0.0
555,0.0
556,0.0
557,0.0
558,0.0
559,0.0
560,0.0
561,0.0
562,0.0
563,0.0
564,0.0
565,0.0
566,0.1397756705661361
567,0.0
568,0.0
569,0.0
570,0.0
571,0.0
572,0.0
573,0.0
574,0.0
575,0.0
576,0.0
577,0.0
578,0.0
579,0.0
580,0.0
581,0.0
582,0.0
583,0.0
584,0.0
585,0.0
586,0.0
587,0.0
588,0.0
589,0.0
590,0.0
591,0.0
592,0.0
593,0.0
594,0.0
595,0.0
596,0.0
597,0.0
598,0.0
599,0.0
600,0.0
601,0.0
602,0.0
603,0.0
604,0.0
605,0.0
606,0.0
607,0.0
608,0.0
609,0.0
610,0.0
611,0.0
612,0.0
613,0.0
614,0.0
615,0.0
616,0.0
617,0.0
618,0.0
619,0.0
620,0.0
621,0.0
622,0.0
623,0.0
624,0.0
625,0.0
626,0.0
627,0.0
628,0.0
629,0.0
630,0.0
631,0.0
632,0.0
633,0.0
634,1.0322040804333261
635,1.6715218749610565
636,0.5879669187044118
637,1.6141870730001568
638,0.6017013567416434
639,1.6821309705671967
640,3.3181135695029043
641,0.16167804736421232
642,0.15159275807627232
643,1.0895957335146347
644,1.867883899211544
645,0.0
646,0.0
647,0.1158335285451878
648,0.14272085099763532
649,0.16169330324545364
650,0.6132833207373521
651,0.11220626771293968
652,0.0
653,0.0
654,0.0
655,0.0
656,0.0
657,0.0
658,0.0
659,0.0
660,0.0
661,0.0
662,0.0
663,0.0
664,0.0
665,0.0
666,0.0
667,0.0
668,0.0
669,0.0
670,0.0
671,0.0
672,0.0
673,0.0
674,0.0
675,0.0
676,0.0
677,0.0
678,0.0
679,0.0
680,0.0
681,0.0
682,0.14500709743290796
683,0.1436934908159142
684,0.0
685,0.0
686,0.0
687,0.0
688,0.0
689,0.0
690,0.0
691,0.0
692,0.0
693,0.0
694,0.0
695,0.0
696,0.0
697,0.0
698,0.0
699,0.0
700,0.0
701,0.0
702,0.0
703,0.0
704,0.0
705,0.0
706,0.0
707,0.0
708,0.0
709,0.0
710,0.0
711,0.0
712,0.0
713,0.0
714,0.0
715,0.0
716,0.0
717,0.0
718,0.0
719,0.0
720,0.0
721,0.0
722,0.0
723,0.0
724,0.0
725,0.0
726,0.0
727,0.0
728,0.0
729,0.0
730,0.0
731,0.0
732,0.0
733,0.0
734,0.0
735,0.0
736,0.0
737,0.0
738,0.0
739,0.0
740,0.0
741,0.0
742,0.0
743,0.0
744,0.0
745,0.0
746,0.0
747,0.0
748,0.0
749,0.0
750,0.0
751,0.0
752,0.0
753,0.0
754,0.0
755,0.0
756,0.0
757,0.0
758,0.0
759,0.0
760,0.0
761,0.0
762,0.0
763,0.0
764,0.0
765,0.0
766,0.0
767,0.0
768,0.0
769,0.0
770,0.0
771,0.0
772,0.0
773,0.0
774,0.0
775,0.0
776,0.0
777,0.15222907128670832
778,0.0
779,0.0
780,0.0
781,0.0
782,0.0
783,0.11093533963495403
784,0.5688841240721593
785,0.0
786,0.0
787,0.0
788,0.0
789,0.0
790,0.0
791,0.12745358939794696
792,0.0
793,0.0
794,0.0
795,0.0
796,0.0
797,0.0
798,0.0
799,0.0
800,0.0
801,0.0
802,0.12065201567903097
803,0.10695286243124635
804,0.0
805,0.1506173012518672
806,0.0
807,0.0
808,0.0
809,0.0
810,0.0
811,0.0
812,0.0
813,0.0
814,0.0
815,0.0
816,0.0
817,0.0
818,0.0
819,0.0
820,0.0
821,0.0
822,0.0
823,0.0
824,0.0
825,0.0
826,0.0
827,0.0
828,0.0
829,0.0
830,0.0
831,0.0
832,0.0
833,0.0
834,0.0
835,0.0
836,0.0
837,0.0
838,0.0
839,0.0
840,0.0
841,0.0
842,0.0
843,0.0
844,0.0
845,0.0
846,0.0
847,0.0
848,0.0
849,0.0
850,0.0
851,0.0
852,1.0160176443327176
853,0.0
854,0.0
855,0.0
856,0.0
857,0.0
858,0.0
859,0.0
860,0.0
861,0.0
862,0.0
863,0.0
864,0.0
865,0.12981159683926022
866,0.11906672904300505
867,0.12732237961044524
868,0.13786021828424574
869,0.0
870,0.15211523589294992
871,0.1518122346035149
872,0.12176016674392554
873,0.14614761934867615
874,0.0
875,0.0
876,0.1072723205131153
877,0.12527784113368515
878,0.140806665485946
879,0.1535763184475748
880,0.15178893195067814
881,0.10585672255363746
882,0.1469003357139349
883,0.10855576290997365
884,0.0
885,0.0
886,0.0
887,0.0
888,0.0
889,0.0
890,0.0
891,0.0
892,0.0
893,0.0
894,0.0
895,0.0
896,0.0
897,0.0
898,0.0
899,0.0
900,0.10572619009889923
901,1.694944930309593
902,0.10555348991513179
903,0.0
904,0.0
905,0.1615519385663859
906,0.0
907,0.0
908,0.0
909,0.0
910,0.0
911,0.0
912,0.0
913,0.0
914,0.0
915,0.0
916,0.0
917,0.0
918,0.0
919,0.0
920,0.0
921,0.12153438280402386
922,0.12268964787816426
923,0.0
924,0.0
925,0.6136822901064877
926,0.1395499794586467
927,0.0
928,0.10608397305407208
929,0.0
930,0.0
931,0.0
932,0.0
933,0.130832692267319
934,0.13804466666695722
935,0.0
936,0.0
937,0.0
938,0.0
939,0.0
940,0.0
941,0.0
942,0.0
943,0.0
944,0.0
945,0.0
946,0.0
947,0.0
948,0.0
949,0.0
950,0.0
951,0.0
952,0.0
953,0.0
954,0.0
955,0.0
956,0.0
957,0.0
958,0.0
959,0.0
960,0.0
961,0.0
962,0.0
963,0.0
964,0.0
965,0.0
966,0.0
967,0.0
968,0.0
969,0.0
970,0.0
971,0.0
972,0.0
973,0.0
974,0.0
975,0.0
976,0.0
977,0.0
978,0.0
979,0.0
980,0.0
981,0.0
982,0.0
983,0.0
984,0.0
985,0.0
986,0.0
987,0.0
988,0.0
989,0.0
990,0.0
991,0.0
992,0.0
993,0.0
994,0.0
995,0.0
996,0.0
997,0.0
998,0.0
999,0.0
1000,0.0
1001,0.0
1002,0.0
1003,0.0
1004,0.0
1005,0.0
1006,0.0
1007,0.0
1008,0.0
1009,0.0
1010,0.0
1011,0.0
1012,0.0
1013,0.0
1014,0.0
1015,0.0
1016,0.0
1017,0.0
1018,0.14828963886629776
1019,0.10645869543684783
1020,0.1350482503088222
1021,0.13666809558163515
1022,0.0
1023,0.0
1024,0.0
1025,0.0
1026,0.0
1027,0.0
1028,0.0
1029,0.0
1030,0.0
1031,0.0
1032,0.0
1033,0.0
1034,0.0
1035,0.0
1036,0.0
1037,0.0
1038,0.0
1039,0.0
1040,0.0
1041,0.0
1042,0.0
1043,0.13353325614741177
1044,0.14935279698307083
1045,0.13967285701395443
1046,0.1683191467710825
1047,0.17293083719996635
1048,0.0
1049,0.0
1050,0.0
1051,0.0
1052,0.0
1053,0.0
1054,0.0
1055,0.0
1056,0.0
1057,0.0
1058,0.0
1059,0.0
1060,0.0
1061,0.0
1062,0.0
1063,0.0
1064,0.0
1065,0.0
1066,0.0
1067,0.13002244314650424
1068,0.12796321906634428
1069,0.16725717987190505
1070,0.6247569558451986
1071,0.6381197259942565
1072,0.0
1073,0.0
1074,0.0
1075,0.0
1076,0.0
1077,0.0
1078,0.0
1079,0.0
1080,0.0
1081,0.0
1082,0.0
1083,0.0
1084,0.0
1085,0.0
1086,0.0
1087,0.0
1088,0.0
1089,0.0
1090,0.0
1091,0.0
1092,0.0
1093,0.0
1094,0.0
1095,0.0
1096,0.0
1097,0.0
1098,0.0
1099,0.0
1100,0.0
1101,0.0
1102,0.0
1103,0.0
1104,0.0
1105,0.0
1106,0.0
1107,0.0
1108,0.0
1109,0.0
1110,0.0
1111,0.0
1112,0.0
1113,0.0
1114,0.0
1115,0.10569327732027371
1116,0.11542881091141706
1117,0.14326427416082727
1118,1.7301147480443722
1119,0.11812052773094758
1120,0.0
1121,0.0
1122,0.0
1123,0.0
1124,0.0
1125,0.0
1126,0.0
1127,0.0
1128,0.0
1129,0.0
1130,0.0
1131,0.0
1132,0.0
1133,0.0
1134,0.0
1135,0.0
1136,0.0
1137,0.0
1138,0.0
1139,0.0
1140,0.0
1141,0.0
1142,0.0
1143,0.0
1144,0.0
1145,0.0
1146,0.0
1147,0.0
1148,0.0
1149,0.0
1150,0.0
1151,0.0
1152,0.0
1153,0.0
1154,0.0
1155,0.0
1156,0.0
1157,0.0
1158,0.0
1159,0.0
1160,0.0
1161,0.0
1162,0.0
1163,0.0
1164,0.0
1165,0.12343255262429054
1166,0.0
1167,0.0
1168,0.0
1169,0.0
1170,0.0
1171,0.0
1172,0.0
1173,0.16375679489042697
1174,1.0761399856278957
1175,0.15135047105649146
1176,0.13960932358861028
1177,0.0
1178,0.0
1179,0.0
1180,0.16815043636913152
1181,0.16376399003906564
1182,0.19159549796905592
1183,1.5117662906195248
1184,0.19221356254179178
1185,1.0935529212770625
1186,4.13284844820825
1187,1.6428694861413198
1188,1.6288407982843784
1189,1.7847043037955221
1190,1.1023594518379816
1191,4.130922650550981
1192,0.26770233112861475
1193,0.23507308553418377
1194,0.0
1195,0.0
1196,0.0
1197,0.6359033217491906
1198,0.0
1199,0.0
1200,0.0
1201,0.0
1202,0.0
1203,0.0
1204,0.1673117957040559
1205,0.0
1206,0.0
1207,0.0
1208,0.1446606421250619
1209,0.0
1210,0.0
1211,0.0
1212,0.19260880483566478
1213,0.0
1214,0.14967863313553104
1215,3.011446616557098
1216,0.6314013587121181
1217,1.6876690375509786
1218,4.162368721510494
1219,2.2235658323530276
1220,0.692809237103983
1221,0.6592413645745494
1222,0.6925097179059742
1223,0.2210026312792341
1224,0.6463097267853014
1225,0.0
1226,0.0
1227,0.0
1228,0.0
1229,0.13155937432712228
1230,0.0
1231,0.0
1232,0.0
1233,0.0
1234,0.0
1235,0.0
1236,0.16275729445308826
1237,0.19550064574664724
1238,0.16316524473168462
1239,0.0
1240,0.0
1241,0.0
1242,0.0
1243,0.0
1244,0.0
1245,0.0
1246,0.0
1247,0.0
1248,0.0
1249,0.0
1250,0.0
1251,0.0
1252,0.0
1253,0.0
1254,0.0
1255,0.0
1256,0.0
1257,0.0
1258,0.0
1259,0.0
1260,0.0
1261,0.0
1262,0.0
1263,0.0
1264,0.0
1265,0.0
1266,0.0
1267,0.0
1268,0.0
1269,0.0
1270,0.0
1271,0.0
1272,0.0
1273,0.0
1274,0.0
1275,0.0
1276,0.0
1277,0.0
1278,0.0
1279,0.0
1280,0.0
1281,0.0
1282,0.0
1283,0.0
1284,0.0
1285,0.0
1286,0.0
1287,0.0
1288,0.0
1289,0.0
1290,0.0
1291,0.0
1292,0.0
1293,0.0
1294,0.0
1295,0.0
1296,0.0
1297,0.0
1298,0.0
1299,0.0
1300,0.0
1301,0.0
1302,0.0
1303,0.0
1304,0.0
1305,0.0
1306,0.0
1307,0.0
1308,0.0
1309,0.1229911179902317
1310,0.0
1311,0.0
1312,0.0
1313,0.0
1314,0.0
1315,0.0
1316,0.0
1317,0.0
1318,0.0
1319,0.0
1320,0.0
1321,0.0
1322,0.0
1323,0.0
1324,0.0
1325,0.0
1326,0.0
1327,0.0
1328,0.0
1329,0.0
1330,0.0
1331,0.0
1332,0.13361237616898725
1333,0.16223519283370708
1334,0.1671944289250336
1335,0.1530234535874775
1336,0.0
1337,0.14118324396929638
1338,0.0
1339,0.0
1340,0.0
1341,0.0
1342,0.0
1343,0.0
1344,0.0
1345,0.0
1346,0.0
1347,0.0
1348,0.0
1349,0.0
1350,0.0
1351,0.0
1352,0.0
1353,0.0
1354,0.0
1355,0.0
1356,0.0
1357,0.0
1358,0.0
1359,0.0
1360,0.0
1361,0.0
1362,0.0
1363,0.0
1364,0.0
1365,0.0
1366,0.0
1367,0.0
1368,0.0
1369,0.0
1370,0.0
1371,0.0
1372,0.0
1373,0.0
1374,0.0
1375,0.0
1376,0.0
1377,0.0
1378,0.0
1379,0.0
1380,0.0
1381,0.0
1382,0.0
1383,0.0
1384,0.0
1385,0.0
1386,0.0
1387,0.0
1388,0.0
1389,0.0
1390,0.0
1391,0.0
1392,0.0
1393,0.0
1394,0.0
1395,0.0
1396,0.0
1397,0.0
1398,0.0
1399,0.0
1400,0.0
1401,0.0
1402,0.0
1403,0.0
1404,0.0
1405,0.0
1406,0.0
1407,0.0
1408,0.0
1409,0.0
1410,0.0
1411,0.0
1412,0.0
1413,0.0
1414,0.0
1415,0.0
1416,0.0
1417,0.0
1418,0.0
1419,0.0
1420,0.0
1421,0.0
1422,0.0
1423,0.0
1424,0.0
1425,0.0
1426,0.0
1427,0.0
1428,0.14212368069516668
1429,0.16811768752463385
1430,0.16771511880356318
1431,0.0
1432,0.0
1433,0.0
1434,0.0
1435,0.0
1436,0.0
1437,0.0
1438,0.0
1439,0.0
1440,0.0
1441,0.0
1442,0.0
1443,0.0
1444,0.0
1445,0.0
1446,0.0
1447,0.0
1448,0.0
1449,0.15771506475420152
1450,0.15976824946946797
1451,0.15564267890626482
1452,0.0
1453,0.14939814784260744
1454,0.0
1455,0.0
1456,0.0
1457,0.0
1458,0.0
1459,0.0
1460,0.0
1461,0.0
1462,0.0
1463,0.0
1464,0.0
1465,0.0
1466,0.0
1467,0.0
1468,0.0
1469,0.0
1470,0.0
1471,0.0
1472,0.0
1473,0.0
1474,0.0
1475,0.0
1476,0.0
1477,0.0
1478,0.0
1479,0.0
1480,0.0
1481,0.0
1482,0.0
1483,0.0
1484,0.0
1485,0.0
1486,0.0
1487,0.0
1488,0.0
1489,0.0
1490,0.0
1491,0.0
1492,0.0
1493,0.0
1494,0.0
1495,0.0
1496,0.0
1497,0.0
1498,0.0
1499,0.13101464232610305
1500,0.1644541751105208
1501,0.17917645966523413
1502,0.12766948408518333
1503,0.0
1504,0.0
1505,0.0
1506,0.0
1507,0.0
1508,0.0
1509,0.0
1510,0.0
1511,0.0
1512,0.0
1513,0.0
1514,0.0
1515,0.0
1516,0.0
1517,0.0
1518,0.0
1519,0.0
1520,0.0
1521,0.0
1522,0.0
1523,0.0
1524,0.15249546385428073
1525,0.0
1526,0.0
1527,0.0
1528,0.0
1529,0.0
1530,0.0
1531,0.0
1532,0.0
1533,0.0
1534,0.0
1535,0.0
1536,0.0
1537,0.0
1538,0.0
1539,0.0
1540,0.0
1541,0.0
1542,0.0
1543,0.0
1544,0.0
1545,0.0
1546,0.0
1547,0.0
1548,0.0
1549,0.0
1550,0.0
1551,0.0
1552,0.0
1553,0.0
1554,0.0
1555,0.0
1556,0.0
1557,0.0
1558,0.0
1559,0.0
1560,0.0
1561,0.0
1562,0.0
1563,0.0
1564,0.0
1565,0.0
1566,0.0
1567,0.0
1568,0.0
1569,0.0
1570,0.0
1571,0.0
1572,0.0
1573,0.0
1574,0.0
1575,0.13107767802150397
1576,0.0
1577,0.0
1578,0.0
1579,0.0
1580,0.0
1581,0.0
1582,0.0
1583,0.0
1584,0.0
1585,0.0
1586,0.0
1587,0.0
1588,0.0
1589,0.0
1590,0.0
1591,0.0
1592,0.0
1593,0.0
1594,0.0
1595,0.09782054235493454
1596,0.14168543124095653
1597,0.15095433569786595
1598,0.18654816713454953
1599,0.15299434129326733
1600,0.13030021971234756
1601,0.13420612180669222
1602,0.10688621213707296
1603,0.0
1604,0.0
1605,0.0
1606,0.0
1607,0.0
1608,0.0
1609,0.0
1610,0.0
1611,0.0
1612,0.0
1613,0.0
1614,0.0
1615,0.0
1616,0.0
1617,0.0
1618,0.16163534328493123
1619,0.1998801780355162
1620,0.1480901757397917
1621,0.14372152906805996
1622,0.19575862249711867
1623,0.1345049985236281
1624,0.0
1625,0.0
1626,0.0
1627,0.0
1628,0.0
1629,0.0
1630,0.0
1631,0.0
1632,0.0
1633,0.0
1634,0.0
1635,0.0
1636,0.0
1637,0.0
1638,0.0
1639,0.0
1640,0.0
1641,0.0
1642,0.15947017305597494
1643,0.17410888572171015
1644,0.6503091459212921
1645,0.6425538910727938
1646,0.6339982912311107
1647,0.6282427168527265
1648,0.11836154519496798
1649,0.0
1650,0.0
1651,0.0
1652,0.0
1653,0.0
1654,0.0
1655,0.0
1656,0.0
1657,0.0
1658,0.0
1659,0.0
1660,0.0
1661,0.0
1662,0.0
1663,0.0
1664,0.0
1665,0.0
1666,0.0
1667,0.0
1668,0.0
1669,0.0
1670,0.0
1671,0.0
1672,0.0
1673,0.0
1674,0.0
1675,0.0
1676,0.0
1677,0.0
1678,0.0
1679,0.0
1680,0.0
1681,0.0
1682,0.0
1683,0.0
1684,0.0
1685,0.0
1686,0.0
1687,0.0
1688,0.0
1689,0.0
1690,0.0
1691,0.16105866838932498
1692,0.0
1693,0.0
1694,0.0
1695,0.0
1696,0.0
1697,0.0
1698,0.0
1699,0.0
1700,0.0
1701,0.0
1702,0.0
1703,0.0
1704,0.0
1705,0.0
1706,0.0
1707,0.0
1708,0.0
1709,0.10754225608865252
1710,0.123554791659719
1711,0.11055222378668043
1712,0.14844280767793747
1713,0.13247932835270468
1714,0.11831912415366462
1715,0.5658633647483879
1716,3.6385409793178685
1717,3.6386904416979102
1718,1.6210312872101995
1719,0.1238828161798731
1720,0.13745380392634973
1721,0.0
1722,0.0
1723,0.0
1724,0.0
1725,0.0
1726,0.0
1727,0.0
1728,0.0
1729,0.0
1730,0.0
1731,0.0
1732,0.0
1733,0.0
1734,0.0
1735,0.0
1736,0.0
1737,0.0
1738,0.0
1739,0.0
1740,0.0
1741,0.0
1742,0.0
1743,0.0
1744,0.0
1745,0.0
1746,0.0
1747,0.0
1748,0.0
1749,0.0
1750,0.0
1751,0.0
1752,0.0
1753,0.0
1754,0.0
1755,0.0
1756,0.0
1757,0.0
1758,0.0
1759,0.0
1760,0.0
1761,0.0
1762,0.0
1763,0.0
1764,0.12266569684807027
1765,0.1543357540128621
1766,0.6221131384383367
1767,0.16537310994020446
1768,0.13973697022061307
1769,0.0
1770,0.0
1771,0.0
1772,0.0
1773,0.0
1774,0.0
1775,0.0
1776,0.0
1777,0.0
1778,0.0
1779,0.0
1780,0.0
1781,0.0
1782,0.0
1783,0.0
1784,0.0
1785,0.0
1786,0.0
1787,0.0
1788,0.0
1789,0.15794892109318207
1790,0.16342875766667087
1791,0.6388061952043462
1792,0.17057811168664547
1793,0.0
1794,0.0
1795,0.0
1796,0.0
1797,0.0
1798,0.0
1799,0.0
1800,0.0
1801,0.0
1802,0.0
1803,0.0
1804,0.0
1805,0.0
1806,0.0
1807,0.0
1808,0.0
1809,0.0
1810,0.0
1811,0.1233897023884374
1812,0.13535193273577634
1813,0.16503048187788452
1814,0.1390747946545141
1815,0.0
1816,0.0
1817,0.0
1818,0.0
1819,0.0
1820,0.0
1821,0.0
1822,0.0
1823,0.0
1824,0.0
1825,0.0
1826,0.0
1827,0.0
1828,0.0
1829,0.0
1830,0.0
1831,0.0
1832,0.0
1833,0.0
1834,0.0
1835,0.0
1836,0.0
1837,0.0
1838,0.0
1839,0.13154561089943234
1840,0.17415212600686703
1841,0.0
1842,0.0
1843,0.0
1844,0.0
1845,0.0
1846,0.0
1847,0.0
1848,0.0
1849,0.0
1850,0.0
1851,0.0
1852,0.0
1853,0.0
1854,0.0
1855,0.0
1856,0.0
1857,0.0
1858,0.0
1859,0.0
1860,0.0
1861,0.0
1862,0.0
1863,0.0
1864,0.0
1865,0.0
1866,0.0
1867,0.0
1868,0.0
1869,0.0
1870,0.0
1871,0.0
1872,0.0
1873,0.0
1874,0.0
1875,0.0
1876,0.0
1877,0.0
1878,0.0
1879,0.0
1880,0.0
1881,0.0
1882,0.0
1883,0.0
1884,0.0
1885,0.0
1886,0.0
1887,0.0
1888,0.0
1889,0.0
1890,0.0
1891,0.0
1892,0.0
1893,0.0
1894,0.0
1895,0.0
1896,0.0
1897,0.0
1898,0.0
1899,0.0
1900,0.0
1901,0.0
1902,0.0
1903,0.0
1904,0.0
1905,0.0
1906,0.0
1907,0.0
1908,0.0
1909,0.0
1910,0.0
1911,0.0
1912,0.0
1913,0.0
1914,0.0
1915,0.0
1916,0.0
1917,0.0
1918,0.0
1919,0.0
1920,0.0
1921,0.0
1922,0.0
1923,0.0
1924,0.0
1925,0.0
1926,0.0
1927,0.0
1928,0.0
1929,0.0
1930,0.0
1931,0.0
1932,0.0
1933,0.0
1934,0.0
1935,0.0
1936,0.0
1937,0.0
1938,0.0
1939,0.0
1940,0.0
1941,0.0
1942,0.0
1943,0.0
1944,0.0
1945,0.0
1946,0.0
1947,0.0
1948,0.0
1949,0.0
1950,0.0
1951,0.0
1952,0.0
1953,0.0
1954,0.0
1955,0.0
1956,0.0
1957,0.0
1958,0.0
1959,0.0
1960,0.0
1961,0.0
1962,0.0
1963,0.0
1964,0.0
1965,0.0
1966,0.0
1967,0.0
1968,0.0
1969,0.0
1970,0.0
1971,0.0
1972,0.0
1973,0.0
1974,0.0
1975,0.0
1976,0.0
1977,0.0
1978,0.0
1979,0.13170364396019996
1980,0.10671874355525983
1981,0.11928138071183919
1982,0.15504200973500978
1983,0.0
1984,0.6417222755690989
1985,0.0
1986,0.10150684727412408
1987,0.0
1988,0.0
1989,0.0
1990,0.0
1991,0.0
1992,0.0
1993,0.0
1994,0.0
1995,0.0
1996,0.0
1997,0.0
1998,0.0
1999,0.0
2000,0.0
2001,0.13010844054487958
2002,0.0
2003,0.14225781482365982
2004,0.0
2005,0.0
2006,0.0
2007,0.0
2008,0.0
2009,0.0
2010,0.0
2011,0.0
2012,0.0
2013,0.0
2014,0.0
2015,0.0
2016,0.0
2017,0.0
2018,0.0
2019,0.0
2020,0.0
2021,0.0
2022,0.0
2023,0.0
2024,0.0
2025,0.0
2026,0.0
2027,0.0
2028,0.12734513186447682
2029,0.1071061952310339
2030,0.11344408144607265
2031,0.0
2032,0.0
2033,0.11136632340031805
2034,0.0
2035,0.0
2036,0.0
2037,0.0
2038,0.0
2039,0.0
2040,0.0
2041,0.0
2042,0.0
2043,0.0
2044,0.0
2045,0.0
2046,0.0
2047,0.0
2048,0.0
2049,0.0
2050,0.0
2051,0.0
2052,0.0
2053,0.14964200515628212
2054,0.0
2055,0.0
2056,0.0
2057,0.0
2058,0.0
2059,0.0
2060,0.0
2061,0.0
2062,0.0
2063,0.0
2064,0.0
2065,0.0
2066,0.0
2067,0.0
2068,0.0
2069,0.0
2070,0.0
2071,0.0
2072,0.0
2073,0.0
2074,0.0
2075,0.12029288378794754
2076,0.12639716883579816
2077,0.5986031950643566
2078,0.6213063262075577
2079,0.6005772981991232
2080,0.11878738932023529
2081,0.0
2082,0.0
2083,0.0
2084,0.0
2085,0.0
2086,0.0
2087,0.0
2088,0.0
2089,0.0
2090,0.0
2091,0.0
2092,0.0
2093,0.0
2094,0.0
2095,0.0
2096,0.0
2097,0.0
2098,0.14887801264395864
2099,0.5980865930018532
2100,0.17428289735057054
2101,0.0
2102,0.0
2103,0.0
2104,0.0
2105,0.0
2106,0.0
2107,0.0
2108,0.0
2109,0.0
2110,0.0
2111,0.0
2112,0.0
2113,0.0
2114,0.0
2115,0.0
2116,0.0
2117,0.0
2118,0.0
2119,0.0
2120,0.0
2121,0.0
2122,0.0
2123,0.0
2124,0.12036023346669485
2125,0.12993470893157147
2126,0.0
2127,0.0
2128,0.17829526178253882
2129,0.1556207320679117
2130,0.0
2131,0.0
2132,0.0
2133,0.0
2134,0.0
2135,0.0
2136,0.12568697835839324
2137,0.0
2138,0.0
2139,0.0
2140,0.0
2141,0.0
2142,0.0
2143,0.0
2144,0.0
2145,0.0
2146,0.0
2147,0.1217531618203421
2148,0.0
2149,0.6539310598799237
2150,0.0
2151,0.0
2152,1.127742945897847
2153,0.0
2154,0.0
2155,0.0
2156,0.0
2157,0.0
2158,0.0
2159,0.0
2160,0.0
2161,0.0
2162,0.0
2163,0.0
2164,0.0
2165,0.0
2166,0.0
2167,0.0
2168,0.0
2169,0.0
2170,0.0
2171,0.0
2172,0.0
2173,0.0
2174,0.0
2175,0.0
2176,0.0
2177,0.0
2178,0.0
2179,0.0
2180,0.0
2181,0.0
2182,0.0
2183,0.0
2184,0.0
2185,0.0
2186,0.0
2187,0.0
2188,0.0
2189,0.0
2190,0.0
2191,0.0
2192,0.0
2193,0.0
2194,0.0
2195,0.0
2196,0.0
2197,0.16563675309439294
2198,0.1243109269734101
2199,0.0
2200,0.6362950075499928
2201,0.6059329096293424
2202,0.6143689537926924
2203,4.829210597841591
2204,1.566231799466864
2205,0.0
2206,0.0
2207,0.0
2208,0.0
2209,0.0
2210,0.0
2211,0.0
2212,0.0
2213,0.0
2214,0.0
2215,0.0
2216,0.0
2217,0.11091917517097828
2218,0.12337841485796837
2219,0.1646360899256011
2220,0.17652979960941126
2221,1.388746680531136
2222,0.11310232482857356
2223,0.0
2224,1.0897816577253754
2225,0.15319104304418815
2226,0.18064970240066347
2227,0.13497616872057552
2228,0.0
2229,0.0
2230,0.12218496357017122
2231,0.1550922339191798
2232,0.0
2233,0.14871756113149714
2234,0.1637164150608122
2235,4.743821461784017
2236,9.707873608847686
2237,1.6851433770787128
2238,0.17029902290784493
2239,0.15952010878780826
2240,0.0
2241,0.1565610351430526
2242,0.13551697150670403
2243,0.12830429559917836
2244,0.1607336618575773
2245,0.0
2246,0.0
2247,0.15623290852978403
2248,0.1664570012046793
2249,0.0
2250,0.0
2251,0.0
2252,0.0
2253,0.0
2254,0.0
2255,0.0
2256,0.0
2257,0.0
2258,0.0
2259,0.0
2260,0.0
2261,0.0
2262,0.0
2263,0.0
2264,0.0
2265,0.0
2266,0.0
2267,0.0
2268,0.0
2269,0.0
2270,0.0
2271,0.0
2272,0.0
2273,0.0
2274,0.0
2275,0.0
2276,0.0
2277,0.0
2278,0.0
2279,0.0
2280,0.0
2281,0.0
2282,0.0
2283,0.0
2284,0.0
2285,0.0
2286,0.0
2287,0.0
2288,0.0
2289,0.0
2290,0.0
2291,0.0
2292,0.0
2293,0.5946977982147067
2294,0.18046869156686393
2295,0.5888756430486413
2296,0.0
2297,0.0
2298,0.0
2299,0.0
2300,0.0
2301,0.0
2302,0.0
2303,0.0
2304,0.0
2305,0.0
2306,0.0
2307,0.0
2308,0.0
2309,0.0
2310,0.0
2311,0.0
2312,0.0
2313,0.0
2314,0.0
2315,0.0
2316,0.0
2317,0.0
2318,0.17558607620850067
2319,0.13151694118483623
2320,0.14476658533845008
2321,0.0
2322,0.0
2323,0.0
2324,0.0
2325,0.0
2326,0.0
2327,0.0
2328,0.0
2329,0.0
2330,0.0
2331,0.0
2332,0.0
2333,0.0
2334,0.0
2335,0.0
2336,0.0
2337,0.0
2338,0.0
2339,0.16465169185628883
2340,0.12445386280654194
2341,0.14602807063174508
2342,0.10862594429222469
2343,0.0
2344,0.0
2345,0.0
2346,0.0
2347,0.0
2348,0.0
2349,0.0
2350,0.0
2351,0.0
2352,0.0
2353,0.0
2354,0.0
2355,0.0
2356,0.0
2357,0.0
2358,0.0
2359,0.0
2360,0.0
2361,0.0
2362,0.15875426804134748
2363,0.0
2364,0.0
2365,0.0
2366,0.0
2367,0.0
2368,0.0
2369,0.0
2370,0.0
2371,0.0
2372,0.0
2373,0.0
2374,0.0
2375,0.0
2376,0.0
2377,0.0
2378,0.0
2379,0.0
2380,0.0
2381,0.0
2382,0.0
2383,0.0
2384,0.0
2385,0.0
2386,0.1467010355277555
2387,0.14245878736206602
2388,0.15161830330703144
2389,1.089400501446625
2390,1.6096989938153172
2391,0.5918944023189892
2392,0.0
2393,0.0
2394,0.0
2395,0.0
2396,0.0
2397,0.0
2398,0.0
2399,0.0
2400,0.0
2401,0.0
2402,0.0
2403,0.0
2404,0.0
2405,0.0
2406,0.0
2407,0.0
2408,0.0
2409,0.0
2410,0.0
2411,0.0
2412,0.0
2413,0.0
2414,0.0
2415,0.0
2416,0.0
2417,0.0
2418,0.0
2419,0.0
2420,0.0
2421,0.0
2422,0.0
2423,0.0
2424,0.0
2425,0.0
2426,0.0
2427,0.0
2428,0.0
2429,0.0
2430,0.0
2431,0.0
2432,0.0
2433,0.0
2434,0.0
2435,0.5930211671238663
2436,1.6014683120525637
2437,1.034019506019572
2438,0.8371842639767177
2439,1.2002661488175224
2440,1.586071544162955
2441,0.17764345915804025
2442,1.7065966510663597
2443,0.3596174372067935
2444,1.696095941233509
2445,0.0
2446,0.13451841608759754
2447,0.17849697029388914
2448,0.5974903667096504
2449,1.4123806876738738
2450,0.16631790387766238
2451,0.19759407039249668
2452,0.19030508787127087
2453,0.6260045531036468
2454,0.246479842525009
2455,0.0
2456,0.0
2457,0.2725423770303252
2458,0.6751169974815927
2459,1.730434913843315
2460,4.0276007463166525
2461,4.273296387051608
2462,9.46803085834804
2463,5.125887859948305
2464,0.267152595246894
2465,5.26896931453602
2466,4.919651347443874
2467,4.703857453588896
2468,4.73479722914948
2469,0.22476372781709175
2470,0.24477496572347135
2471,0.27664557010652957
2472,0.29523718628219436
2473,0.2620314242743198
2474,0.0
2475,0.0
2476,0.0
2477,0.0
2478,0.0
2479,0.0
2480,0.0
2481,0.17216703630607255
2482,0.12296418033651325
2483,0.23853986221057052
2484,0.12956977777536752
2485,1.7124725532930247
2486,0.966148138369692
2487,0.8821597179232258
2488,0.4050876659533668
2489,0.31205248508819367
2490,0.2263834401169505
2491,0.1969216413144021
2492,0.21894181122926798
2493,0.0
2494,0.0
2495,0.0
2496,0.0
2497,0.0
2498,0.0
2499,0.0
2500,0.0
2501,0.0
2502,0.0
2503,0.0
2504,0.0
2505,0.10923102042103455
2506,0.0
2507,0.0
2508,0.0
2509,0.0
2510,0.0
2511,0.0
2512,0.0
2513,0.0
2514,0.0
2515,0.0
2516,0.16021598007263083
2517,0.0
2518,0.0
2519,0.0
2520,0.0
2521,0.13901054068689891
2522,0.12661672716879377
2523,0.12230203665340827
2524,0.0
2525,0.1122960554327076
2526,0.13942652471740152
2527,0.1496051135575063
2528,0.1557933427670574
2529,0.0
2530,0.0
2531,0.0
2532,0.0
2533,0.12466305583242199
2534,0.0
2535,0.0
2536,0.0
2537,0.0
2538,0.0
2539,0.0
2540,0.0
2541,0.0
2542,0.6371367415071544
2543,0.11030713007392672
2544,0.0
2545,0.0
2546,0.0
2547,0.0
2548,0.0
2549,0.0
2550,0.0
2551,0.0
2552,0.0
2553,0.0
2554,0.0
2555,0.12163499572654748
2556,0.1094696850839392
2557,0.11850443328427279
2558,0.1316930513636358
2559,0.18922992388478663
2560,0.0
2561,0.12906345369467545
2562,1.8435958199702704
2563,0.0
2564,0.0
2565,0.16780073627979208
2566,0.0
2567,0.0
2568,0.0
2569,0.0
2570,0.0
2571,0.0
2572,0.0
2573,0.0
2574,0.0
2575,0.0
2576,0.0
2577,0.0
2578,0.13611053895397013
2579,0.0
2580,0.0
2581,0.0
2582,0.0
2583,0.0
2584,0.6407745773028577
2585,0.0
2586,0.0
2587,0.0
2588,0.0
2589,0.0
2590,0.0
2591,0.0
2592,0.0
2593,0.0
2594,0.0
2595,0.0
2596,0.0
2597,0.0
2598,0.0
2599,0.0
2600,0.0
2601,0.0
2602,0.0
2603,0.0
2604,0.0
2605,0.0
2606,0.0
2607,0.0
2608,0.0
2609,0.0
2610,0.0
2611,0.0
2612,0.0
2613,0.0
2614,0.0
2615,0.0
2616,0.0
2617,0.0
2618,0.0
2619,0.0
2620,0.0
2621,0.0
2622,0.0
2623,0.0
2624,0.0
2625,0.0
2626,0.0
2627,0.0
2628,0.0
2629,0.0
2630,0.0
2631,0.0
2632,0.0
2633,0.0
2634,0.0
2635,0.0
2636,0.0
2637,0.0
2638,0.0
2639,0.0
2640,0.0
2641,0.0
2642,0.0
2643,0.24195737864603473
2644,0.0
2645,0.0
2646,0.0
2647,0.0
2648,0.0
2649,0.0
2650,0.0
2651,0.0
2652,0.0
2653,0.0
2654,0.0
2655,0.7191080175778433
2656,0.6722902873696459
2657,0.17186056481401793
2658,0.0
2659,0.0
2660,0.0
2661,0.0
2662,0.0
2663,0.0
2664,0.0
2665,0.0
2666,0.0
2667,0.0
2668,0.0
2669,0.0
2670,0.0
2671,0.0
2672,0.0
2673,0.0
2674,0.0
2675,0.0
2676,0.0
2677,0.12875590983657628
2678,0.12386665610051281
2679,0.0
2680,0.0
2681,0.1880854261280907
2682,1.1065645462748717
2683,0.0
2684,0.0
2685,0.0
2686,0.0
2687,0.0
2688,0.0
2689,0.0
2690,0.0
2691,0.0
2692,0.0
2693,0.0
2694,0.0
2695,0.0
2696,0.0
2697,0.0
2698,0.12054393780482371
2699,0.0
2700,0.0
2701,0.0
2702,1.601356979885773
2703,0.16336734154940574
2704,0.0
2705,0.0
2706,1.753897605526015
2707,0.0
2708,0.0
2709,0.10295194079780175
2710,0.0
2711,0.0
2712,0.0
2713,0.0
2714,0.0
2715,0.0
2716,0.0
2717,0.0
2718,0.0
2719,0.0
2720,0.0
2721,0.0
2722,0.0
2723,0.0
2724,3.2084330940920998
2725,1.5396469614367791
2726,0.12326756261631233
2727,0.0
2728,0.0
2729,0.20613971107823542
2730,0.17467884264090014
2731,0.0
2732,0.0
2733,0.12215323283202092
2734,0.13822857753268625
2735,0.0
2736,0.0
2737,0.0
2738,0.0
2739,0.0
2740,0.0
2741,0.0
2742,0.0
2743,0.0
2744,0.0
2745,0.11353790774954925
2746,0.1272594038810386
2747,0.1637146232221478
2748,0.12187566831798777
2749,0.0
2750,0.0
2751,0.0
2752,0.0
2753,0.0
2754,0.0
2755,0.0
2756,0.0
2757,0.0
2758,0.0
2759,0.0
2760,0.0
2761,0.0
2762,0.0
2763,0.0
2764,0.0
2765,0.0
2766,0.0
2767,0.0
2768,0.0
2769,0.12234096267151293
2770,0.17274257952164482
2771,0.6181702522367328
2772,0.5998090649887738
2773,0.11651014884703985
2774,0.0
2775,0.0
2776,0.0
2777,0.0
2778,0.0
2779,0.0
2780,0.0
2781,0.0
2782,0.0
2783,0.0
2784,0.0
2785,0.0
2786,0.0
2787,0.0
2788,0.0
2789,0.0
2790,0.0
2791,0.0
2792,0.0
2793,0.0
2794,0.0
2795,0.0
2796,0.0
2797,0.13372039967241284
2798,0.15750223910825692
2799,0.15848366433510205
2800,0.13466767407053296
2801,0.0
2802,0.0
2803,0.0
2804,0.0
2805,0.0
2806,0.0
2807,0.0
2808,0.0
2809,0.0
2810,0.0
2811,0.0
2812,0.0
2813,0.0
2814,0.0
2815,0.0
2816,0.0
2817,0.0
2818,0.13402593059197787
2819,0.13513819456706477
2820,0.14386006710814475
2821,0.13828475428496614
2822,0.12893192808998807
2823,0.1156372443032188
2824,0.0
2825,0.0
2826,0.0
2827,0.0
2828,0.0
2829,0.0
2830,0.0
2831,0.0
2832,0.0
2833,0.0
2834,0.0
2835,0.0
2836,0.0
2837,0.0
2838,0.0
2839,0.0
2840,0.0
2841,0.0
2842,0.12226131284366493
2843,0.15724339382758326
2844,0.12435264350477279
2845,0.1404433268782616
2846,0.0
2847,0.10488633257437785
2848,0.6223082545674596
2849,3.67972964129579
2850,0.0
2851,0.0
2852,0.0
2853,0.0
2854,0.0
2855,0.709474530854143
2856,0.0
2857,0.0
2858,0.0
2859,0.0
2860,0.0
2861,0.0
2862,0.0
2863,0.0
2864,0.0
2865,0.0
2866,0.0
2867,0.0
2868,0.0
2869,0.0
2870,0.0
2871,0.0
2872,1.600740388223227
2873,0.154675260202774
2874,0.700187856201257
2875,0.21834641357425305
2876,0.19560830641958063
2877,0.0
2878,0.0
2879,0.0
2880,0.0
2881,0.0
2882,0.0
2883,0.0
2884,0.0
2885,0.0
2886,0.0
2887,0.0
2888,0.0
2889,0.1463335269314751
2890,0.1090631299102016
2891,0.1091894373436183
2892,0.09938425447802204
2893,0.0
2894,0.0
2895,0.14885449536991543
2896,0.0
2897,0.0
2898,0.0
2899,0.0
2900,0.0
2901,0.0
2902,0.0
2903,0.0
2904,0.0
2905,0.0
2906,0.0
2907,0.0
2908,0.0
2909,0.0
2910,0.0
2911,0.0
2912,0.1356271210314365
2913,0.12283275582187059
2914,0.0
2915,0.0
2916,0.0
2917,0.12046916693537267
2918,0.13062609971206893
2919,0.0
2920,0.0
2921,0.0
2922,0.0
2923,0.0
2924,0.0
2925,0.0
2926,0.0
2927,0.0
2928,0.0
2929,0.0
2930,0.0
2931,0.0
2932,0.0
2933,0.0
2934,0.0
2935,0.0
2936,0.0
2937,0.0
2938,0.0
2939,0.0
2940,0.0
2941,0.0
2942,0.0
2943,0.0
2944,0.6854427096195163
2945,0.0
2946,0.0
2947,0.1439698535661674
2948,0.0
2949,0.0
2950,0.0
2951,0.0
2952,0.0
2953,0.0
2954,0.0
2955,0.0
2956,0.0
2957,0.0
2958,0.0
2959,0.0
2960,0.0
2961,0.14361432825824041
2962,0.1324360935713011
2963,0.0
2964,1.632250627732218
2965,1.6078898134900215
2966,0.0
2967,0.0
2968,0.0
2969,0.1761280292181982
2970,0.0
2971,0.0
2972,0.0
2973,0.0
2974,0.0
2975,0.13395132208464794
2976,0.0
2977,0.0
2978,0.0
2979,0.0
2980,0.12311858193981476
2981,0.0
2982,0.0
2983,0.0
2984,0.0
2985,0.0
2986,0.0
2987,0.0
2988,0.0
2989,0.0
2990,0.0
2991,0.11883888609249
2992,0.6847896772381947
2993,1.4874534454087827
2994,0.0
2995,0.0
2996,0.0
2997,0.0
2998,0.0
2999,0.0
3000,0.0
3001,0.0
3002,0.0
3003,0.0
3004,0.0
3005,0.0
3006,0.0
3007,0.0
3008,0.0
3009,0.0
3010,0.10028044178020225
3011,0.0
3012,0.0
3013,0.0
3014,0.0
3015,0.0
3016,0.6839922023853527
3017,0.6764872818425438
3018,0.12307610171547938
3019,0.0
3020,0.0
3021,0.0
3022,0.0
3023,0.0
3024,0.0
3025,0.0
3026,0.0
3027,0.0
3028,0.0
3029,0.0
3030,0.0
3031,0.0
3032,0.0
3033,0.0
3034,0.0
3035,0.0
3036,0.0
3037,0.0
3038,0.0
3039,0.0
3040,0.0
3041,0.0
3042,0.0
3043,0.0
3044,0.0
3045,0.15845580268303097
3046,0.0
3047,1.6138371931873743
3048,0.0
3049,0.0
3050,0.0
3051,0.0
3052,0.0
3053,0.0
3054,0.0
3055,0.0
3056,0.0
3057,0.0
3058,0.12188719386104638
3059,0.14958535444961102
3060,0.12502479928474697
3061,0.0
3062,0.0
3063,0.0
3064,1.8734095919920009
3065,0.16966989583045813
3066,0.0
3067,0.0
3068,0.0
3069,0.13694272653715292
3070,0.588713327081163
3071,0.0
3072,0.0
3073,0.0
3074,0.0
3075,0.11383972140292982
3076,0.0
3077,0.0
3078,0.0
3079,0.0
3080,0.0
3081,0.0
3082,0.0
3083,0.0
3084,0.0
3085,0.6485150426362203
3086,0.6247325906457664
3087,0.14680016977251753
3088,0.14773266904144583
3089,3.9242093337412345
3090,0.6545620714602002
3091,1.6095045549205809
3092,3.8681820296734473
3093,3.9716566226729046
3094,1.824867414037717
3095,0.682861007700119
3096,0.0
3097,0.0
3098,0.0
3099,0.0
3100,0.0
3101,0.0
3102,0.0
3103,0.0
3104,0.0
3105,0.12506994404429267
3106,0.14956305927024557
3107,0.0
3108,4.86684543310631
3109,5.159679329149205
3110,0.2336611370177911
3111,0.22131064871710873
3112,1.216977636099013
3113,1.7110978752382893
3114,0.1546146384527844
3115,0.12166214644376047
3116,0.0
3117,0.0
3118,0.0
3119,0.0
3120,0.0
3121,0.0
3122,0.0
3123,0.20908803583439092
3124,0.19259164984125457
3125,0.0
3126,0.0
3127,0.0
3128,0.0
3129,0.0
3130,0.0
3131,0.13616527582728805
3132,0.0
3133,1.7380438034619365
3134,0.10882776084219775
3135,0.0
3136,0.0
3137,0.0
3138,0.0
3139,0.0
3140,0.0
3141,1.1353432791385285
3142,0.13007534673871016
3143,0.0
3144,0.0
3145,0.0
3146,0.0
3147,0.0
3148,0.0
3149,0.0
3150,0.0
3151,0.0
3152,0.0
3153,0.16964919110310164
3154,0.19497724403470518
3155,0.24837277443431016
3156,0.3048950466307682
3157,0.22286426491792669
3158,4.5358680656708685
3159,0.703523302770273
3160,0.1946722776853642
3161,0.22218730926244895
3162,0.19319885040479057
3163,0.6853165909421599
3164,0.1598592450105433
3165,0.0
3166,0.0
3167,0.0
3168,0.0
3169,0.0
3170,0.0
3171,0.0
3172,0.0
3173,0.0
3174,0.0
3175,0.0
3176,0.0
3177,0.13574743367354433
3178,0.0
3179,0.11997899257248465
3180,0.11875182366030473
3181,0.0
3182,0.0
3183,0.0
3184,0.0
3185,0.0
3186,0.0
3187,0.0
3188,0.0
3189,0.0
3190,0.0
3191,0.7426151361229012
3192,0.15140732774352503
3193,0.0
3194,0.0
3195,0.0
3196,0.0
3197,0.0
3198,0.0
3199,0.0
3200,0.0
3201,0.0
3202,0.0
3203,0.0
3204,0.12985681619309927
3205,0.11975186015393736
3206,0.0
3207,0.19597694878652272
3208,0.26797933821645253
3209,0.15577374268960784
3210,0.0
3211,0.0
3212,0.0
3213,0.6683215164711994
3214,4.499998034990316
3215,0.8066508192605133
3216,0.0
3217,0.20443048793580576
3218,1.952372192949396
3219,0.14522404849826706
3220,0.0
3221,0.15336419529201897
3222,1.1302987420284216
3223,0.5962690090916934
3224,0.1422776203293522
3225,0.0
3226,0.0
3227,0.0
3228,0.0
3229,0.0
3230,0.0
3231,0.0
3232,0.0
3233,0.0
3234,0.0
3235,0.0
3236,0.0
3237,0.0
3238,0.0
3239,0.0
3240,0.0
3241,0.1389644317653337
3242,0.12788869541269832
3243,0.12045070691322016
3244,0.15928547677119065
3245,0.16867849052188025
3246,0.12088122720071347
3247,0.0
3248,0.0
3249,0.22564720930123133
3250,0.12532450146217478
3251,0.12247259379670543
3252,0.11015123236871052
3253,0.15192409794567913
3254,0.18977851586975436
3255,9.6119365817423
3256,3.822875413315396
3257,1.6238514928345185
3258,0.6892165078957582
3259,0.14750833996229426
3260,0.0
3261,0.14506577202927032
3262,0.0
3263,0.0
3264,0.0
3265,0.6452550123622733
3266,0.19432199629007396
3267,0.0
3268,0.0
3269,0.0
3270,0.0
3271,0.0
3272,0.14094484220768136
3273,0.17137319293784892
3274,0.0
3275,0.0
3276,0.0
3277,0.0
3278,0.12838802847660558
3279,0.0
3280,0.0
3281,0.14991033204818682
3282,0.15614316846090448
3283,0.0
3284,0.0
3285,0.0
3286,0.0
3287,0.0
3288,0.0
3289,0.0
3290,0.0
3291,3.714870241977248
3292,4.461085585630215
3293,1.9370959579160294
3294,0.1388664878544793
3295,0.0
3296,0.0
3297,0.0
3298,0.0
3299,0.0
3300,0.0
3301,0.0
3302,0.0
3303,0.0
3304,0.0
3305,0.16308114630383816
3306,0.19497751177123115
3307,0.0
3308,0.0
3309,0.17983870241195118
3310,0.0
3311,0.0
3312,0.0
3313,0.0
3314,0.0
3315,1.7367063206799378
3316,0.6127687813383734
3317,0.13485789386208233
3318,0.0
3319,0.0
3320,0.0
3321,0.13111584811359875
3322,0.13399720414055985
3323,0.1276480958003237
3324,0.11193426702843526
3325,4.106619198123462
3326,0.14727255798893724
3327,0.0
3328,0.0
3329,0.0
3330,0.0
3331,0.0
3332,0.0
3333,0.0
3334,0.0
3335,1.8287504308839324
3336,0.15450987727300886
3337,0.0
3338,0.0
3339,0.0
3340,0.0
3341,0.0
3342,0.0
3343,0.0
3344,0.0
3345,0.16422098619899236
3346,0.15058618182098704
3347,0.16820391928106784
3348,0.136473334456264
3349,0.12381896235517735
3350,0.0
3351,0.0
3352,0.0
3353,1.8532794207217007
3354,0.0
3355,0.0
3356,0.0
3357,0.0
3358,0.0
3359,0.0
3360,0.0
3361,0.0
3362,0.0
3363,0.0
3364,0.0
3365,0.0
3366,0.0
3367,0.0
3368,0.0
3369,0.14038889864356774
3370,0.13914999688587049
3371,0.09815549610217914
3372,0.12274928526165778
3373,3.8514706642461127
3374,0.14495787405132887
3375,0.19989679288838408
3376,0.6924521471608666
3377,0.15012989981753266
3378,0.15090926569258553
3379,0.0
3380,0.0
3381,0.16034191897435138
3382,0.0
3383,0.0
3384,0.0
3385,0.0
3386,0.0
3387,0.0
3388,0.0
3389,0.0
3390,0.0
3391,0.0
3392,0.0
3393,0.0
3394,0.11444993889582102
3395,0.09262904247882155
3396,0.12023704996188811
3397,0.0
3398,0.648853045061132
3399,1.843151523714437
3400,0.17207717133076758
3401,0.14821804860398377
3402,0.0
3403,0.0
3404,0.0
3405,0.0
3406,0.0
3407,0.0
3408,0.0
3409,0.0
3410,0.0
3411,0.0
3412,0.0
3413,0.0
3414,0.0
3415,0.0
3416,0.1342569258532656
3417,0.13300609168202562
3418,0.0
3419,0.11604912727113695
3420,0.147225418787569
3421,0.0
3422,0.1610090012946288
3423,0.13190028567969142
3424,3.890417439776698
3425,1.294075710128415
3426,1.1511596263640314
3427,0.0
3428,0.6770296036414162
3429,0.0
3430,0.0
3431,0.0
3432,0.0
3433,0.0
3434,0.0
3435,0.0
3436,0.0
3437,0.0
3438,0.0
3439,0.0
3440,0.0
3441,0.1333598747250642
3442,0.1200229140610275
3443,0.10810465422324123
3444,0.14057370341805486
3445,0.0
3446,0.12266795175090271
3447,1.733952587898936
3448,0.0
3449,0.0
3450,0.0
3451,0.6124766581979237
3452,2.936395309129455
3453,4.393402656629265
3454,2.0668095170857734
3455,0.15590566345405982
3456,0.10919394838800464
3457,0.10702348805197436
3458,0.0
3459,0.0
3460,0.0
3461,0.0
3462,0.0
3463,0.0
3464,0.0
3465,0.0
3466,0.0
3467,0.0
3468,0.0
3469,0.0
3470,0.0
3471,4.314704560182933
3472,0.1900399072837598
3473,0.23376114546820415
3474,4.065327701677455
3475,4.679849367143671
3476,0.15875381174116884
3477,4.371806198564184
3478,3.954766751092828
3479,0.0
3480,0.0
3481,0.0
3482,0.0
3483,0.0
3484,0.0
3485,0.0
3486,0.0
3487,0.0
3488,0.0
3489,0.0
3490,0.0
3491,0.13085256106678095
3492,0.12277477584315484
3493,0.0
3494,0.12222578015645616
3495,0.18993398952467905
3496,0.13800904316147738
3497,0.0
3498,1.1285581793655992
3499,1.03604307674156
3500,0.13332705193553965
3501,0.1760594115773564
3502,0.14268266372544197
3503,0.0
3504,0.0
3505,0.0
3506,0.0
3507,0.0
3508,0.0
3509,0.0
3510,0.0
3511,0.0
3512,0.0
3513,0.11739744692290921
3514,0.0
3515,0.0
3516,0.0
3517,0.0
3518,0.0
3519,0.0
3520,2.061043332727769
3521,0.16396748319390025
3522,0.0
3523,0.0
3524,0.6595904780615058
3525,0.6571294063501073
3526,1.8761585768546143
3527,0.6475733320789542
3528,0.1596698200487015
3529,0.16076560177499127
3530,0.0
3531,0.1667381685022793
3532,0.0
3533,0.0
3534,0.0
3535,0.0
3536,0.0
3537,0.0
3538,0.0
3539,0.0
3540,0.0
3541,0.0
3542,0.19470088392315094
3543,0.22274705092359778
3544,0.14190629121539977
3545,0.0
3546,0.0
3547,0.0
3548,0.0
3549,0.0
3550,0.0
3551,0.0
3552,0.0
3553,0.0
3554,0.0
3555,0.0
3556,0.0
3557,0.0
3558,0.0
3559,0.0
3560,0.19090754388262837
3561,0.15855913062713053
3562,0.0
3563,0.0
3564,0.0
3565,0.0
3566,0.0
3567,0.0
3568,0.11498709699375649
3569,0.0
3570,0.0
3571,0.0
3572,0.0
3573,0.0
3574,0.0
3575,0.0
3576,0.0
3577,0.0
3578,0.0
3579,0.19990749173460046
3580,0.1686380103535452
3581,0.0
3582,0.13513833086023205
3583,0.14136369748962244
3584,0.16720926577850184
3585,0.0
3586,0.0
3587,0.0
3588,0.0
3589,0.0
3590,0.1819639088891378
3591,0.13594218397039712
3592,0.0
3593,0.19891753771103923
3594,0.2597584065314037
3595,0.18875857704518983
3596,0.1567460008479813
3597,0.0
3598,0.19704798821606964
3599,0.19031325910144645
3600,0.0
3601,0.0
3602,0.35705934462172123
3603,0.26521999804336266
3604,0.178333138885296
3605,0.0
3606,0.18891742845404957
3607,0.2779859635718858
3608,0.1191314905186786
3609,0.6743518798373351
3610,0.13203620978298036
3611,0.0
3612,0.18434383243021085
3613,0.0
3614,0.0
3615,0.0
3616,0.0
3617,0.0
3618,0.0
3619,0.0
3620,0.0
3621,0.0
3622,0.16526120510661096
3623,0.0
3624,0.0
3625,0.0
3626,0.0
3627,0.0
3628,0.0
3629,0.19029314779028755
3630,0.0
3631,0.0
3632,0.0
3633,0.14390780359339958
3634,0.13247451525423407
3635,0.6557424138553026
3636,0.16685611584412735
3637,0.0
3638,0.8545285192065346
3639,0.16960830841401994
3640,0.0
3641,0.16182709570729112
3642,0.0
3643,0.0
3644,0.0
3645,0.0
3646,0.0
3647,0.0
3648,0.0
3649,0.2505291359722919
3650,0.1960411178557076
3651,0.1837066262735545
3652,0.23771669907742987
3653,0.0
3654,0.1341631374039775
3655,0.15382426764001103
3656,3.9859324939979803
3657,0.23786288760694946
3658,3.5033656539333475
3659,0.25113361556949315
3660,0.1400636336939434
3661,0.14793088609942506
3662,0.20438523336744088
3663,0.25557717341032654
3664,1.765535270502231
3665,0.0
3666,4.060864218516988
3667,1.183714678736956
3668,4.134380877258473
3669,0.0
3670,0.0
3671,0.0
3672,0.0
3673,0.0
3674,0.0
3675,0.0
3676,0.0
3677,0.0
3678,0.0
3679,0.0
3680,0.0
3681,0.1605723523668912
3682,0.1786967123355726
3683,1.6723825776503343
3684,0.14705873052034854
3685,1.894705808185847
3686,0.6845242065855104
3687,0.0
3688,0.17738413351083837
3689,0.0
3690,0.0
3691,0.4275350812569926
3692,3.8508885233263968
3693,0.0
3694,0.12191231554477758
3695,0.10913274683714456
3696,0.0
3697,0.0
3698,0.0
3699,0.1393515766298761
3700,0.0
3701,0.0
3702,0.0
3703,0.0
3704,0.0
3705,0.1585818788914933
3706,0.11699851945762606
3707,0.0
3708,0.0
3709,0.0
3710,0.0
3711,0.7113596733683456
3712,0.18222548176190131
3713,0.0
3714,0.0
3715,0.15068837969027354
3716,0.18347647214906185
3717,0.0
3718,0.0
3719,0.13436887091693941
3720,0.0
3721,0.0
3722,0.0
3723,0.0
3724,0.0
3725,0.0
3726,0.0
3727,0.0
3728,0.0
3729,0.0
3730,0.1082290043906008
3731,0.08316437146384703
3732,0.14375493680925824
3733,0.19461750483238113
3734,3.913834843804164
3735,4.968462532748659
3736,0.1526535621250754
3737,0.137142265028116
3738,0.0
3739,0.0
3740,0.15888449794434872
3741,3.5244422884316973
3742,0.0
3743,0.0
3744,0.0
3745,0.0
3746,0.1586127667274707
3747,4.40941400545174
3748,0.7210012968602407
3749,0.13382833511793005
3750,0.0
3751,0.0
3752,0.0
3753,0.0
3754,0.11588118186539643
3755,0.10929021112504113
3756,0.11158935474492239
3757,0.10779312099859172
3758,0.10408513724137
3759,0.6228718255055037
3760,0.0
3761,0.16021336250566393
3762,0.0
3763,0.11721488768022968
3764,0.18032526008992933
3765,1.49398858374768
3766,0.13818444295602325
3767,0.1784133698544887
3768,0.0
3769,0.0
3770,0.0
3771,0.0
3772,0.0
3773,0.0
3774,0.0
3775,0.0
3776,0.0
3777,0.13613908961743013
3778,0.12356516225441168
3779,0.09655624700422201
3780,0.09915696620289215
3781,0.11149363842867656
3782,0.1544853012477225
3783,0.0
3784,1.0906528518905676
3785,3.7473194485258383
3786,1.733202456046551
3787,0.13958420038252883
3788,0.0
3789,0.0
3790,0.0
3791,0.0
3792,0.0
3793,0.0
3794,0.0
3795,0.0
3796,1.8935773810202416
3797,0.17512923221754242
3798,0.1363818191816151
3799,0.0
3800,0.0
3801,0.18715055808666217
3802,0.11369361305479542
3803,0.0
3804,0.0
3805,0.0
3806,0.0
3807,0.19322456339727373
3808,1.8346548395307265
3809,0.6185739060574732
3810,3.8963268185893116
3811,0.18451904310336426
3812,0.10962662204816355
3813,0.14139501537952098
3814,0.0
3815,0.0
3816,0.0
3817,0.13391742890380073
3818,0.6516098761980602
3819,0.1733654162508271
3820,0.3124377037978023
3821,0.21739542182059268
3822,0.0
3823,0.0
3824,0.0
3825,0.11863440963519412
3826,0.0
3827,0.0
3828,0.0
3829,0.15467069382786536
3830,0.0
3831,0.6968097496040095
3832,1.801035496135441
3833,2.0210358592899973
3834,3.906641137860345
3835,0.22376069759950318
3836,0.16890050171327775
3837,0.8156792558325426
3838,0.19294062480274585
3839,0.1115596705201647
3840,0.12166087763555446
3841,0.0
3842,0.661818507371492
3843,0.18870172498105692
3844,1.6699422838546152
3845,0.16917485473846788
3846,0.0
3847,0.15160869340050723
3848,0.22117226204722873
3849,0.25249490898904325
3850,0.7960981918655442
3851,0.19814075384407032
3852,0.32134020652191514
3853,0.19039239864293242
3854,0.23071783158652437
3855,0.22617507717642626
3856,0.6867542432796161
3857,0.6891660227733343
3858,1.8776530778471747
3859,4.87401694767054
3860,0.6653688910744008
3861,0.3144149808197208
3862,0.742632559834737
3863,0.0
3864,0.7893853186550294
3865,1.9272283098866316
3866,0.2245660317637802
3867,0.7124944457502279
3868,0.146274839388932
3869,0.23526419982538554
3870,1.7886002888951416
3871,0.307564012014729
3872,1.169905461383252
3873,0.7398001886249147
3874,1.9060732196378984
3875,0.7276579294819268
3876,0.25794508363173646
3877,1.14443861396259
3878,0.7739309915517234
3879,0.3096075523734703
3880,0.3051500604540418
3881,0.3306287494899915
3882,0.25845084362000303
3883,0.0
3884,0.3112227136005869
3885,0.2030626358711091
3886,0.24448274561387706
3887,1.1476549602891093
3888,0.127749939690913
3889,0.16441389790358174
3890,0.0
3891,0.0
3892,0.0
3893,0.0
3894,0.0
3895,0.0
3896,0.2489836275341484
3897,0.14295636169677103
3898,0.07812431123059171
3899,0.16102749148350765
3900,0.11681374146031648
3901,0.11181765250368349
3902,1.6575988662163244
3903,0.22794595035731063
3904,1.7128625354586642
3905,1.174601574902889
3906,0.21639595178873683
3907,0.2197203190719547
3908,0.22014672723980297
3909,0.21786951618509567
3910,0.18725693593041853
3911,0.17077620720332726
3912,0.0
3913,0.0
3914,0.22010067990996596
3915,0.16020333044354865
3916,0.0
3917,0.0
3918,0.0
3919,0.13594128896864457
3920,0.16092422733384149
3921,0.2117653441369664
3922,0.6195018046778978
3923,0.10752493263065876
3924,0.678129177218812
3925,0.12889790720889346
3926,0.0
3927,0.0
3928,1.1392300428579565
3929,0.6711843297248915
3930,0.0
3931,0.0
3932,0.0
3933,0.14811626997438054
3934,0.13729144948437635
3935,0.1348220919217594
3936,0.0
3937,0.0
3938,0.13776504974684778
3939,0.13243879607380882
3940,0.0
3941,0.0
3942,0.14796703373610243
3943,0.0
3944,0.16848118229770162
3945,0.18420681279013446
3946,0.12659724693718283
3947,0.11522370855167538
3948,0.0
3949,0.0
3950,0.0
3951,0.0
3952,0.0
3953,0.13321425781930568
3954,0.0
3955,0.0
3956,0.0
3957,0.0
3958,0.0
3959,0.0
3960,0.0
3961,0.0
3962,0.0
3963,0.0
3964,0.0
3965,0.0
3966,0.0
3967,0.0
3968,0.0
3969,0.0
3970,0.13951335764221862
3971,0.11601984922363796
3972,0.0
3973,1.6501566085889028
3974,1.4969691826672071
3975,3.502236922870456
3976,2.3062563453254805
3977,0.21637944991172037
3978,2.342614971166744
3979,1.6752664403300126
3980,0.0
3981,0.0
3982,0.1578285420778378
3983,0.15043792955748175
3984,0.13084084014242237
3985,0.1623543171368642
3986,0.0
3987,0.0
3988,0.0
3989,1.9767473286141644
3990,0.213883065681274
3991,0.0
3992,0.0
3993,0.1688479393883235
3994,0.13466790794265956
3995,0.136665046432527
3996,0.23180125709454408
3997,3.862972134560772
3998,1.4766966476239778
3999,0.0
4000,0.0
4001,0.0
4002,0.0
4003,0.0
4004,0.0
4005,0.0
4006,0.0
4007,0.0
4008,0.14464058170224847
4009,7.755410712847237
4010,0.0
4011,3.6875280579282332
4012,0.6870789817463138
4013,0.0
4014,0.0
4015,0.0
4016,0.0
4017,0.1274645072621987
4018,0.0
4019,0.0
4020,0.0
4021,0.12812018998223468
4022,0.1371314347475693
4023,0.0
4024,0.0
4025,0.0
4026,0.0
4027,0.0
4028,0.0
4029,0.0
4030,0.0
4031,0.0
4032,0.0
4033,0.0
4034,0.0
4035,0.0
4036,0.0
4037,0.0
4038,0.0
4039,0.0
4040,0.0
4041,0.0
4042,0.12444873345813261
4043,0.0
4044,0.10488864066958982
4045,0.0
4046,0.0
4047,0.13364080340054463
4048,0.1698806057778935
4049,0.14340508084355008
4050,0.0
4051,0.0
4052,0.0
4053,0.0
4054,0.0
4055,0.0
4056,0.0
4057,0.0
4058,0.0
4059,0.0
4060,0.0
4061,0.0
4062,0.0
4063,0.0
4064,0.0
4065,0.0
4066,0.0
4067,0.0
4068,0.1012498897356738
4069,0.1090596337135371
4070,0.0
4071,0.0
4072,0.0
4073,0.15131933445895482
4074,0.1733593617765904
4075,0.0
4076,0.14237586859023466
4077,0.6803328666620926
4078,0.24975733685711993
4079,0.0
4080,0.0
4081,0.0
4082,0.0
4083,0.0
4084,0.0
4085,0.0
4086,0.0
4087,0.0
4088,0.0
4089,0.0
4090,0.1175881964618008
4091,0.10699267461972228
4092,0.1085641860619097
4093,0.0
4094,0.15513092471534767
4095,4.098747681264459
4096,0.14600664912210662
4097,0.0
4098,0.0
4099,1.7411289580050309
4100,0.0
4101,0.1536287682710946
4102,0.0
4103,0.0
4104,0.0
4105,0.0
4106,0.0
4107,0.0
4108,0.0
4109,0.0
4110,0.0
4111,0.0
4112,0.0
4113,0.130655888665219
4114,0.11205199129479414
4115,0.11245134435005331
4116,0.13503738196545953
4117,0.0
4118,0.0
4119,0.0
4120,0.23964762438517526
4121,1.987404029035408
4122,0.1559095301858568
4123,0.7033784994005532
4124,1.8037136470511788
4125,1.8690265980297052
4126,0.17106987002741486
4127,0.0
4128,0.0
4129,0.0
4130,0.0
4131,0.0
4132,0.0
4133,0.0
4134,0.0
4135,0.0
4136,0.0
4137,0.0
4138,0.0
4139,0.0
4140,0.0
4141,0.0
4142,0.0
4143,0.0
4144,0.6343700194317522
4145,0.8581448406669056
4146,0.7574159377314285
4147,1.1490353205136001
4148,0.1738599792543602
4149,0.1802126239573715
4150,0.15749095736410212
4151,0.0
4152,0.0
4153,0.0
4154,0.0
4155,0.0
4156,0.0
4157,0.0
4158,0.0
4159,0.0
4160,0.0
4161,0.0
4162,0.0
4163,0.0
4164,0.13642668771447997
4165,0.16780560758385438
4166,0.17219646892169488
4167,0.16416401145756296
4168,0.0
4169,0.0
4170,0.0
4171,0.0
4172,0.6256652729153481
4173,0.0
4174,0.0
4175,0.0
4176,0.0
4177,0.0
4178,0.0
4179,0.0
4180,0.0
4181,0.0
4182,0.0
4183,0.0
4184,0.0
4185,0.1328970647594277
4186,0.1078209127477069
4187,0.0
4188,0.0
4189,0.0
4190,0.0
4191,0.7543124267649596
4192,0.6981339612619688
4193,0.20337228343701572
4194,0.12198247022082352
4195,0.0
4196,0.0
4197,0.0
4198,0.0
4199,0.14570374153570992
4200,0.0
4201,0.0
4202,0.0
4203,0.0
4204,0.0
4205,0.0
4206,0.0
4207,0.0
4208,0.0
4209,0.0
4210,0.12636965544505666
4211,0.0925061694058824
4212,0.5409318030177632
4213,4.962656394104932
4214,0.12366099351881893
4215,0.20202396513708334
4216,4.427199675491281
4217,0.0
4218,1.773156501549338
4219,0.0
4220,0.0
4221,0.0
4222,0.0
4223,0.0
4224,0.0
4225,0.0
4226,0.0
4227,0.0
4228,0.0
4229,0.1471821371629012
4230,0.14380536166064212
4231,0.15145129166467156
4232,0.13214501266675985
4233,0.0
4234,0.15130884543387552
4235,0.1042780189678304
4236,0.6173716559651488
4237,0.617664281918816
4238,10.171170400127654
4239,12.721482617044975
4240,3.960342267523522
4241,0.0
4242,0.0
4243,0.0
4244,0.0
4245,0.0
4246,0.0
4247,0.0
4248,0.0
4249,0.0
4250,0.0
4251,0.0
4252,0.0
4253,0.0
4254,0.0
4255,0.0
4256,0.0
4257,0.0
4258,0.12765150901921685
4259,0.12605085437959943
4260,4.993326183693622
4261,1.641767049909329
4262,0.10778473249816849
4263,0.6413962193490444
4264,1.1189153171811559
4265,0.1401638285203514
4266,0.21951005551305552
4267,0.6600207522813821
4268,0.0
4269,0.0
4270,0.0
4271,0.0
4272,0.16736285351485206
4273,0.0
4274,0.0
4275,0.0
4276,0.0
4277,0.0
4278,0.0
4279,0.0
4280,0.0
4281,0.12877314832647374
4282,0.1143139302539235
4283,0.0
4284,0.0
4285,0.0
4286,1.1004352877486085
4287,2.823750395163696
4288,0.15135116079876806
4289,3.8042851604357275
4290,1.7166069121639538
4291,0.23772081655623456
4292,0.0
4293,0.5989176198298214
4294,10.012604773675799
4295,0.29101811491267093
4296,0.15712137020726974
4297,0.16228665812881282
4298,0.0
4299,0.0
4300,0.0
4301,0.0
4302,0.0
4303,0.0
4304,0.17747569556831494
4305,0.23432548422992247
4306,0.1474710511314833
4307,0.10597536233616968
4308,0.12428008715233338
4309,0.10399693925971161
4310,5.01324443759519
4311,0.599916803706882
4312,0.30976237735253737
4313,0.18356930135157598
4314,1.785621480804823
4315,0.19809073860864393
4316,0.14013986254713034
4317,0.0
4318,0.0
4319,0.0
4320,0.0
4321,0.0
4322,0.0
4323,0.12337308456636385
4324,0.1593221169186066
4325,0.0
4326,0.0
4327,0.0
4328,0.1752216763454372
4329,0.0
4330,0.1545560603992909
4331,0.0
4332,0.0
4333,0.0
4334,0.13924758183715324
4335,0.12558307344580733
4336,0.0
4337,0.0
4338,0.0
4339,0.0
4340,1.6345577412661112
4341,0.0
4342,0.0
4343,0.0
4344,0.0
4345,0.0
4346,0.0
4347,0.0
4348,0.0
4349,0.0
4350,0.0
4351,0.0
4352,0.11769043747198596
4353,0.1432303712280087
4354,0.0
4355,0.0
4356,0.0
4357,0.0
4358,0.0
4359,0.0
4360,11.524832567616096
4361,1.0639455286853818
4362,0.6799029062885816
4363,0.18830800433675782
4364,0.0
4365,0.0
4366,0.0
4367,0.0
4368,0.0
4369,0.0
4370,0.0
4371,0.0
4372,0.0
4373,0.0
4374,0.0
4375,0.0
4376,0.0
4377,0.0
4378,0.142144850545581
4379,0.09109039863376174
4380,0.09459107178208515
4381,0.1071076538798045
4382,0.12110105969255984
4383,0.0
4384,0.0
4385,0.620160006031429
4386,0.0
4387,0.0
4388,0.0
4389,0.0
4390,0.0
4391,0.0
4392,0.0
4393,0.0
4394,0.0
4395,0.0
4396,0.0
4397,0.0
4398,0.0
4399,0.0
4400,0.0
4401,0.0
4402,0.12187939525632965
4403,0.0
4404,0.0
4405,0.0
4406,0.0
4407,0.0
4408,0.0
4409,0.13817048096869256
4410,0.0
4411,0.0
4412,0.0
4413,0.0
4414,0.0
4415,0.0
4416,0.0
4417,0.0
4418,0.0
4419,0.0
4420,0.0
4421,0.0
4422,0.0
4423,0.0
4424,0.0
4425,0.0
4426,0.0
4427,0.0
4428,0.0
4429,0.0
4430,0.0
4431,0.0
4432,0.0
4433,0.0
4434,0.0
4435,0.0
4436,0.0
4437,0.0
4438,0.0
4439,0.0
4440,0.0
4441,0.0
4442,0.0
4443,0.0
4444,0.0
4445,0.0
4446,0.0
4447,0.0
4448,0.0
4449,0.0
4450,0.129585077344403
4451,0.11945935804949859
4452,0.0
4453,0.0
4454,0.0
4455,0.0
4456,0.0
4457,0.0
4458,0.0
4459,0.0
4460,0.0
4461,0.0
4462,0.0
4463,0.0
4464,0.0
4465,0.0
4466,0.0
4467,0.0
4468,0.0
4469,0.0
4470,0.0
4471,0.0
4472,0.0
4473,0.0
4474,0.0
4475,0.0
4476,0.0
4477,0.0
4478,0.0
4479,0.0
4480,0.0
4481,0.1922212508996762
4482,0.21543088136646152
4483,0.0
4484,0.0
4485,0.0
4486,1.8574400946758702
4487,0.0
4488,0.0
4489,0.0
4490,0.0
4491,0.1288413702613187
4492,0.0
4493,0.0
4494,0.0
4495,0.0
4496,0.0
4497,0.12501962728484467
4498,0.10545519798660966
4499,0.0
4500,0.0
4501,3.987122649436309
4502,0.0
4503,0.0
4504,0.0
4505,0.0
4506,0.0
4507,0.0
4508,0.0
4509,0.19374905535585127
4510,0.0
4511,0.0
4512,0.0
4513,0.0
4514,0.0
4515,0.0
4516,0.0
4517,0.0
4518,0.0
4519,0.0
4520,0.0
4521,0.12294801480423011
4522,0.0
4523,0.0
4524,0.12475134892993545
4525,0.10646843142053924
4526,0.11992406549709402
4527,0.1490412888314297
4528,0.0
4529,0.16199341304644355
4530,0.20238122768398775
4531,4.171357904846558
4532,0.13710530618950292
4533,0.0
4534,0.0
4535,0.0
4536,0.0
4537,0.0
4538,0.0
4539,0.1418432213494141
4540,0.0
4541,0.0
4542,0.0
4543,0.0
4544,0.0
4545,0.0
4546,0.0
4547,0.0
4548,0.0
4549,0.0
4550,0.0
4551,0.13020005208472113
4552,0.1869816053730055
4553,0.0
4554,0.0
4555,0.0
4556,0.0
4557,0.0
4558,0.0
4559,0.0
4560,0.0
4561,0.0
4562,0.0
4563,0.0
4564,0.0
4565,0.0
4566,0.0
4567,0.0
4568,0.0
4569,0.0
4570,0.15944413155744683
4571,0.11874618437908302
4572,0.12696073223987261
4573,0.11928234508716191
4574,0.0
4575,0.0
4576,0.682089053976057
4577,0.7104176533164467
4578,1.163947560605035
4579,0.0
4580,0.0
4581,0.0
4582,0.0
4583,0.0
4584,0.0
4585,0.0
4586,0.0
4587,0.0
4588,0.0
4589,0.0
4590,0.0
4591,0.0
4592,0.0
4593,0.13440829735963564
4594,0.13625067911042174
4595,0.10884680657669686
4596,0.11605651935466638
4597,0.0
4598,0.0
4599,0.0
4600,0.0
4601,4.1123786824146755
4602,0.24948548541707918
4603,0.1497185968393117
4604,0.0
4605,0.1315334670426353
4606,0.0
4607,0.0
4608,0.0
4609,0.0
4610,0.0
4611,0.0
4612,0.0
4613,0.0
4614,0.0
4615,0.0
4616,0.1222010079854663
4617,0.14019255645494122
4618,0.12282033559252445
4619,0.10315109069028605
4620,0.1983787360588024
4621,0.5986286650263741
4622,0.0
4623,0.15081987127054552
4624,0.1698763952791413
4625,0.21360424371180306
4626,0.17551765760426039
4627,0.1650522729643452
4628,0.0
4629,0.15357313370483755
4630,0.0
4631,0.0
4632,0.0
4633,0.0
4634,0.0
4635,0.0
4636,0.0
4637,0.0
4638,0.0
4639,3.5799413035334298
4640,0.7150207461204457
4641,3.359399496527801
4642,3.9849469568473443
4643,4.204160715255901
4644,4.2337114360167245
4645,4.046723188466609
4646,3.798130002635813
4647,2.4371864195649007
4648,3.989466672119996
4649,1.9138129619669144
4650,1.393112859424102
4651,0.8790654046878579
4652,2.392082146266131
4653,4.351799293881549
4654,1.9602459648752282
4655,0.9969335036899005
4656,0.8937332972762724
4657,0.3316100741820017
4658,1.2971674660384054
4659,4.243737911758808
4660,4.059371691871966
4661,3.7918731964062027
4662,3.7413010813975007
4663,3.8922789648986686
4664,3.5624201682009016
4665,1.6053045343938317
4666,3.9505840488078356
4667,1.7861494843936447
4668,1.78566332027088
4669,1.835925451978671
4670,2.1499266443866314
4671,2.0290607787002664
4672,1.6234961264712344
4673,4.642841677303963
4674,3.750549749645371
4675,1.6781577493832232
4676,1.7149100636012649
4677,1.7021535178778358
4678,1.6179573115047818
4679,1.139525028406617
4680,0.7541480529551559
4681,0.8199056887562044
4682,0.7869361779315185
4683,0.3198125461092542
4684,1.40258775325483
4685,0.7647259034650762
4686,0.7324133042047674
4687,0.8124018095668218
4688,0.6115570515228971
4689,0.17481989122941416
4690,0.9273640901105614
4691,0.1674138872618255
4692,0.1550160145303546
4693,0.7802626822696944
4694,0.21039648125373467
4695,0.6604198832564621
4696,0.30715959840979445
4697,0.7094381965523688
4698,0.6232645952448107
4699,0.2517155950213008
4700,0.7849732987467489
4701,0.2037329136206654
4702,0.22768738488678375
4703,1.651483670298392
4704,0.7325208861201407
4705,0.8418160378783329
4706,1.177678126920262
4707,1.0044681497396586
4708,0.6607695590452713
4709,1.0815538013466897
4710,2.0089614027973233
4711,1.6933107943500174
4712,0.723863151242642
4713,0.24915673570892044
4714,0.5608839393362992
4715,0.19440117808362006
4716,1.103703993009254
4717,0.6013004460305533
4718,0.26336814982414547
4719,0.20310965903756273
4720,0.19112084222700668
4721,0.24384765887904974
4722,0.15766201291606893
4723,0.6697197580717017
4724,4.065570195886153
4725,1.055126892983952
4726,1.6816006432463704
4727,1.6335063787092858
4728,0.8043878395558679
4729,3.392370796565636
4730,0.3107309686228166
4731,0.187930177270137
4732,0.1934055937006743
4733,0.16350649098858427
4734,1.661361068129925
4735,0.14774875583289235
4736,0.6194431216971304
4737,0.21786618084498874
4738,0.2084450546575262
4739,0.19166930153073775
4740,12.755557775751196
4741,13.002208285614719
4742,0.17636105758020784
4743,0.0
4744,0.17345126535384653
4745,0.13022120763717152
4746,0.0
4747,0.0
4748,0.0
4749,0.0
4750,0.0
4751,0.0
4752,0.0
4753,0.0
4754,0.0
4755,0.0
4756,0.0
4757,0.0
4758,0.0
4759,0.0
4760,0.0
4761,0.13407992425801943
4762,0.0
4763,0.0
4764,0.0
4765,0.0
4766,0.1488471132430306
4767,0.18064261318003672
4768,0.0
4769,1.02418397980505
4770,3.37823660319026
4771,4.029891087163753
4772,0.15423575055840086
4773,0.0
4774,0.0
4775,0.0
4776,0.0
4777,0.0
4778,0.0
4779,0.0
4780,0.0
4781,0.0
4782,0.0
4783,0.0
4784,0.0
4785,0.0
4786,0.0
4787,0.0
4788,0.1615108015480736
4789,0.12833266100009075
4790,0.11712382259919688
4791,0.16047465855143492
4792,1.0547400107680622
4793,4.118513489591695
4794,10.391602883971272
4795,4.43094743550234
4796,0.13744729006820963
4797,0.0
4798,0.0
4799,0.0
4800,0.0
4801,0.0
4802,0.0
4803,0.0
4804,0.0
4805,0.0
4806,0.0
4807,0.0
4808,0.0
4809,0.0
4810,0.0
4811,0.12093395647803021
4812,0.0
4813,0.0
4814,0.18310714631409677
4815,0.6487326576595687
4816,0.13784653166548427
4817,2.894680513195334
4818,4.346748225720343
4819,1.1415731245008789
4820,1.3561244948813578
4821,0.337617979375917
4822,0.0
4823,0.0
4824,0.0
4825,0.0
4826,0.0
4827,0.0
4828,0.0
4829,0.0
4830,0.0
4831,0.0
4832,0.0
4833,0.0
4834,0.0
4835,0.12178566930082181
4836,0.10405515198473968
4837,0.11856099709049893
4838,0.12929848647611394
4839,4.057145854755102
4840,0.8186953685754218
4841,4.258414083252622
4842,0.17317080663329062
4843,0.0
4844,0.0
4845,0.13898325124529962
4846,0.0
4847,0.0
4848,0.0
4849,0.0
4850,0.0
4851,0.0
4852,0.0
4853,0.0
4854,0.0
4855,0.0
4856,0.10555232631822532
4857,0.12515723435697926
4858,0.12230416303725981
4859,0.0
4860,0.0
4861,0.6727168893310563
4862,3.84323513343721
4863,1.178268601918762
4864,1.748103482786665
4865,0.25346727831456095
4866,0.24248769562674852
4867,0.0
4868,3.327883715149521
4869,0.1523813084142285
4870,0.1364033671027269
4871,0.0
4872,0.0
4873,0.0
4874,0.0
4875,0.0
4876,0.0
4877,0.0
4878,0.0
4879,0.0
4880,0.0
4881,0.0
4882,0.0
4883,0.0
4884,0.0
4885,0.0
4886,0.0
4887,0.13321763566602762
4888,0.14783085938015347
4889,0.2005182835562744
4890,4.937678608780344
4891,0.32724798364610036
4892,0.19237095488643796
4893,1.606458468561273
4894,0.23609677244557165
4895,0.0
4896,0.0
4897,0.0
4898,0.0
4899,0.0
4900,0.0
4901,0.0
4902,0.0
4903,0.0
4904,0.0
4905,0.0
4906,0.0
4907,0.1286360349047783
4908,0.11596259284198655
4909,0.16627181737129088
4910,0.18060685432612897
4911,0.19463069960053103
4912,4.534518538096627
4913,0.8843598926483643
4914,0.26525870883402425
4915,3.9721648842702644
4916,0.19792746305996822
4917,0.7014432845990329
4918,0.7913380610812599
4919,0.9096358629707895
4920,0.20117234928025043
4921,0.21763194774265066
4922,0.152685746465621
4923,0.16709518249790103
4924,0.0
4925,0.0
4926,0.0
4927,0.0
4928,0.17582858746915753
4929,0.0
4930,0.0
4931,0.0
4932,0.23799906889755448
4933,3.0066838990628337
4934,0.23132191668880772
4935,0.10376749285795607
4936,1.9982912421179204
4937,0.43273759208819157
4938,0.29091872270089913
4939,0.24710747361903518
4940,0.18989979386932945
4941,0.11466979725036502
4942,0.13288668976996804
4943,0.13323838525312842
4944,0.14127276692698584
4945,0.0
4946,0.0
4947,0.2164795321898605
4948,0.24791505799691865
4949,0.18030628731455756
4950,0.08502987009915411
4951,0.18517988783072512
4952,0.2719610696705449
4953,3.580306772995815
4954,0.19074568885144622
4955,0.13882257901787648
4956,0.2424956599609513
4957,0.49042511527160265
4958,1.1789301511421701
4959,0.634634006609998
4960,0.7193486071432572
4961,0.5443767159713242
4962,2.1254292391728717
4963,0.6999526541642517
4964,0.16679198951024143
4965,0.18759361088219445
4966,0.6692344249592825
4967,0.22787461314635218
4968,0.1904305297424736
4969,0.1841018088042122
4970,1.712281370938381
4971,0.8382747666733089
4972,0.0883860250658394
4973,0.6045551719977884
4974,0.5827907307232444
4975,0.2438539477780087
4976,0.6338417450380265
4977,0.6735385884665022
4978,1.303154204501104
4979,0.4986836185055686
4980,2.8299302660207113
4981,1.2473133049407725
4982,0.7600532642747782
4983,1.807224666633411
4984,1.2238490031470362
4985,0.39628075266944857
4986,0.1596189421636694
4987,0.07696729176015192
4988,1.1890490573462067
4989,0.17415606361875888
4990,0.6933166276263136
4991,0.26619513917201226
4992,0.7152318990064349
4993,0.27585357579855213
4994,0.6470545014925957
4995,1.585388422477716
4996,0.560763790932795
4997,0.22082497401599804
4998,0.6390901452646537
4999,0.22434850739184423
5000,0.23162674363901362
5001,0.7281217618409301
5002,0.21953984864785603
5003,2.9346525091460456
5004,0.09489806128771218
5005,0.21431470388092488
5006,1.683162268135034
5007,1.6984365788723415
5008,0.6428688935872705
5009,1.513678609678155
5010,0.26721123265823976
5011,0.2467222673040823
5012,0.27292361392675996
5013,3.1573356768609218
5014,2.1104402892878897
5015,0.7697057423373398
5016,0.2978238898443055
5017,0.23883758747286843
5018,0.8639570136753048
5019,0.3014615819258103
5020,0.23253882578872456
5021,0.22610913824919537
5022,0.1553425526338596
5023,0.13796238376892947
5024,0.14060505611123095
5025,0.1485899376645572
5026,0.2717715848135196
5027,0.09546076792386392
5028,0.1671805890149249
5029,0.24877537439421088
5030,4.603528811566459
5031,0.2847071914143993
5032,0.7055029953177373
5033,3.700584091708711
5034,0.2511455749879043
5035,0.21811602876885644
5036,0.22996137461388863
5037,1.659220380401343
5038,1.6837878726697146
5039,1.564490817068021
5040,1.155612047729474
5041,1.6784805668919154
5042,1.7866886684605707
5043,0.6346635228762493
5044,0.21388337089896353
5045,2.013039533249467
5046,0.647470708616578
5047,0.19054966532739728
5048,0.2178594757016463
5049,0.18648954851235414
5050,0.10753225346494802
5051,0.13878275205041235
5052,0.23671756689794363
5053,0.28921946915755725
5054,0.0
5055,0.0
5056,0.0
5057,0.2353270071158976
5058,0.20729072304280238
5059,0.0
5060,0.2516605614858115
5061,1.1194432209777714
5062,0.32307468541710777
5063,0.2601504850335789
5064,0.28453779414400654
5065,0.7439717630889522
5066,0.2111389118105658
5067,0.0
5068,0.6503936893565677
5069,0.6469028956669782
5070,0.7241451918636759
5071,0.15070805906295923
5072,0.23528869817701933
5073,0.6863512462192298
5074,1.4599030097445382
5075,0.0
5076,0.11851423367868436
5077,0.0
5078,0.24413191514278487
5079,0.16623560682643002
5080,0.2472307078058778
5081,0.1423797020399368
5082,0.0
5083,0.0
5084,0.0
5085,0.0
5086,0.0
5087,0.6078948341111488
5088,0.13726759403821157
5089,0.19641913494586463
5090,0.2566713083889116
5091,0.7539114587500185
5092,0.2250997035956928
5093,0.6686745465530816
5094,1.7833061729519069
5095,1.9325243076207008
5096,0.7132125195023135
5097,0.15351406134738527
5098,0.1482109766390917
5099,0.11884732549525936
5100,0.1573565317208569
5101,0.12493612471382985
5102,0.11435269876542879
5103,0.5646710327503621
5104,0.24278346930693004
5105,0.6309582681302423
5106,0.15229900398320972
5107,1.0628666355527565
5108,0.16276394480034218
5109,0.1740375463546318
5110,0.20848451189448952
5111,0.20270411074893835
5112,1.5518978666069756
5113,0.0
5114,0.0
5115,0.21232568723383907
5116,3.867786413156829
5117,0.15958663384985067
5118,0.6007101421333398
5119,1.6096462932638882
5120,0.2542021593380531
5121,0.25242682859663196
5122,0.11095037087006317
5123,0.15732773443658493
5124,15.581311246886886
5125,4.6204343386460565
5126,1.5813298975778556
5127,0.575988237967074
5128,2.019472901035817
5129,1.2438731766475053
5130,0.31841510953477964
5131,0.26783430092034055
5132,0.2587497830300553
5133,0.7025830204815159
5134,0.15912512040949037
5135,1.962959111803465
5136,0.1877035674741917
5137,3.3055806953266824
5138,0.7857323784832364
5139,0.2227148129582613
5140,0.20926940428700408
5141,0.17283453585839828
5142,0.6098412222843487
5143,0.19049180303117874
5144,0.2033477147836814
5145,0.13045658025609516
5146,0.1281591934089764
5147,0.1902791227095071
5148,1.41890588647079
5149,0.16544909921726017
5150,0.10500882638298788
5151,0.22752649301581554
5152,0.16916081505593422
5153,0.14729948561520398
5154,0.14628473107141282
5155,0.19802187502824856
5156,0.24785901426743767
5157,0.19766513580104322
5158,0.18186989462362646
5159,0.20432082838055146
5160,0.6357229162907844
5161,1.1582826291425001
5162,0.22931733268165694
5163,0.20455297876674045
5164,0.1705794794313826
5165,0.19044637704198494
5166,0.17686817359331872
5167,0.1311567919823754
5168,1.062473535763278
5169,0.2439409332754069
5170,0.12678989549939168
5171,0.13903701522619044
5172,0.12792988763622637
5173,0.11701313035607468
5174,0.0
5175,0.1578673915798033
5176,0.18813682429282977
5177,0.17017225494655844
5178,0.0
5179,0.0
5180,0.1585333509780608
5181,0.14442428290204548
5182,0.0
5183,0.15340908342569756
5184,0.0
5185,0.0
5186,0.19463750666977897
5187,0.1599943693540021
5188,0.15941694871895148
5189,0.17130091445010331
5190,0.1648923024463113
5191,0.1965925795498922
5192,0.1483025295559537
5193,0.20754898443837003
5194,0.2136109112027118
5195,0.15282776043690324
5196,0.159249553164038
5197,0.0
5198,0.0
5199,0.0
5200,0.0
5201,0.0
5202,0.0
5203,0.0
5204,0.0
5205,0.0
5206,0.0
5207,0.0
5208,0.1795318825287789
5209,0.18085864214194672
5210,0.0
5211,0.19391437397756514
5212,0.1601486296727778
5213,0.0
5214,0.0
5215,0.0
5216,0.12503043234726938
5217,0.15768278262893795
5218,0.17101092185167288
5219,0.10835407285846768
5220,0.0
5221,0.10117640270991755
5222,0.1056934645713466
5223,0.0
5224,0.0
5225,0.0
5226,0.0
5227,0.0
5228,0.0
5229,0.0
5230,0.0
5231,0.0
5232,0.0
5233,0.1533148942889817
5234,0.0
5235,0.0
5236,0.16405437938611034
5237,0.1623817195090731
5238,0.15064320445130397
5239,0.0
5240,0.12326248465583614
5241,0.0
5242,0.5910991189881641
5243,0.5784063153252946
5244,0.581710154685898
5245,0.11332350033527733
5246,0.0
5247,0.0
5248,0.0
5249,0.0
5250,0.0
5251,0.0
5252,0.0
5253,0.0
5254,0.0
5255,0.0
5256,0.0
5257,0.0
5258,0.0
5259,0.15098681392237945
5260,0.1720907850408473
5261,0.18153864063205255
5262,0.16177490144179596
5263,0.14506656405143592
5264,0.17091362884741004
5265,0.12926077487915388
5266,0.0
5267,0.11006367522585023
5268,0.0
5269,0.0
5270,0.10758037812210411
5271,0.0
5272,0.0
5273,0.0
5274,0.0
5275,0.17764924178015276
5276,0.1598183583209012
5277,0.6478712755767079
5278,0.0
5279,0.0
5280,0.0
5281,0.0
5282,0.0
5283,0.11815236111262646
5284,0.13812564213076114
5285,0.12012158109800652
5286,0.13129596293663914
5287,0.11687927818119777
5288,0.12524527666337226
5289,0.13497906250678174
5290,0.12695957661695104
5291,0.12730958747285667
5292,0.0
5293,0.09991154602451242
5294,0.13366501602912334
5295,1.0716464476110756
5296,1.125585674084454
5297,1.7883972038499023
5298,0.0
5299,0.0
5300,0.0
5301,0.0
5302,0.14365458498265232
5303,0.14212158644941228
5304,0.13815746321237568
5305,0.0
5306,0.16383393735184215
5307,0.0
5308,0.13246591805867705
5309,0.12948947062474053
5310,0.12080687599136715
5311,0.1296289534279619
5312,0.1321454814235319
5313,0.11326154558562218
5314,0.0
5315,0.0
5316,0.0
5317,0.0
5318,0.0
5319,2.784663866017165
5320,0.6682507457291237
5321,3.64160954191685
5322,0.6957962615473131
5323,0.16294808140063136
5324,0.0
5325,0.0
5326,0.0
5327,0.0
5328,0.0
5329,0.0
5330,0.0
5331,0.16589032800611267
5332,0.15138923044279642
5333,0.1875262886890496
5334,0.0
5335,0.14607076728056542
5336,0.17287672731075412
5337,0.0
5338,0.10838624841398273
5339,0.11735446789325778
5340,0.13883652542831862
5341,0.0
5342,0.0
5343,0.0
5344,0.647449477725885
5345,1.7478393871811948
5346,0.0
5347,0.14176014635139245
5348,0.0
5349,0.23515139073946403
5350,0.19008130774174217
5351,0.11970212195845852
5352,0.0
5353,0.0
5354,0.0
5355,0.0
5356,0.0
5357,0.0
5358,0.0
5359,0.0
5360,0.1557125062838713
5361,0.0
5362,0.0
5363,0.0
5364,0.0
5365,0.17771336628876125
5366,0.12094344178125799
5367,0.0
5368,0.6658317201005856
5369,0.6588396111163509
5370,0.0
5371,0.0
5372,0.0
5373,0.0
5374,0.0
5375,0.0
5376,0.0
5377,0.0
5378,0.0
5379,0.0
5380,0.0
5381,0.13655804913413902
5382,0.10870421510387017
5383,0.0
5384,0.1170531802746855
5385,0.0
5386,0.0
5387,0.0
5388,0.0
5389,0.0
5390,0.0
5391,0.0
5392,0.0
5393,0.16442278190914802
5394,0.15279365521872953
5395,0.0
5396,0.0
5397,0.0
5398,0.15401616838978918
5399,0.6127283841215349
5400,0.6026670808296761
5401,0.17024979472420235
5402,0.17547211750175026
5403,0.1577076730342055
5404,0.6256752435681123
5405,0.12278457954896752
5406,0.0
5407,0.12014941454439046
5408,0.0
5409,0.12728049809719386
5410,0.12207880283503518
5411,0.0
5412,0.0
5413,0.0
5414,0.0
5415,0.0
5416,0.0
5417,0.0
5418,0.0
5419,0.11809041025821956
5420,0.0
5421,0.0
5422,0.0
5423,0.0
5424,0.6578326201841419
5425,0.13178086920763427
5426,0.12450483851604612
5427,0.13456100201743249
5428,0.1205794101171146
5429,0.1317702492039328
5430,0.11709294165461098
5431,0.10540333626787672
5432,0.0
5433,0.2059607649004517
5434,0.10856561216157516
5435,0.0
5436,0.0
5437,0.0
5438,0.12119086250488995
5439,0.1507559178742679
5440,0.0
5441,0.13456785251439204
5442,0.0
5443,0.587313289126134
5444,0.09840684243285026
5445,0.652407048507268
5446,0.15266924402534499
5447,0.0
5448,0.0
5449,0.0
5450,0.16487263697359641
5451,0.0
5452,0.0
5453,0.0
5454,0.0
5455,0.0
5456,0.11203847206508048
5457,0.0
5458,0.0
5459,0.0
5460,0.0
5461,0.0
5462,0.0
5463,0.1520158624410925
5464,0.13123590133029356
5465,0.1486751834539904
5466,0.156066976860898
5467,0.13325542984706343
5468,0.1278297506163058
5469,1.6722612217448896
5470,1.827266190333086
5471,0.0
5472,0.0
5473,0.0
5474,0.0
5475,0.0
5476,0.0
5477,0.12480532576623479
5478,0.0
5479,0.0
5480,0.0
5481,0.0
5482,0.12284042837078908
5483,0.11438297846702832
5484,0.11361428832057632
5485,0.0
5486,0.16523368243906422
5487,1.1608458016443315
5488,3.134327464240577
5489,0.6258554982863445
5490,1.8149628000245084
5491,0.0
5492,0.0
5493,0.0
5494,0.0
5495,0.0
5496,0.0
5497,0.0
5498,0.0
5499,0.16109191453558228
5500,0.1267013172064949
5501,0.13765432809092695
5502,0.14516245013466478
5503,0.12313627704779219
5504,0.1452951206519619
5505,0.12387351093534207
5506,0.0
5507,0.0
5508,0.0
5509,0.0
5510,0.0
5511,0.0
5512,0.6962216538724753
5513,1.8717748253024113
5514,1.6751469882945014
5515,1.6329319736212415
5516,0.14758623161756962
5517,0.0
5518,0.0
5519,0.0
5520,0.0
5521,0.0
5522,0.0
5523,0.12684394276691677
5524,0.11096083958470146
5525,0.0
5526,0.11194888667365971
5527,0.11487504901091175
5528,0.0
5529,0.0
5530,0.0
5531,0.0
5532,0.0
5533,0.6340239315516253
5534,0.13654870102451264
5535,0.16878050381791562
5536,3.0525494412299574
5537,0.14054006220367068
5538,1.652192071230565
5539,0.10064179520544483
5540,0.0
5541,0.0
5542,0.0
5543,0.0
5544,0.0
5545,0.0
5546,0.0
5547,0.0
5548,0.0
5549,0.0
5550,0.0
5551,0.0
5552,0.11806161791178615
5553,0.12402979006082439
5554,0.0
5555,0.0
5556,0.0
5557,0.0
5558,0.0
5559,0.0
5560,0.0
5561,0.0
5562,0.0
5563,0.0
5564,0.6354868828248991
5565,0.0
5566,0.14260173005359447
5567,0.13294778103698462
5568,0.14259046941148892
5569,0.0
5570,0.17230828526365796
5571,0.0
5572,0.0
5573,0.0
5574,0.0
5575,0.0
5576,0.0
5577,0.12783818292807084
5578,0.11129705893180288
5579,0.0
5580,0.0
5581,0.0
5582,1.7134379924965757
5583,0.15127045924255572
5584,0.1574530030312122
5585,0.0
5586,3.915511007367433
5587,0.18775934708806002
5588,0.0
5589,0.0
5590,0.0
5591,0.0
5592,0.15005752651318885
5593,0.6261408049379491
5594,0.17924651626545435
5595,0.14201004466584238
5596,0.0
5597,0.0
5598,0.0
5599,0.0
5600,0.0
5601,0.663102903047396
5602,0.14489792777431226
5603,0.09991944384082757
5604,0.12669260822973932
5605,1.074470063862635
5606,0.16164939298510939
5607,0.16934942692424276
5608,4.905535316443572
5609,0.21362947627426773
5610,3.982545277392091
5611,0.15210877371864537
5612,1.0799944225369853
5613,1.0765890936982678
5614,0.0
5615,0.14939373797048958
5616,0.6351724242571388
5617,1.5081348466835254
5618,0.1487684758315077
5619,0.0
5620,0.0
5621,0.0
5622,0.62559890895667
5623,0.1539873550282084
5624,0.1263788451299073
5625,0.0
5626,0.0
5627,0.0
5628,0.0
5629,1.8506350710481212
5630,1.6614742084817125
5631,0.0
5632,0.23916239638241477
5633,4.691542452753186
5634,1.3714565695866763
5635,0.2327068965332804
5636,0.0
5637,1.629879008701226
5638,0.16260052083287385
5639,0.0
5640,0.0
5641,0.0
5642,0.0
5643,0.0
5644,0.0
5645,0.0
5646,0.0
5647,0.0
5648,0.13956086832101589
5649,0.0
5650,0.0
5651,0.0
5652,0.0
5653,0.0
5654,0.12096970067703176
5655,0.16895739556303327
5656,0.0
5657,0.6530443690264857
5658,0.0
5659,0.17847420436094188
5660,0.17451024435153292
5661,3.783133800795865
5662,2.4389522457189785
5663,1.589057329847464
5664,0.14852346112400425
5665,0.0
5666,0.0
5667,0.0
5668,0.0
5669,0.0
5670,0.0
5671,0.0
5672,0.0
5673,0.15431515495148895
5674,0.0
5675,0.0
5676,0.11277509540844018
5677,2.753554687356239
5678,0.15712808546002147
5679,3.4629735148320813
5680,0.0
5681,0.16075159247421797
5682,0.0
5683,0.0
5684,0.0
5685,0.0
5686,0.0
5687,0.0
5688,0.0
5689,0.0
5690,0.2052523106911897
5691,0.0
5692,0.21725161762613554
5693,0.1927141800131523
5694,0.23644406244980537
5695,0.1838339970247016
5696,0.16461177750443293
5697,1.6853096382785622
5698,0.15666492752672265
5699,0.0
5700,0.0
5701,0.23690030967972575
5702,0.6518093986968652
5703,0.6544191325604771
5704,0.1716110014391028
5705,0.0
5706,0.14577735360150132
5707,0.6603510388834961
5708,3.5224896206932295
5709,0.0
5710,0.20406700347065532
5711,0.1879165467433242
5712,0.0
5713,0.0
5714,0.2222334137375253
5715,0.20560582485725568
5716,0.0
5717,0.0
5718,0.0
5719,0.6946432292745836
5720,3.7323585196135114
5721,0.13926326780536877
5722,0.0
5723,0.0
5724,0.4838447144570905
5725,0.0
5726,1.0668862074170928
5727,0.17476493152922154
5728,0.1841605459705422
5729,0.6610433291050929
5730,0.6405388745650781
5731,0.20921317685699214
5732,0.16464694418830292
5733,0.0
5734,0.6541608580362513
5735,0.0
5736,0.0
5737,0.0
5738,0.0
5739,0.0
5740,0.0
5741,0.0
5742,0.0
5743,0.1564852613368878
5744,0.12400288215384651
5745,0.0
5746,1.0905678427788144
5747,0.0
5748,0.15103067901295608
5749,0.7242977905258284
5750,1.6958928909343889
5751,0.6062395495707213
5752,0.6570116213109641
5753,0.21216713135793475
5754,0.0
5755,0.0
5756,0.0
5757,0.0
5758,0.0
5759,0.0
5760,0.13495641909672626
5761,0.22576999009123438
5762,0.0
5763,0.0
5764,0.0
5765,0.0
5766,0.0
5767,0.0
5768,0.0
5769,0.0
5770,1.1030571895647643
5771,0.0
5772,0.0
5773,0.0
5774,0.0
5775,0.11179053181251403
5776,0.12307332474033328
5777,1.1514798775899329
5778,1.7038668247313455
5779,0.17875415905644337
5780,0.23401023519506933
5781,0.23817512821808692
5782,0.15053257458149874
5783,0.228708661266872
5784,0.22580900603589227
5785,0.6234967014274815
5786,0.2027605256732563
5787,0.1851160778871201
5788,0.19456712325318992
5789,0.719580461048157
5790,0.7017863833419674
5791,0.6194594147652565
5792,0.6698876942112034
5793,0.19524304664331302
5794,0.17180502684807242
5795,0.10573769894498027
5796,0.175780379332597
5797,0.23021421804817588
5798,0.0
5799,1.684548027756611
5800,1.071739821217648
5801,1.7595453650517516
5802,0.7187786102470242
5803,0.2061084895338732
5804,1.245442557086315
5805,0.8039501987098351
5806,0.24703317470929403
5807,0.0
5808,0.7972986132460326
5809,3.9902317329830486
5810,3.59921408266646
5811,1.0858757216291073
5812,0.680985869369115
5813,1.3589969241140076
5814,0.5654693101607213
5815,0.6616117942794573
5816,0.6378593981180494
5817,0.17197858015044792
5818,0.21152220214395415
5819,0.8712096427401406
5820,1.169400065441564
5821,0.2763689312249342
5822,0.2446842020013556
5823,0.44670428535140744
5824,0.6139381224238546
5825,0.2976864400491862
5826,0.25208735796593135
5827,0.16614283617240913
5828,3.4577347369128284
5829,0.6358658599910635
5830,0.16204379559371204
5831,0.7083085274727318
5832,3.7534355406156217
5833,0.7031884875506285
5834,0.7978938774005062
5835,0.23987421136266238
5836,0.6388036867631725
5837,0.19952796276866086
5838,0.23679833032562522
5839,0.7937243778893759
5840,1.096748356785051
5841,1.5262188256859113
5842,0.7051138741904076
5843,1.5337183793294926
5844,4.463885237333287
5845,2.2580022919825544
5846,3.3271207832386667
5847,4.172921072089614
5848,1.7458018316766162
5849,0.30709042638677614
5850,0.6544123064458885
5851,0.16042762551739126
5852,0.6618540990914575
5853,3.8300757893733026
5854,3.643843749761606
5855,1.8472154439039623
5856,4.012391252048746
5857,1.7107651381218139
5858,0.6842698247705882
5859,0.5813709567614098
5860,0.5914005209781675
5861,0.22375054527208155
5862,0.19631176461514088
5863,0.6617444778165598
5864,0.633892903662125
5865,0.6687346404938457
5866,0.2989807785573059
5867,0.1348596332691276
5868,0.17995001522920578
5869,0.6113083653489835
5870,4.20014758848059
5871,4.030633531690601
5872,1.9846851169385389
5873,1.788351206009002
5874,1.4218239870037135
5875,0.21294677510635174
5876,3.7682254464674734
5877,0.27124617180893207
5878,0.29481008556566185
5879,0.24233223673875634
5880,0.2504616067384921
5881,0.6905663102641305
5882,0.746076128637355
5883,1.220212166297481
5884,0.7593682262093766
5885,0.7739022832808676
5886,0.2990714858625439
5887,0.8410427114954624
5888,1.5831658566454008
5889,0.18203804438583704
5890,0.1623420921660435
5891,0.1549434675483855
5892,0.5297272263977508
5893,5.2678165878826935
5894,1.491303118165183
5895,4.614578309278881
5896,0.5066575851494235
5897,0.26324121335696127
5898,0.1841019211350503
5899,0.21324351862670227
5900,0.25369329276287117
5901,0.22616308351821013
5902,0.20601626372762433
5903,1.0849262205462145
5904,3.862005872714572
5905,1.2383188862560488
5906,3.97085058599972
5907,0.24314598561545306
5908,0.26263049350688333
5909,0.597385386308425
5910,0.6460060168820358
5911,0.6463496184176246
5912,0.6996652866624468
5913,3.502801884633999
5914,3.370216124396555
5915,1.5665624282814616
5916,1.6366179946967352
5917,1.3301087661120639
5918,1.1748867802429939
5919,0.8845992434181665
5920,0.24806287023120047
5921,0.16167518623236843
5922,0.17001923522748472
5923,0.17711968291970787
5924,0.0
5925,0.24422873776045842
5926,0.23145715227855287
5927,0.22488192102419394
5928,0.21145622973957567
5929,0.1779847066660916
5930,0.2419345677105803
5931,0.6745007939821361
5932,0.22569034633133073
5933,1.1825026901756897
5934,0.1856606293031247
5935,1.646194574133292
5936,0.19768388200826706
5937,0.13213136851924565
5938,0.1446535512550002
5939,0.1824974885389776
5940,8.459051708888373
5941,2.0250023997661457
5942,0.8643023866034649
5943,1.257650431571674
5944,0.8115565323339405
5945,1.087033684310259
5946,0.16300396539526008
5947,0.20880689936360797
5948,0.23341654128917283
5949,0.25479288083866286
5950,0.16420614839966247
5951,0.0
5952,0.0
5953,0.0
5954,0.0
5955,0.0
5956,0.0
5957,0.0
5958,0.0
5959,0.0
5960,0.0
5961,0.10527454268202303
5962,0.10725599758431095
5963,0.11534653021697634
5964,0.10727671754738309
5965,0.10474113804294594
5966,1.6690022552187065
5967,0.13543694664602127
5968,0.1174191183991544
5969,0.10991903943480125
5970,7.672736756533689
5971,0.08789444458142745
5972,0.0
5973,0.0
5974,0.0
5975,0.0
5976,0.0
5977,0.0
5978,0.0
5979,0.0
5980,0.0
5981,0.0
5982,0.0
5983,0.0
5984,0.0
5985,0.0
5986,0.0
5987,0.10084509973974645
5988,0.107491158037129
5989,0.10037472042127055
5990,0.0
5991,0.19554764657913418
5992,1.0932067306085982
5993,8.003012206259456
5994,0.670219046984162
5995,0.0
5996,0.0
5997,0.0
5998,0.0
5999,0.0
6000,0.0
6001,0.0
6002,0.0
6003,0.0
6004,0.0
6005,0.0
6006,0.0
6007,0.0
6008,0.0
6009,0.0
6010,0.0
6011,0.0
6012,0.0
6013,0.0
6014,0.13878242053799944
6015,0.0
6016,0.0
6017,0.13393537805993472
6018,0.0
6019,0.0
6020,1.1432582050733644
6021,0.6724436470154548
6022,1.1357239066043716
6023,0.12063248572900225
6024,0.0
6025,0.0
6026,0.0
6027,0.0
6028,0.0
6029,0.0
6030,0.0
6031,0.0
6032,0.0
6033,0.0
6034,0.0
6035,0.13034718251463076
6036,0.10677467163628954
6037,0.10562332624391693
6038,0.608873418538738
6039,0.0
6040,0.0
6041,0.0
6042,0.0
6043,0.0
6044,0.0
6045,0.16002495544251008
6046,4.07985089600789
6047,0.1888057890078559
6048,0.0
6049,0.0
6050,0.0
6051,0.0
6052,0.0
6053,0.0
6054,0.0
6055,0.0
6056,0.0
6057,0.0
6058,0.0
6059,0.12723905982301262
6060,0.0
6061,0.0
6062,0.0
6063,0.0
6064,0.0
6065,0.0
6066,4.246820443792472
6067,0.1594293143426692
6068,0.0
6069,0.1882064611557588
6070,0.0
6071,0.0
6072,1.5077785652109696
6073,0.14579123572528652
6074,1.6569745283483517
6075,1.0907737538953513
6076,0.0
6077,0.0
6078,0.0
6079,0.0
6080,0.0
6081,0.12191657540486638
6082,0.0
6083,0.0
6084,0.0
6085,0.0
6086,0.0
6087,0.14410122116857332
6088,0.0
6089,0.6623410059102067
6090,0.0
6091,0.0
6092,0.0
6093,0.0
6094,0.0
6095,0.0
6096,0.0
6097,0.0
6098,0.0
6099,3.97118874042356
6100,0.16555244755621096
6101,0.1478214504600381
6102,0.13270242934396834
6103,0.0
6104,0.0
6105,0.15057994648892506
6106,0.6160373319401679
6107,0.5733931606006996
6108,0.14386682905151166
6109,0.10246191601170436
6110,0.14589758596266006
6111,3.880664856391308
6112,1.1387151088137362
6113,1.7905575270113911
6114,0.6898015422435984
6115,0.19544002227829582
6116,0.0
6117,0.0
6118,0.0
6119,0.0
6120,0.1690634610374561
6121,0.6168849767763693
6122,0.5887794445788773
6123,0.15313990535468408
6124,0.600926710637394
6125,0.13455873020265988
6126,0.0
6127,0.0
6128,0.0
6129,0.15305775627691806
6130,0.12742937617099015
6131,1.728800093334717
6132,0.18667355834567947
6133,0.2941209263900499
6134,0.13839045494861332
6135,0.1194415654974799
6136,0.16227504012556912
6137,0.1661086850568046
6138,0.6179288801210716
6139,0.6449885337624974
6140,0.13031747451301168
6141,0.0
6142,0.0
6143,0.0
6144,0.0
6145,0.0
6146,0.0
6147,0.0
6148,0.0
6149,0.0
6150,0.0
6151,0.0
6152,0.0
6153,0.18232538803714549
6154,0.16489543808647886
6155,0.10719658783031608
6156,0.0
6157,1.8179832934707265
6158,0.10512015322607476
6159,3.3902557707766094
6160,4.700727518269558
6161,1.0263656912656436
6162,0.19757876073587685
6163,0.1662934477327545
6164,0.133670143397504
6165,0.0
6166,0.12463168852143973
6167,0.11320742177702853
6168,0.0
6169,0.6291856733604319
6170,0.14375942638489522
6171,0.12535664006010622
6172,0.11609011250776365
6173,0.0
6174,0.0
6175,0.0
6176,0.11966135385140757
6177,0.6249403410078966
6178,0.10885694679986734
6179,0.1147913764783398
6180,0.10846391424048947
6181,0.08871175757566002
6182,9.53739496776533
6183,1.3435927112275132
6184,0.33171518550890755
6185,0.18443214009006056
6186,0.0
6187,0.0
6188,0.0
6189,0.0
6190,0.0
6191,0.0
6192,0.0
6193,0.0
6194,0.0
6195,0.0
6196,0.0
6197,0.0
6198,0.0
6199,0.0
6200,0.0
6201,0.0
6202,0.0
6203,0.0
6204,0.11528730134632176
6205,0.10032903974730806
6206,0.1355215349414225
6207,1.0470507944712517
6208,0.6029160387383192
6209,0.16364362097295132
6210,0.0
6211,0.0
6212,0.0
6213,0.16275037495010988
6214,0.0
6215,0.0
6216,0.0
6217,0.0
6218,0.0
6219,0.0
6220,0.0
6221,0.0
6222,0.0
6223,0.0
6224,0.0
6225,0.0
6226,0.1291443145649259
6227,0.12589438631783378
6228,0.10416919085502573
6229,0.11661991574286304
6230,0.13527174035937428
6231,12.651954394488918
6232,8.400232109023248
6233,0.178235854508076
6234,4.207490704635563
6235,0.3715405782010149
6236,1.6318889202169995
6237,0.13333297619491954
6238,0.0
6239,0.0
6240,0.0
6241,0.0
6242,0.0
6243,0.0
6244,0.0
6245,0.0
6246,0.0
6247,0.0
6248,0.0
6249,0.0
6250,0.0
6251,0.0
6252,0.0
6253,0.09342060486404322
6254,0.1363287055328642
6255,0.10720014065477973
6256,0.6258973749146598
6257,0.0
6258,0.0
6259,0.20687837967072695
6260,0.14295726142653625
6261,0.0
6262,0.0
6263,0.0
6264,0.0
6265,0.0
6266,0.0
6267,0.0
6268,0.0
6269,0.0
6270,0.0
6271,0.0
6272,0.0
6273,0.0
6274,0.0
6275,0.13752014370672602
6276,0.14661833707642366
6277,0.11340075936369154
6278,2.9716184531792558
6279,0.1811913394620477
6280,4.260749726182633
6281,4.842285337415338
6282,4.150597192851463
6283,0.7747179111575337
6284,1.0150265307034225
6285,0.250630995646544
6286,0.1519382998109191
6287,0.0
6288,0.0
6289,0.0
6290,0.0
6291,0.0
6292,0.0
6293,0.0
6294,0.0
6295,0.0
6296,0.0
6297,0.13108692400405858
6298,0.13496055317867245
6299,0.10631176100477464
6300,0.09485705228373105
6301,0.0
6302,0.0
6303,0.13096283827305713
6304,0.14286456393869507
6305,0.0
6306,0.0
6307,0.0
6308,0.0
6309,0.0
6310,0.1742126317207523
6311,0.0
6312,0.0
6313,0.0
6314,0.0
6315,0.0
6316,0.0
6317,0.0
6318,0.0
6319,0.0
6320,0.0
6321,0.0
6322,0.0
6323,0.0
6324,0.11513454690411494
6325,0.10787926595943648
6326,0.9773574548486015
6327,0.6869248303675296
6328,0.16855032771539763
6329,0.1321416898350115
6330,0.0
6331,0.16935755958711435
6332,0.13798732905889152
6333,0.0
6334,0.175400324337378
6335,0.0
6336,0.0
6337,0.0
6338,0.0
6339,0.0
6340,0.0
6341,0.0
6342,0.0
6343,0.0
6344,0.0
6345,0.0
6346,0.14733740273971088
6347,0.15021957697730612
6348,2.9879628664161015
6349,0.6873916843497926
6350,0.7012426980859813
6351,3.660462692480921
6352,0.835340821614815
6353,3.5024456126909893
6354,4.319524453938693
6355,0.7171254983200794
6356,3.583471126711554
6357,0.0
6358,0.0
6359,0.6277974709199403
6360,0.0
6361,0.0
6362,0.0
6363,0.0
6364,0.1644804809460673
6365,0.0
6366,1.8543965805975224
6367,0.6326227147236396
6368,0.6386682118049863
6369,1.6645049577739244
6370,0.6228962524099473
6371,0.1583614246865454
6372,2.112585075850661
6373,4.416052566930376
6374,0.19076472278593173
6375,0.19508106073451562
6376,4.559434148696111
6377,0.7238153996678158
6378,4.986988651775323
6379,4.132275524511937
6380,3.52885691164337
6381,0.0
6382,0.0
6383,0.0
6384,0.0
6385,0.0
6386,0.0
6387,1.511400714376618
6388,0.0
6389,0.0
6390,0.0
6391,0.0
6392,0.0
6393,0.0
6394,0.10482320892952145
6395,0.1554299508909314
6396,0.12046845323851567
6397,0.11135975714545367
6398,1.5841490336509267
6399,1.618550052618628
6400,0.0
6401,0.6537280896147057
6402,0.0
6403,0.0
6404,0.656814076113704
6405,0.1302454629430153
6406,0.0
6407,0.0
6408,0.0
6409,0.0
6410,0.0
6411,0.0
6412,0.0
6413,1.6499975426903217
6414,0.1466143658123997
6415,0.0
6416,0.0
6417,0.12024034774448267
6418,0.5874580889026753
6419,0.5646660520483204
6420,10.338772958938454
6421,4.258929181316905
6422,0.7348950114489273
6423,0.22557047979040062
6424,0.0
6425,0.0
6426,0.0
6427,0.0
6428,0.15673553810490637
6429,0.0
6430,4.087923228402348
6431,0.16694446114956876
6432,0.0
6433,0.0
6434,0.0
6435,0.0
6436,0.0
6437,0.0
6438,0.0
6439,0.0
6440,0.0
6441,0.12606256003236174
6442,0.0
6443,0.0
6444,0.1218370325773402
6445,0.1301157046284266
6446,0.0
6447,0.14379341838077445
6448,0.15892181715946022
6449,0.12089653686250593
6450,0.15973022404364226
6451,0.0
6452,0.0
6453,0.6726789060509355
6454,0.0
6455,0.0
6456,0.0
6457,0.0
6458,0.0
6459,0.0
6460,0.0
6461,0.0
6462,0.0
6463,0.0
6464,0.0
6465,0.1342735377385153
6466,0.11946614799722322
6467,0.15304353289854014
6468,0.13416140160466464
6469,0.17525816502335298
6470,1.5825918705321587
6471,0.22138238082435552
6472,4.782236054023537
6473,1.6823352726425485
6474,0.19499384288229915
6475,0.0
6476,0.0
6477,0.0
6478,0.0
6479,0.0
6480,0.0
6481,0.0
6482,0.0
6483,0.0
6484,0.0
6485,0.0
6486,0.0
6487,0.0
6488,0.0
6489,0.11342105072937726
6490,0.12840043499318868
6491,0.17617143129191298
6492,0.1312205586312355
6493,0.15721493974145134
6494,0.6085659675979667
6495,1.6490337195088436
6496,4.698883330964589
6497,1.1277299408575794
6498,4.823792282261513
6499,0.3418377423146431
6500,0.10918981640487203
6501,0.0
6502,0.0
6503,0.0
6504,0.0
6505,0.0
6506,0.0
6507,0.0
6508,0.0
6509,0.0
6510,0.0
6511,0.0
6512,0.0
6513,0.0
6514,0.0
6515,0.0
6516,0.1295712853890075
6517,0.15311897631674373
6518,8.08660988286123
6519,0.7044390280043061
6520,0.0
6521,0.0
6522,0.0
6523,0.0
6524,0.1359481184371114
6525,0.0
6526,0.6169234734324991
6527,0.12553403992367754
6528,0.0
6529,0.0
6530,0.0
6531,0.0
6532,0.0
6533,0.0
6534,0.0
6535,0.0
6536,0.0
6537,0.0
6538,0.0
6539,0.0
6540,0.0
6541,0.0
6542,0.0
6543,0.19272524917829373
6544,0.2702857741720171
6545,0.1479417470723176
6546,0.1544546817752796
6547,0.0
6548,0.0
6549,0.0
6550,0.0
6551,0.0
6552,0.14477361085386836
6553,0.0
6554,0.0
6555,0.0
6556,0.0
6557,0.0
6558,0.0
6559,0.0
6560,0.1367087924526215
6561,0.0
6562,0.0
6563,0.12235361922845496
6564,0.10279578199618755
6565,0.0
6566,0.6266465780421041
6567,0.0
6568,0.19199682157752584
6569,1.758824318382428
6570,1.5298157478344698
6571,0.1804034030282512
6572,0.0
6573,0.0
6574,0.0
6575,0.0
6576,0.0
6577,0.14520401232652563
6578,0.1587870739600363
6579,0.20582191121815255
6580,0.25671160070747234
6581,0.19885155515774977
6582,0.0
6583,0.0
6584,0.0
6585,0.11649268824065116
6586,0.11884708823546386
6587,0.11949545785662946
6588,0.08448055914090351
6589,0.11904998414499884
6590,0.6304055177276283
6591,1.499496863841816
6592,0.7719687898686421
6593,1.8596738472377665
6594,4.8379192844622425
6595,0.21358913227858822
6596,0.29065372379438165
6597,0.854406173304838
6598,0.35408866065031
6599,0.17040515920472724
6600,0.3137139727430172
6601,4.035978422545669
6602,0.33471954079438554
6603,0.7284893694899983
6604,0.21078239431899126
6605,0.1641094119273166
6606,0.26260081913444033
6607,0.22286546172133354
6608,0.18537363598502862
6609,0.22425553598566328
6610,0.113498820611734
6611,0.0
6612,0.20990736650012354
6613,0.1337247015566816
6614,0.0
6615,0.182602978073696
6616,0.19472674211484867
6617,0.12413362021841391
6618,0.0
6619,0.0
6620,0.0
6621,0.0
6622,0.16401200523139453
6623,0.17160698879860853
6624,0.19491359159064092
6625,0.6438856758336292
6626,0.0
6627,0.0
6628,0.0
6629,0.0
6630,0.0
6631,0.0
6632,0.0
6633,0.0
6634,0.14264049406558443
6635,0.1598965766418144
6636,0.24608668675775877
6637,3.5384618457135852
6638,0.17489555996703504
6639,4.287769780807962
6640,0.2540160949508765
6641,0.0
6642,0.0
6643,0.0
6644,0.6719148517164572
6645,0.16979463384063645
6646,0.6832349070827615
6647,0.18679924880710516
6648,0.24549400254493015
6649,0.23176471385530115
6650,0.16314334990021753
6651,0.16173287339101447
6652,0.16784188263595687
6653,0.22544082117853526
6654,0.24590846000895125
6655,1.0645860002177117
6656,1.0421581887463718
6657,0.1719890557415661
6658,0.0
6659,0.0
6660,0.1614459870073966
6661,4.4000300797900564
6662,2.735253504177467
6663,0.17295728800346918
6664,1.983047355081772
6665,0.42466515704709035
6666,0.0
6667,0.0
6668,0.0
6669,0.0
6670,0.0
6671,0.16014258660393835
6672,0.6403086270932307
6673,1.880993576569101
6674,0.20724287384016168
6675,0.6279008124490758
6676,0.25530300941500966
6677,0.17514799977725032
6678,0.1721521411402736
6679,0.15064694189928945
6680,0.21343936719983947
6681,0.5876797331327939
6682,0.13863207502453323
6683,0.10478899071538735
6684,0.1804894866576956
6685,0.1891660411179939
6686,0.11947034506733069
6687,0.0
6688,0.16505745882408818
6689,0.14499900135297425
6690,0.0
6691,0.0
6692,0.0
6693,0.0
6694,0.12207346659054456
6695,0.0
6696,0.0
6697,0.0
6698,0.0
6699,0.0
6700,0.0
6701,0.0
6702,0.0
6703,0.0
6704,0.0
6705,0.0
6706,0.0
6707,0.0
6708,0.0
6709,0.0
6710,0.0
6711,0.14171173748554333
6712,0.0
6713,0.12401839067255585
6714,0.0
6715,0.0
6716,0.6065477759931831
6717,0.0
6718,0.0
6719,0.0
6720,0.0
6721,0.0
6722,0.0
6723,0.0
6724,0.0
6725,0.0
6726,0.0
6727,0.0
6728,0.0
6729,0.11304561575026667
6730,0.11930209251063495
6731,0.16103595997481723
6732,0.0
6733,0.0
6734,0.1412729686980781
6735,0.146557310292955
6736,3.737090882791111
6737,1.9644253465647377
6738,4.650177615628048
6739,0.16621883230364104
6740,0.0
6741,0.1726992971919005
6742,0.12223424385518195
6743,0.0
6744,0.0
6745,0.0
6746,0.0
6747,0.0
6748,0.0
6749,0.0
6750,0.0
6751,0.0
6752,0.0
6753,0.0
6754,0.13967196915190774
6755,0.15231593962712414
6756,0.12297435328565022
6757,1.654105799197087
6758,0.16502341187094122
6759,0.13819493682568873
6760,0.0
6761,0.0
6762,0.0
6763,0.0
6764,0.6359999297418477
6765,0.0
6766,0.0
6767,0.0
6768,0.0
6769,0.0
6770,0.0
6771,0.0
6772,0.0
6773,0.0
6774,0.0
6775,0.12741032966281912
6776,0.13865720869767817
6777,0.0
6778,0.0
6779,0.0
6780,0.6101067078768962
6781,2.8143274806102463
6782,0.20536520731072763
6783,2.81374641003726
6784,0.6010182004140698
6785,0.0
6786,0.0
6787,0.0
6788,0.0
6789,0.0
6790,0.0
6791,0.0
6792,0.0
6793,0.0
6794,0.0
6795,0.0
6796,0.0
6797,0.1322337961439336
6798,0.15965862012867313
6799,0.0
6800,0.0
6801,0.18321888548825066
6802,0.14344047036247198
6803,0.13782779977774054
6804,0.14790992120671645
6805,0.15805079622138077
6806,3.840056880726728
6807,0.0
6808,0.15934669344463068
6809,0.0
6810,0.0
6811,0.0
6812,0.0
6813,0.6623572388944075
6814,0.6842457829982627
6815,0.12530686260062082
6816,0.16072533152749185
6817,0.10368348174455823
6818,0.0
6819,0.0
6820,0.0
6821,0.0
6822,0.0
6823,0.0
6824,0.0
6825,0.0
6826,0.13096028254473444
6827,0.1468959380455414
6828,0.1509021565277537
6829,0.17521257719621983
6830,3.7351641757890683
6831,1.6891302689957461
6832,0.0
6833,0.10860517071589237
6834,0.13358527747365706
6835,0.0
6836,0.0
6837,0.0
6838,0.0
6839,0.0
6840,0.0
6841,0.0
6842,0.0
6843,0.0
6844,0.0
6845,0.0
6846,0.0
6847,0.0
6848,0.0
6849,0.0
6850,0.0
6851,0.0
6852,0.15004036504462365
6853,0.22163550421356829
6854,3.344904544291165
6855,0.4250872202904525
6856,0.28815246145263573
6857,0.11576894099828303
6858,0.14972067003409534
6859,0.22069412323868598
6860,0.0
6861,0.0
6862,0.0
6863,0.0
6864,0.0
6865,0.0
6866,0.0
6867,0.0
6868,0.0
6869,0.0
6870,0.0
6871,0.0
6872,0.0
6873,0.0
6874,0.1374467822842114
6875,0.0
6876,0.0
6877,0.20233371198495356
6878,0.15076572557714038
6879,0.6486392460038972
6880,0.15174801286002812
6881,0.0
6882,0.0
6883,0.0
6884,0.0
6885,0.0
6886,0.0
6887,0.0
6888,0.0
6889,0.0
6890,0.0
6891,0.0
6892,0.0
6893,0.0
6894,0.0
6895,0.0
6896,0.0
6897,0.0
6898,0.12894831482089184
6899,0.13194663609463683
6900,0.1420761671526866
6901,0.12684396303842888
6902,0.13679171088350828
6903,4.140374332260375
6904,4.117758494131812
6905,0.0
6906,0.0
6907,0.0
6908,0.0
6909,0.0
6910,0.0
6911,0.0
6912,0.14395871618055092
6913,0.6679332480672985
6914,0.19095001811843385
6915,0.1694939648263805
6916,0.630402607002565
6917,0.10509433725059304
6918,0.13266131124806443
6919,0.12313995104650956
6920,0.0
6921,3.899238521726966
6922,1.200756780361257
6923,0.32892488557585786
6924,0.32869178909227625
6925,0.26629182866913576
6926,0.18564392343317268
6927,0.17824617811660712
6928,1.772802253937169
6929,0.782674804142152
6930,0.21496088168399638
6931,0.0
6932,0.0
6933,0.0
6934,0.0
6935,0.0
6936,0.0
6937,0.0
6938,0.0
6939,0.0
6940,0.0
6941,0.0
6942,0.0
6943,0.0
6944,0.0
6945,0.0
6946,0.0
6947,0.0
6948,0.14465302730667262
6949,0.10980891654843564
6950,0.17599873542714067
6951,3.351049280867687
6952,0.6350295425180515
6953,0.0
6954,0.0
6955,0.0
6956,0.0
6957,0.0
6958,0.0
6959,0.0
6960,0.0
6961,0.0
6962,0.0
6963,0.0
6964,0.0
6965,0.0
6966,0.0
6967,0.0
6968,0.0
6969,0.12186012084215612
6970,0.14134661287555536
6971,0.12005944285315762
6972,0.15203703607237865
6973,0.0
6974,1.773141457194211
6975,0.16088722650376425
6976,0.6271703475897035
6977,0.6134680701080832
6978,0.0
6979,0.0
6980,0.0
6981,0.0
6982,0.0
6983,0.0
6984,0.0
6985,0.0
6986,0.0
6987,0.0
6988,0.0
6989,0.0
6990,0.0
6991,0.0
6992,0.0
6993,4.112631127426438
6994,5.213400614819659
6995,1.1463921404020467
6996,0.24755869385281923
6997,0.2146513859236357
6998,0.19958305632343654
6999,9.586780794233748
7000,0.4138799443908477
7001,0.0
7002,0.0
7003,0.0
7004,0.0
7005,0.1077613058234305
7006,0.12428011475583668
7007,0.0
7008,0.0
7009,0.0
7010,0.0
7011,0.0
7012,0.0
7013,0.0
7014,0.0
7015,0.0
7016,0.0
7017,0.0
7018,0.0
7019,0.09568080734349584
7020,0.0938853620767209
7021,0.1296522187716349
7022,0.15776424725605562
7023,0.14359924238914187
7024,0.0
7025,0.0
7026,0.0
7027,3.3057130687851255
7028,0.0
7029,0.14730709815926848
7030,0.0
7031,4.8024878568564136
7032,1.1471878037835828
7033,0.11780516472119794
7034,0.1387625576502582
7035,0.14492536013780408
7036,0.1263196554102452
7037,0.0
7038,0.0
7039,0.0
7040,0.0
7041,0.16336094046768398
7042,0.14915885361825967
7043,0.10941624962794895
7044,0.12406957812529487
7045,0.16242545100359143
7046,0.15011460837901858
7047,0.6668299891270096
7048,3.957679987932256
7049,0.37197381041314304
7050,0.2107713018915101
7051,0.0
7052,0.0
7053,0.0
7054,0.0
7055,0.0
7056,0.0
7057,0.19404431522364057
7058,0.0
7059,0.0
7060,0.21415586840763912
7061,0.0
7062,0.0
7063,0.16094482915784097
7064,1.615715089518958
7065,0.14433122605020818
7066,0.13685092363397575
7067,0.13796657407069823
7068,5.000083210712933
7069,0.2934583917485602
7070,5.31475055910488
7071,8.576899838591554
7072,0.40596476377200175
7073,0.0
7074,0.0
7075,0.0
7076,0.0
7077,0.0
7078,0.0
7079,0.0
7080,0.0
7081,0.0
7082,0.0
7083,0.0
7084,0.0
7085,0.0
7086,0.0
7087,0.0
7088,0.0
7089,0.18276099462109205
7090,0.16170974871398686
7091,0.577708399153705
7092,1.5377558060446803
7093,1.7191087597633286
7094,1.3600181747982945
7095,1.5715167146815379
7096,0.7262808858116846
7097,0.18122452466568625
7098,0.16779193060403577
7099,0.0
7100,0.0
7101,0.0
7102,0.0
7103,0.0
7104,0.0
7105,0.0
7106,0.0
7107,0.0
7108,0.0
7109,0.0
7110,0.0
7111,0.0
7112,0.0
7113,0.0
7114,0.0
7115,0.12335211688675765
7116,0.16141224658663292
7117,4.289177294875514
7118,0.6968678648121422
7119,5.986096341974535
7120,0.23118023328094617
7121,0.16764256869609898
7122,0.0
7123,0.0
7124,0.0
7125,0.0
7126,0.0
7127,0.0
7128,0.0
7129,0.0
7130,0.0
7131,0.0
7132,0.0
7133,0.0
7134,0.0
7135,0.0
7136,0.0
7137,0.0
7138,0.0
7139,0.11318131172651952
7140,0.12390335018363235
7141,0.10618304882873482
7142,0.1235049861294308
7143,0.0
7144,0.0
7145,0.0
7146,0.0
7147,0.0
7148,0.0
7149,0.0
7150,0.0
7151,0.0
7152,0.0
7153,0.0
7154,0.0
7155,0.0
7156,0.0
7157,0.0
7158,0.0
7159,0.0
7160,0.0
7161,0.0
7162,0.0
7163,0.13092710887458922
7164,0.16355133453223294
7165,1.7588266561781276
7166,1.4670052511507186
7167,0.0
7168,0.0
7169,0.0
7170,0.0
7171,0.0
7172,0.1456858430948625
7173,0.0
7174,0.0
7175,0.17304884177199303
7176,0.15443980075822691
7177,0.13629357902622757
7178,0.0
7179,0.0
7180,0.0
7181,0.0
7182,0.0
7183,0.0
7184,0.0
7185,0.0
7186,0.0
7187,0.0
7188,0.0
7189,3.752074479738489
7190,1.812598022056191
7191,1.7106041137261185
7192,0.2114106983731127
7193,0.15577651167880427
7194,0.1638322966632622
7195,0.1226799522256252
7196,0.0
7197,1.1504828543603205
7198,0.15907351222560176
7199,0.1568582441704827
7200,0.1144928573530811
7201,0.0
7202,0.0
7203,0.0
7204,0.0
7205,0.0
7206,0.0
7207,0.0
7208,0.0
7209,0.0
7210,0.0
7211,0.12074392897702356
7212,0.14281828153649462
7213,0.15151341320422576
7214,1.7353625101310446
7215,0.6084466712274416
7216,0.0
7217,0.13722111084802308
7218,0.13409716445858966
7219,0.0
7220,0.0
7221,0.0
7222,0.0
7223,0.0
7224,0.0
7225,0.0
7226,0.0
7227,0.0
7228,0.0
7229,0.0
7230,0.0
7231,0.0
7232,0.0
7233,0.0
7234,0.0
7235,0.14781252676748788
7236,0.5861790064429557
7237,0.0
7238,0.13486259799720138
7239,0.1476362521836426
7240,0.13237743192763515
7241,0.12928918559452796
7242,0.0
7243,0.0
7244,0.0
7245,0.0
7246,0.0
7247,0.0
7248,0.0
7249,0.0
7250,0.0
7251,0.0
7252,0.0
7253,0.0
7254,0.0
7255,0.0
7256,0.0
7257,0.0
7258,0.0
7259,0.0
7260,0.0
7261,0.0
7262,0.0
7263,0.0
7264,0.1805703020582667
7265,0.0
7266,0.0
7267,0.0
7268,0.0
7269,0.0
7270,0.0
7271,0.0
7272,0.0
7273,0.0
7274,0.0
7275,0.0
7276,0.0
7277,0.0
7278,0.0
7279,0.0
7280,0.0
7281,0.13002392217977599
7282,0.15733729992955756
7283,0.0
7284,0.0
7285,0.0
7286,0.0
7287,0.0
7288,0.0
7289,0.0
7290,0.0
7291,0.0
7292,0.0
7293,0.6640782709046281
7294,0.19541707926901597
7295,4.1106054491966475
7296,0.15797536706770138
7297,0.16448264507329763
7298,0.14921602145316332
7299,0.1556954033912799
7300,0.18741742569657666
7301,0.662657241446055
7302,0.6631755286588211
7303,0.6525482761561896
7304,0.6740718305407397
7305,0.19753906759774473
7306,0.180399587886313
7307,0.14542374734694538
7308,0.19639508741954312
7309,0.6491650536371625
7310,1.7201848754681914
7311,1.8012970226762468
7312,1.6712869097300038
7313,0.7701755980015708
7314,0.7214942860939373
7315,0.20167083799295293
7316,0.16256711885721192
7317,0.0
7318,0.0
7319,0.0
7320,0.0
7321,0.0
7322,0.0
7323,0.0
7324,0.0
7325,0.0
7326,0.0
7327,0.0
7328,0.0
7329,0.0
7330,0.0
7331,0.14905776368173806
7332,0.6081275329001872
7333,0.0
7334,0.613939722784207
7335,0.1560445107682334
7336,0.0
7337,0.0
7338,0.0
7339,0.0
7340,0.0
7341,0.1582812167584178
7342,0.0
7343,0.0
7344,0.0
7345,0.0
7346,0.0
7347,0.0
7348,0.0
7349,0.0
7350,0.0
7351,0.0
7352,0.0
7353,0.0
7354,0.0
7355,0.139006379525717
7356,0.13691929049634569
7357,0.18820695811639856
7358,0.18460798079070823
7359,1.0630629463073626
7360,1.6822890429798725
7361,1.6586002288977488
7362,1.7674463349890528
7363,0.0
7364,0.0
7365,0.0
7366,0.13070939373170698
7367,0.0
7368,0.0
7369,0.0
7370,0.0
7371,0.0
7372,0.0
7373,0.0
7374,0.0
7375,0.0
7376,0.0
7377,0.0
7378,0.14114053460356624
7379,0.13529260158093248
7380,0.11306249032036235
7381,0.0
7382,0.0
7383,0.0
7384,0.0
7385,0.0
7386,0.0
7387,0.0
7388,0.0
7389,1.738273665020401
7390,0.15640972166851808
7391,0.0
7392,0.0
7393,0.0
7394,0.0
7395,0.0
7396,0.0
7397,0.0
7398,0.0
7399,0.0
7400,0.0
7401,0.0
7402,0.1505936364037981
7403,0.18908255054211176
7404,1.0793665408710194
7405,1.6152993881664521
7406,0.09709104299208068
7407,0.0
7408,0.0
7409,0.0
7410,0.0
7411,0.0
7412,0.0
7413,0.0
7414,0.0
7415,0.0
7416,0.0
7417,0.0
7418,0.0
7419,0.0
7420,0.0
7421,0.0
7422,0.0
7423,0.0
7424,0.0
7425,0.0
7426,0.13952543654761906
7427,0.13681986481210007
7428,0.13085917172402844
7429,0.18790657062359362
7430,1.7478474768849774
7431,0.6285304044146799
7432,0.1569215427049838
7433,0.0
7434,0.0
7435,0.0
7436,0.0
7437,0.16558477355822737
7438,0.0
7439,0.0
7440,0.0
7441,0.0
7442,0.0
7443,0.0
7444,0.0
7445,0.0
7446,0.0
7447,0.0
7448,0.0
7449,0.13076211900073179
7450,0.6063627579826827
7451,0.14941361430401343
7452,0.0
7453,0.6339810932268052
7454,0.0
7455,0.0
7456,0.0
7457,0.0
7458,0.0
7459,0.0
7460,0.0
7461,0.0
7462,0.0
7463,0.0
7464,0.0
7465,0.0
7466,0.0
7467,0.0
7468,0.0
7469,0.0
7470,0.0
7471,0.0
7472,0.0
7473,0.17040713322923995
7474,0.22182610203430372
7475,0.14727119759582644
7476,0.12918164411236827
7477,0.11327088597090416
7478,0.0
7479,0.0
7480,0.0
7481,0.0
7482,0.0
7483,0.0
7484,0.0
7485,0.0
7486,0.0
7487,0.0
7488,0.0
7489,0.0
7490,0.0
7491,0.0
7492,0.0
7493,0.0
7494,0.0
7495,0.0
7496,0.0
7497,0.15021736286024825
7498,0.15734782154990803
7499,0.1303100581563399
7500,0.0
7501,0.0
7502,0.11617745870139122
7503,0.0
7504,0.6486341299726252
7505,0.0
7506,0.0
7507,0.0
7508,0.0
7509,0.0
7510,0.0
7511,0.0
7512,0.0
7513,0.0
7514,0.0
7515,0.0
7516,0.0
7517,0.0
7518,0.0
7519,0.0
7520,0.0
7521,0.0
7522,0.0
7523,0.0
7524,0.0
7525,0.0
7526,0.619532091042405
7527,1.0831924594114093
7528,0.1928470476808157
7529,0.0
7530,0.0
7531,0.0
7532,0.0
7533,0.0
7534,0.0
7535,0.0
7536,0.0
7537,0.0
7538,0.0
7539,0.0
7540,0.0
7541,0.0
7542,0.0
7543,0.0
7544,0.5696221885187145
7545,0.0
7546,0.0
7547,0.0
7548,0.0
7549,0.0
7550,0.0
7551,0.0
7552,0.19297067800436463
7553,0.0
7554,0.0
7555,0.0
7556,0.0
7557,0.0
7558,0.0
7559,0.0
7560,0.0
7561,0.0
7562,0.0
7563,0.0
7564,0.0
7565,0.0
7566,0.0
7567,0.0
7568,0.0
7569,0.12633461399964266
7570,0.1362283355370219
7571,0.0
7572,0.143989345972463
7573,0.686035937426482
7574,0.0
7575,0.6300288805350656
7576,0.0
7577,0.0
7578,0.0
7579,0.0
7580,0.0
7581,0.0
7582,0.0
7583,0.0
7584,0.0
7585,0.0
7586,0.0
7587,0.0
7588,0.0
7589,0.0
7590,0.0
7591,0.0
7592,0.0
7593,0.17695110338629053
7594,0.18858103286484004
7595,0.17352981833723538
7596,0.15648222691308483
7597,0.14889787571398716
7598,0.16925976037816223
7599,0.0
7600,0.0
7601,0.0
7602,0.0
7603,0.0
7604,0.0
7605,0.0
7606,0.0
7607,0.0
7608,0.0
7609,0.0
7610,0.0
7611,0.0
7612,0.0
7613,0.0
7614,0.0
7615,0.0
7616,0.0
7617,0.0
7618,0.0
7619,0.1147871948972172
7620,0.1152893852938717
7621,0.0
7622,0.15291354768120313
7623,0.0
7624,0.0
7625,0.0
7626,0.0
7627,0.0
7628,0.0
7629,0.0
7630,0.0
7631,0.0
7632,0.0
7633,0.0
7634,0.0
7635,0.0
7636,0.0
7637,0.0
7638,0.0
7639,0.0
7640,0.0
7641,0.17095361557076552
7642,0.18795579088691955
7643,0.166209884633615
7644,0.1494538499988107
7645,0.15178023290017179
7646,0.18131954687470853
7647,0.1541386937954979
7648,0.0
7649,0.0
7650,0.0
7651,0.0
7652,0.0
7653,0.0
7654,0.0
7655,0.0
7656,0.0
7657,0.0
7658,0.0
7659,0.0
7660,0.0
7661,0.0
7662,0.0
7663,0.0
7664,0.0
7665,0.0
7666,0.0
7667,0.0
7668,0.0
7669,0.0
7670,0.0
7671,0.0
7672,0.0
7673,0.0
7674,0.0
7675,0.0
7676,0.0
7677,0.0
7678,0.0
7679,0.0
7680,0.0
7681,0.0
7682,0.0
7683,0.0
7684,0.0
7685,0.0
7686,0.0
7687,0.0
7688,0.0
7689,0.0
7690,0.0
7691,0.0
7692,0.0
7693,0.0
7694,0.0
7695,0.0
7696,0.0
7697,0.0
7698,0.0
7699,0.0
7700,0.0
7701,0.0
7702,0.0
7703,0.0
7704,0.0
7705,0.0
7706,0.0
7707,0.0
7708,0.0
7709,0.0
7710,0.0
7711,0.0
7712,0.0
7713,0.0
7714,0.13631131094752144
7715,0.1349930108013447
7716,0.1262266459110012
7717,0.0
7718,0.12206242082699259
7719,0.0
7720,0.0
7721,0.0
7722,0.0
7723,0.0
7724,0.0
7725,0.0
7726,0.0
7727,0.0
7728,0.0
7729,0.0
7730,0.0
7731,0.0
7732,0.0
7733,0.0
7734,0.0
7735,0.0
7736,0.0
7737,0.0
7738,0.0
7739,0.0
7740,0.0
7741,0.0
7742,0.0
7743,0.0
7744,0.0
7745,0.0
7746,0.0
7747,0.0
7748,0.0
7749,0.0
7750,0.0
7751,0.0
7752,0.0
7753,0.0
7754,0.0
7755,0.0
7756,0.0
7757,0.0
7758,0.0
7759,0.0
7760,0.0
7761,0.0
7762,0.0
7763,0.0
7764,0.0
7765,0.0
7766,0.0
7767,0.0
7768,0.0
7769,0.0
7770,0.0
7771,0.0
7772,0.0
7773,0.0
7774,0.0
7775,0.0
7776,0.0
7777,0.0
7778,0.0
7779,0.0
7780,0.0
7781,0.0
7782,0.0
7783,0.0
7784,0.0
7785,0.0
7786,0.0
7787,0.1585544295588278
7788,0.6387071079258314
7789,0.6429798096675586
7790,0.17216450821325477
7791,0.13371090469288469
7792,0.0
7793,0.0
7794,0.0
7795,0.0
7796,0.0
7797,0.0
7798,0.0
7799,0.0
7800,0.0
7801,0.0
7802,0.0
7803,0.0
7804,0.0
7805,0.0
7806,0.0
7807,0.0
7808,0.0
7809,0.0
7810,0.0
7811,0.0
7812,0.0
7813,0.14379957310724825
7814,0.13300856503372493
7815,0.14814784245757465
7816,0.13545219919301973
7817,0.0
7818,0.0
7819,0.0
7820,0.0
7821,0.0
7822,0.0
7823,0.0
7824,0.0
7825,0.0
7826,0.0
7827,0.0
7828,0.0
7829,0.0
7830,0.0
7831,0.0
7832,0.0
7833,0.0
7834,0.0
7835,0.15806350417827147
7836,0.6180811094567918
7837,1.5848276332330735
7838,0.20753749870269597
7839,0.1844535463173947
7840,0.6521825782405247
7841,1.1087978697452976
7842,0.0
7843,0.0
7844,0.0
7845,0.13940952294915854
7846,0.0
7847,1.7308535496022017
7848,0.124158792286326
7849,0.0
7850,0.0
7851,0.0
7852,0.0
7853,0.0
7854,0.0
7855,0.0
7856,0.0
7857,0.13926008220727823
7858,0.13730585811085344
7859,0.14988735904027234
7860,0.15740246117979517
7861,0.0
7862,0.0
7863,0.17612227364926578
7864,0.0
7865,0.0
7866,0.0
7867,0.0
7868,0.0
7869,0.0
7870,0.1841870994230403
7871,0.0
7872,0.0
7873,0.0
7874,0.0
7875,0.0
7876,0.0
7877,0.0
7878,0.0
7879,0.0
7880,0.0
7881,0.0
7882,0.0
7883,0.0
7884,0.0
7885,0.0
7886,0.0
7887,0.0
7888,0.0
7889,0.0
7890,0.0
7891,0.0
7892,0.0
7893,0.0
7894,0.0
7895,0.0
7896,0.0
7897,0.0
7898,0.0
7899,0.0
7900,0.0
7901,0.0
7902,0.0
7903,0.0
7904,0.0
7905,0.0
7906,0.0
7907,0.14161784586857146
7908,0.0
7909,0.12169483889651707
7910,0.0
7911,0.0
7912,0.0
7913,0.0
7914,0.0
7915,0.0
7916,0.0
7917,0.0
7918,0.0
7919,0.0
7920,0.0
7921,0.0
7922,0.0
7923,0.0
7924,0.0
7925,0.0
7926,0.0
7927,0.0
7928,0.0
7929,0.0
7930,0.14634307506345418
7931,0.13104259865028697
7932,0.10560893105338653
7933,0.0
7934,0.0
7935,0.5946500276370109
7936,0.12593556471813727
7937,0.0
7938,0.0
7939,0.0
7940,0.0
7941,0.0
7942,0.0
7943,0.0
7944,0.14995602797331828
7945,0.0
7946,0.0
7947,0.0
7948,0.0
7949,0.0
7950,0.0
7951,0.0
7952,0.0
7953,0.0
7954,0.0
7955,0.0
7956,0.0
7957,0.0
7958,0.11138131959865213
7959,0.1253834700154147
7960,0.1366641293742693
7961,0.0
7962,0.0
7963,0.0
7964,0.0
7965,0.0
7966,0.0
7967,0.0
7968,0.0
7969,0.0
7970,0.0
7971,0.0
7972,0.0
7973,0.0
7974,0.0
7975,0.0
7976,0.0
7977,0.0
7978,0.18100550438141372
7979,0.16828592080579852
7980,0.0
7981,0.0
7982,0.0
7983,0.0
7984,1.665073731051629
7985,0.685545477139586
7986,0.0
7987,0.0
7988,0.0
7989,0.0
7990,0.0
7991,0.0
7992,0.0
7993,0.0
7994,0.0
7995,0.0
7996,0.0
7997,0.0
7998,0.0
7999,0.0
8000,0.0
8001,0.0
8002,0.0
8003,0.0
8004,0.0
8005,0.1419985398104479
8006,0.0
8007,0.0
8008,0.0
8009,0.0
8010,0.0
8011,0.0
8012,0.0
8013,0.0
8014,0.0
8015,0.0
8016,0.0
8017,0.0
8018,0.0
8019,0.0
8020,0.0
8021,0.0
8022,0.0
8023,0.0
8024,0.0
8025,0.16094811421368582
8026,0.0
8027,0.0
8028,0.20148121999554133
8029,0.0
8030,0.19563624418055311
8031,0.0
8032,0.0
8033,0.0
8034,0.0
8035,0.0
8036,0.0
8037,0.0
8038,0.0
8039,0.0
8040,0.0
8041,0.0
8042,0.0
8043,0.0
8044,0.0
8045,0.0
8046,0.0
8047,0.0
8048,0.0
8049,0.0
8050,0.0
8051,0.0
8052,0.11251740749668264
8053,0.0
8054,0.10739762911475191
8055,0.0
8056,0.0
8057,0.0
8058,0.0
8059,0.0
8060,0.0
8061,0.0
8062,0.0
8063,0.0
8064,0.0
8065,0.0
8066,0.0
8067,0.0
8068,0.0
8069,0.0
8070,0.0
8071,0.0
8072,0.0
8073,0.15858985612357684
8074,0.0
8075,0.13372140272372013
8076,0.0
8077,0.0
8078,0.14119856620599544
8079,0.12493598934365338
8080,1.0752060519009674
8081,0.0
8082,0.0
8083,0.0
8084,0.0
8085,0.14862240232602572
8086,0.15115507544498866
8087,0.17458173623557294
8088,0.14647150487471705
8089,0.1565156157224088
8090,0.0
8091,0.0
8092,0.0
8093,0.0
8094,0.0
8095,0.0
8096,0.0
8097,0.0
8098,0.0
8099,0.0
8100,0.0
8101,0.0
8102,0.0
8103,0.0
8104,0.0
8105,0.0
8106,0.0
8107,0.0
8108,0.0
8109,0.0
8110,0.0
8111,0.0
8112,0.0
8113,0.0
8114,0.0
8115,0.0
8116,0.0
8117,0.0
8118,0.0
8119,0.0
8120,0.0
8121,0.0
8122,0.0
8123,0.14499790146028743
8124,0.0
8125,0.1749211521974345
8126,0.11983532403179886
8127,0.10707677843266479
8128,1.4722324345071391
8129,1.6498119634351849
8130,1.6928728777095994
8131,0.0
8132,0.0
8133,0.0
8134,0.0
8135,0.0
8136,0.0
8137,0.0
8138,0.0
8139,0.0
8140,0.0
8141,0.0
8142,0.0
8143,0.0
8144,0.0
8145,0.12365306060977364
8146,0.0
8147,0.0
8148,0.12858923963515423
8149,0.1237152341200265
8150,1.072990104149071
8151,3.8014570117228454
8152,4.085484206628206
8153,4.644538929179598
8154,0.09868460871246552
8155,0.12979451834573777
8156,0.0
8157,0.0
8158,0.0
8159,0.0
8160,0.0
8161,0.0
8162,0.0
8163,0.0
8164,0.0
8165,0.0
8166,0.0
8167,0.0
8168,0.0
8169,0.0
8170,0.1531405711058197
8171,0.14316080880644783
8172,0.1487353095186694
8173,0.1516712752904244
8174,3.7344866646711887
8175,0.65955888112978
8176,0.1351900580151798
8177,0.18056879535153744
8178,0.11988850163473935
8179,0.0
8180,0.0
8181,0.0
8182,0.0
8183,0.0
8184,0.0
8185,0.0
8186,0.0
8187,0.0
8188,0.0
8189,0.0
8190,0.0
8191,0.0
8192,0.0
8193,0.13574202941701072
8194,0.0
8195,0.0
8196,0.0
8197,0.0
8198,0.0
8199,0.0
8200,0.18340758947056768
8201,0.19457678821453983
8202,0.0
8203,0.0
8204,0.0
8205,0.0
8206,0.0
8207,0.0
8208,0.0
8209,0.0
8210,0.0
8211,0.0
8212,0.0
8213,0.0
8214,0.0
8215,0.0
8216,0.0
8217,0.0
8218,0.0
8219,0.0
8220,0.0
8221,0.0
8222,0.0
8223,0.0
8224,0.1455338887284967
8225,0.1599360313114128
8226,0.12331719810503991
8227,0.0
8228,0.0
8229,0.0
8230,0.0
8231,0.0
8232,0.0
8233,0.0
8234,0.0
8235,0.0
8236,0.0
8237,0.0
8238,0.0
8239,0.0
8240,0.0
8241,0.0
8242,0.0
8243,0.0
8244,0.0
8245,0.0
8246,0.0
8247,0.0
8248,0.0
8249,0.0
8250,0.0
8251,0.0
8252,0.0
8253,0.0
8254,0.0
8255,0.0
8256,0.0
8257,0.0
8258,0.0
8259,0.0
8260,0.0
8261,0.0
8262,0.0
8263,0.0
8264,0.0
8265,0.0
8266,0.21337825242788727
8267,0.22339450865676944
8268,3.942782142260629
8269,0.6335352293948175
8270,0.11101276118767696
8271,0.11379092972080956
8272,0.12070381622103855
8273,0.0
8274,0.0
8275,0.0
8276,0.0
8277,0.0
8278,0.0
8279,0.0
8280,0.0
8281,0.0
8282,0.0
8283,0.0
8284,0.0
8285,0.0
8286,0.0
8287,0.0
8288,0.0
8289,0.0
8290,0.0
8291,0.0
8292,0.0
8293,0.0
8294,0.0
8295,0.0
8296,0.0
8297,0.0
8298,0.0
8299,0.0
8300,0.0
8301,0.0
8302,0.0
8303,0.0
8304,0.0
8305,0.0
8306,0.0
8307,0.0
8308,0.0
8309,0.0
8310,0.0
8311,0.0
8312,0.0
8313,0.0
8314,0.0
8315,0.13218044277853797
8316,0.10781905819486963
8317,0.0
8318,0.0
8319,0.0
8320,0.11837551073569239
8321,0.0
8322,0.0
8323,0.0
8324,0.0
8325,0.1427483418560552
8326,0.15773077197657392
8327,0.0
8328,0.0
8329,0.0
8330,0.0
8331,0.0
8332,0.0
8333,0.0
8334,0.0
8335,0.0
8336,0.0
8337,0.0
8338,0.0
8339,0.12955646772081852
8340,0.13599995665649506
8341,0.0
8342,0.0
8343,0.0
8344,0.0
8345,0.0
8346,0.0
8347,0.0
8348,0.0
8349,0.0
8350,0.0
8351,0.0
8352,0.0
8353,0.0
8354,0.0
8355,0.0
8356,0.0
8357,0.0
8358,0.0
8359,0.0
8360,0.0
8361,0.0
8362,0.0
8363,0.0
8364,0.0
8365,0.14871502029041658
8366,0.0
8367,0.0
8368,0.0
8369,0.17319473243224223
8370,0.17046188608495813
8371,0.6520177916577453
8372,0.6675363351022258
8373,9.320140265002912
8374,9.194948960827547
8375,5.218029491014387
8376,1.111852521887603
8377,0.1687547920222099
8378,0.0
8379,0.0
8380,0.0
8381,0.0
8382,0.0
8383,0.0
8384,0.0
8385,0.0
8386,0.0
8387,0.0
8388,0.0
8389,1.7228157464014904
8390,8.425318112695026
8391,0.13496993810473842
8392,0.1332360036417119
8393,0.19142915132272859
8394,0.0
8395,0.0
8396,0.0
8397,0.0
8398,0.0
8399,0.0
8400,0.0
8401,0.0
8402,0.0
8403,0.0
8404,0.0
8405,0.0
8406,0.0
8407,0.0
8408,0.0
8409,0.0
8410,0.1335336758707401
8411,0.0
8412,0.0
8413,0.0
8414,0.0
8415,0.0
8416,0.0
8417,0.0
8418,0.0
8419,0.0
8420,0.0
8421,0.0
8422,0.6420426563312104
8423,0.0
8424,0.0
8425,0.1554345222346831
8426,0.14531028414500985
8427,0.0
8428,0.0
8429,0.0
8430,0.0
8431,0.0
8432,0.0
8433,0.16218047471035116
8434,0.0
8435,0.13741143109329437
8436,0.12906575611054935
8437,0.15090373804756868
8438,0.15753869254126143
8439,0.0
8440,0.15454746331619365
8441,0.0
8442,0.0
8443,0.0
8444,0.0
8445,0.13489560076712967
8446,0.13596885408214962
8447,0.0
8448,0.0
8449,0.0
8450,0.0
8451,0.0
8452,0.0
8453,0.0
8454,0.0
8455,0.0
8456,0.0
8457,0.0
8458,0.1518048430670649
8459,0.0
8460,0.13318465466008678
8461,0.0
8462,0.0
8463,0.0
8464,0.12482200958551153
8465,0.0
8466,0.0
8467,0.0
8468,0.0
8469,0.0
8470,0.0
8471,0.0
8472,0.0
8473,0.0
8474,0.0
8475,0.0
8476,0.0
8477,0.0
8478,0.0
8479,0.0
8480,0.0
8481,0.0
8482,0.13270114313323145
8483,0.13543557377434282
8484,0.14800923096552557
8485,0.18267829531170637
8486,0.16675696950774088
8487,0.12684318311303378
8488,0.1346125808430411
8489,0.12924110847358522
8490,0.0
8491,0.0
8492,0.0
8493,0.13174597644775946
8494,0.0
8495,0.0
8496,0.0
8497,0.0
8498,0.0
8499,0.0
8500,0.0
8501,0.0
8502,0.0
8503,0.0
8504,0.0
8505,0.1353476932160581
8506,0.13353529251225357
8507,0.15944710495626402
8508,0.0
8509,0.0
8510,0.0
8511,0.624446364184991
8512,0.1650729615591931
8513,0.0
8514,0.0
8515,0.0
8516,0.0
8517,0.0
8518,0.0
8519,0.0
8520,0.0
8521,0.0
8522,0.0
8523,0.1584168776858347
8524,0.16205553519619112
8525,0.161996856435561
8526,8.18079440676256
8527,4.353498698479106
8528,0.6338355681951093
8529,0.14458233366973886
8530,0.0
8531,0.14936896399393715
8532,0.16907645770118346
8533,0.0
8534,0.0
8535,0.0
8536,0.0
8537,0.0
8538,0.0
8539,0.0
8540,0.0
8541,0.0
8542,0.0
8543,0.0
8544,0.0
8545,0.0
8546,0.16396628406235286
8547,0.6295712003569094
8548,0.1470226591201874
8549,0.13001639717643523
8550,0.1452193216053376
8551,0.0
8552,0.0
8553,0.0
8554,0.0
8555,0.0
8556,0.1456614497316826
8557,0.14285902378583237
8558,0.0
8559,0.0
8560,0.0
8561,0.0
8562,0.0
8563,0.0
8564,0.0
8565,0.0
8566,0.0
8567,0.0
8568,0.0
8569,0.0
8570,0.0
8571,0.0
8572,0.0
8573,0.0
8574,0.0
8575,0.0
8576,0.0
8577,0.0
8578,0.0
8579,0.13849570335496822
8580,0.0
8581,0.0
8582,0.0
8583,0.1411739315557655
8584,0.0
8585,0.0
8586,0.0
8587,0.0
8588,0.0
8589,0.0
8590,0.14212104958581648
8591,0.0
8592,0.0
8593,0.0
8594,0.0
8595,0.0
8596,0.0
8597,0.0
8598,0.0
8599,0.0
8600,0.0
8601,0.0
8602,0.0
8603,0.0
8604,0.0
8605,0.0
8606,0.0
8607,0.0
8608,0.0
8609,0.0
8610,0.0
8611,0.0
8612,0.0
8613,1.062307129131573
8614,0.0
8615,0.0
8616,0.0
8617,0.0
8618,0.0
8619,0.0
8620,0.0
8621,0.1483198023173622
8622,0.0
8623,0.0
8624,0.0
8625,0.1720544207920777
8626,0.1540611301413715
8627,0.13537939827699255
8628,0.1512489974057954
8629,0.1582843283742222
8630,0.0
8631,0.0
8632,0.0
8633,0.0
8634,0.0
8635,0.0
8636,0.0
8637,0.0
8638,0.0
8639,0.0
8640,0.0
8641,0.0
8642,0.0
8643,0.0
8644,0.0
8645,0.0
8646,0.0
8647,0.0
8648,0.0
8649,0.1504086560364041
8650,0.12846598711952198
8651,0.13497769824544686
8652,0.16970242752133927
8653,0.0
8654,0.0
8655,0.0
8656,0.0
8657,0.0
8658,0.0
8659,0.0
8660,0.0
8661,0.1606060326218546
8662,0.0
8663,0.0
8664,0.0
8665,0.0
8666,0.0
8667,0.0
8668,0.0
8669,0.0
8670,0.0
8671,0.0
8672,0.0
8673,0.1097230824290428
8674,0.12899195450986523
8675,0.6128283665419655
8676,0.17191710198813084
8677,0.1584415563297397
8678,0.10725217189108123
8679,0.0
8680,0.0
8681,0.0
8682,0.0
8683,0.0
8684,0.0
8685,0.0
8686,0.0
8687,0.0
8688,0.0
8689,0.0
8690,0.0
8691,0.0
8692,0.0
8693,0.0
8694,0.0
8695,0.0
8696,0.0
8697,0.0
8698,0.1407320925915996
8699,0.12243641879315226
8700,0.0
8701,0.1406230877647822
8702,0.1264861610438222
8703,0.6154090162536724
8704,0.1445655025802078
8705,0.0
8706,0.0
8707,0.0
8708,0.0
8709,0.0
8710,0.0
8711,0.0
8712,0.0
8713,0.0
8714,0.0
8715,0.0
8716,0.0
8717,0.0
8718,0.0
8719,0.0
8720,0.0
8721,0.0
8722,0.16023778895536106
8723,0.1327831985222949
8724,0.1769342057099597
8725,0.12080825774286388
8726,0.13857993650211356
8727,0.14191430791620105
8728,0.1648286618871288
8729,0.12942265307152237
8730,0.0
8731,0.0
8732,0.0
8733,0.16104428040354216
8734,0.0
8735,0.1524879414476492
8736,0.620443721181308
8737,0.0
8738,0.0
8739,0.0
8740,0.0
8741,0.0
8742,0.0
8743,0.0
8744,0.0
8745,0.0
8746,0.0
8747,0.0
8748,0.14151322410074296
8749,1.9256704624686696
8750,3.5553649730811676
8751,0.0
8752,0.17342186295217418
8753,0.2044654608327271
8754,0.0
8755,0.0
8756,0.0
8757,0.0
8758,0.0
8759,0.0
