id,precipitation
0,0.0
1,0.0
2,0.0
3,0.0
4,0.0
5,0.0
6,0.0
7,0.0
8,0.0
9,0.16638417391014193
10,0.2463865455732826
11,0.18424031825546616
12,0.09086223139286582
13,0.004172418120813234
14,0.0
15,0.0
16,0.0
17,0.0
18,0.0
19,0.0
20,0.0
21,0.2135187331622803
22,0.25884352751243306
23,0.06451381657277036
24,0.0
25,0.0
26,0.0
27,0.0
28,0.0
29,0.0
30,0.0
31,0.0
32,0.0
33,0.0
34,0.0
35,0.0
36,0.0
37,0.0
38,0.0
39,0.0
40,0.0
41,0.0
42,0.0
43,0.0
44,0.0
45,0.0
46,0.0
47,0.0
48,0.0
49,0.0
50,0.0
51,0.0
52,0.0
53,0.0
54,0.0
55,0.0
56,0.0
57,0.0
58,0.0
59,0.0
60,0.0
61,0.0
62,0.0
63,0.0
64,0.0
65,0.0
66,0.0
67,0.0
68,0.0
69,0.0
70,0.0
71,0.0
72,0.0
73,0.0
74,0.0
75,0.0
76,0.0
77,0.0
78,0.0
79,0.0
80,0.0
81,0.0
82,0.0
83,0.0
84,0.0
85,0.0
86,0.0
87,0.0
88,0.0
89,0.0
90,0.0
91,0.0
92,0.0
93,0.0
94,0.0
95,0.0
96,0.0
97,0.0
98,0.0
99,0.0
100,0.0
101,0.0
102,0.0
103,0.0
104,0.0
105,0.0
106,0.0
107,0.0
108,0.0
109,0.0
110,0.0
111,0.0
112,0.0
113,0.0
114,0.0
115,0.0
116,0.0
117,0.0
118,0.0
119,0.0
120,0.0
121,0.0
122,0.0
123,0.0
124,0.0
125,0.0
126,0.0
127,0.0
128,0.0
129,0.0
130,0.0
131,0.0
132,0.0
133,0.0
134,0.0
135,0.0
136,0.0
137,0.0
138,0.0
139,0.0
140,0.0
141,0.0
142,0.0
143,0.0
144,0.0
145,0.0
146,0.0
147,0.0
148,0.0
149,0.0
150,0.0
151,0.0
152,0.0
153,0.0
154,0.0
155,0.04217216252981869
156,0.0
157,0.0
158,0.0
159,0.0
160,0.0
161,0.0
162,0.0
163,0.0
164,0.0
165,0.9107016413351016
166,2.518313278496821
167,4.258229241513253
168,0.7619042048463494
169,0.13064344604343112
170,0.07355119795376729
171,0.0
172,0.0
173,0.0
174,0.0
175,0.0
176,0.0
177,0.0
178,0.07144570927372651
179,0.17579742951763327
180,0.4868305918616843
181,0.5876807244292906
182,0.246329254249581
183,0.1350119073958773
184,0.12220208334568201
185,0.07728326111917116
186,0.0
187,0.0
188,0.0
189,0.0
190,0.0
191,0.0
192,0.0
193,0.0
194,0.0
195,0.0
196,0.0
197,0.0
198,0.0
199,0.0
200,0.0
201,0.0
202,0.0
203,0.0
204,0.0949812033121684
205,0.11193017488043712
206,0.05655694135739508
207,0.0
208,0.0
209,0.0
210,0.0
211,0.0
212,0.0
213,0.0
214,0.0
215,0.0
216,0.0
217,0.0
218,0.0
219,0.0
220,0.0
221,0.0
222,0.0
223,0.0
224,0.0
225,0.0
226,0.0
227,0.333819921839277
228,0.759487305785021
229,0.7458248976198681
230,0.35898459987573283
231,0.09987938627259492
232,0.0
233,0.0
234,0.0
235,0.0
236,0.0
237,0.0
238,0.0
239,0.0
240,0.0
241,0.0
242,0.0
243,0.0
244,0.0
245,0.0
246,0.0
247,0.0
248,0.0
249,0.0
250,0.0
251,0.06423889865080597
252,0.04557303160451362
253,0.10410855569582267
254,0.04981335615609925
255,0.0
256,0.0
257,0.0
258,0.0
259,0.0
260,0.0
261,0.0
262,0.0
263,0.0
264,0.0
265,0.0
266,0.0
267,0.0
268,0.0
269,0.0
270,0.0
271,0.0
272,0.0
273,0.0
274,0.07126568441886338
275,0.10403498962264984
276,0.08287143936848103
277,0.1630076954158536
278,0.2963267940869589
279,0.3417002307157103
280,0.15695258998795547
281,0.08290529441030202
282,0.0
283,0.0
284,0.0
285,0.0
286,0.0
287,0.0
288,0.0
289,0.21033690212671852
290,0.07835836227885422
291,0.0
292,0.0
293,0.0
294,0.0
295,0.0
296,0.0
297,0.0
298,0.02680868605474203
299,0.14711125421133286
300,0.21712625324956153
301,0.3235052350598147
302,0.31802750931467433
303,0.24396551928349347
304,0.17122571413385806
305,0.11760065491179551
306,0.0
307,0.0
308,0.0
309,0.0
310,0.0
311,0.0
312,0.0
313,0.0
314,0.0
315,0.0
316,0.0
317,0.0
318,0.0
319,0.0
320,0.0
321,0.0
322,0.0
323,0.07856315245258681
324,0.1826783956945081
325,0.2190174350601679
326,0.3990842701430565
327,0.39610477080212536
328,0.08537518664463577
329,0.0
330,0.0
331,0.0
332,0.0
333,0.0
334,0.0
335,0.0
336,0.0
337,0.0
338,0.0
339,0.0
340,0.0
341,0.0
342,0.0
343,0.0
344,0.0
345,0.0
346,0.0
347,0.1116134285318709
348,0.62250337746564
349,0.5695112459766771
350,0.1128328650995589
351,0.023126557354862496
352,0.0
353,0.0
354,0.0
355,0.0
356,0.0
357,0.0
358,0.0
359,0.0
360,0.0
361,0.0
362,0.0
363,0.0
364,0.0
365,0.0
366,0.0
367,0.0
368,0.0
369,0.0
370,0.0
371,0.0
372,0.0
373,0.0
374,0.0732055990614775
375,0.18206448809237513
376,0.14782323054304328
377,0.04273974322640665
378,0.0
379,0.0
380,0.0
381,0.0
382,0.0
383,0.0
384,0.0
385,0.0
386,0.0
387,0.0
388,0.0
389,0.0
390,0.0
391,0.0
392,0.0
393,0.0
394,0.0811793119138589
395,0.03488715634818874
396,0.14682107039560707
397,0.09562821271823893
398,0.4445849440980572
399,0.24411654867005653
400,0.32275041925987813
401,0.1380659086021414
402,0.038607680193833774
403,0.12553038588072174
404,0.0
405,0.0
406,0.0
407,0.0
408,0.0
409,0.0
410,0.0
411,0.0
412,0.0
413,0.0
414,0.0
415,0.0
416,0.0
417,0.05077540119285832
418,0.04207642629705276
419,0.2518687684708801
420,0.5676998569098727
421,0.1357560076386845
422,0.07047852137924407
423,0.05326510388906823
424,0.0
425,0.0
426,0.0
427,0.0
428,0.0
429,0.0
430,0.0
431,0.0
432,0.0
433,0.0
434,0.0
435,0.0
436,0.0
437,0.0
438,0.0
439,0.0
440,0.0
441,0.0
442,0.0
443,0.10687645930829182
444,0.39327943188046444
445,0.6290989404542697
446,0.6599309074842367
447,0.4353916769817058
448,0.14153846549280694
449,0.03962122891864684
450,0.0
451,0.0
452,0.0
453,0.0
454,0.0
455,0.0
456,0.0
457,0.0
458,0.0
459,0.0
460,0.0
461,0.0
462,0.0
463,0.0
464,0.0
465,0.0
466,0.021672205774203392
467,0.0817594142928759
468,0.1471849816663912
469,0.1482547411581753
470,0.09551331689174804
471,0.0
472,0.0
473,0.0
474,0.0
475,0.0
476,0.0
477,0.0
478,0.0
479,0.0
480,0.0
481,0.0
482,0.0
483,0.0
484,0.0
485,0.0
486,0.0
487,0.0
488,0.0
489,0.003496525060010819
490,0.0
491,0.057337930665628596
492,0.0
493,0.0
494,0.0
495,0.0
496,0.0
497,0.0
498,0.0
499,0.0
500,0.0
501,0.0
502,0.0
503,0.0
504,0.0
505,0.0
506,0.0
507,0.0
508,0.0
509,0.0
510,0.0
511,0.0
512,0.0
513,0.0
514,0.0
515,0.0
516,0.0
517,0.0
518,0.0
519,0.0
520,0.0
521,0.0
522,0.0
523,0.0
524,0.0
525,0.0
526,0.0
527,0.0
528,0.0
529,0.0
530,0.0
531,0.0
532,0.0
533,0.0
534,0.0
535,0.0
536,0.0
537,0.0
538,0.0
539,0.0
540,0.0
541,0.0
542,0.0
543,0.0
544,0.0
545,0.0
546,0.0
547,0.0
548,0.0
549,0.0
550,0.0
551,0.0
552,0.0
553,0.0
554,0.0
555,0.0
556,0.0
557,0.0
558,0.0
559,0.0
560,0.0
561,0.0
562,0.0
563,0.37167914533074226
564,0.5347187284073003
565,0.1389648973580736
566,0.09946850571085265
567,0.32623635982950044
568,0.6888238269194422
569,0.4176814756068323
570,0.14487105252347895
571,1.022743840196993
572,0.24976949545813446
573,0.03783434528225179
574,0.0
575,0.0
576,0.0
577,0.0
578,0.031922758638058706
579,0.0
580,0.0
581,0.0
582,0.0
583,0.0
584,0.0
585,0.1537730423605505
586,0.28525159797095917
587,0.24760133776753127
588,0.4086936249966875
589,0.37615490382159383
590,0.1360221337342058
591,0.02884084504398407
592,0.0
593,0.0
594,0.0
595,0.0
596,0.0
597,0.0
598,0.0
599,0.0
600,0.0
601,0.0
602,0.0
603,0.0
604,0.0
605,0.0
606,0.0
607,0.0
608,0.0
609,0.0
610,0.0
611,0.0
612,0.0
613,0.09719027679052265
614,0.0796108538692009
615,0.0
616,0.0
617,0.0
618,0.0
619,0.0
620,0.0
621,0.08254692929280655
622,0.050168853364931994
623,0.0
624,0.0
625,0.0
626,0.0
627,0.0
628,0.0
629,0.0
630,0.0
631,0.0
632,0.0
633,0.0
634,0.0
635,0.0
636,0.0
637,0.0
638,0.0
639,0.0
640,0.0
641,0.0
642,0.0
643,0.0
644,0.0
645,0.13608005755130168
646,0.5256487062856273
647,0.04529074021273618
648,0.0
649,0.0
650,0.0
651,0.0
652,0.0
653,0.0
654,0.0
655,0.0
656,0.0
657,0.0
658,0.0
659,0.0
660,0.0
661,0.0
662,0.0
663,0.0
664,0.0
665,0.0
666,0.0
667,0.0
668,0.0
669,0.0
670,0.0
671,0.0
672,0.0
673,0.0
674,0.0
675,0.0
676,0.0
677,0.0
678,0.0
679,0.0
680,0.0
681,0.0
682,0.0
683,0.0
684,0.0
685,0.0
686,0.0
687,0.0
688,0.0
689,0.0
690,0.0
691,0.0
692,0.0
693,0.03353618293294932
694,0.0
695,0.0
696,0.0
697,0.0
698,0.0
699,0.0
700,0.0
701,0.0
702,0.0
703,0.0
704,0.0
705,0.0
706,0.0
707,0.057744116622711956
708,0.0
709,0.0
710,0.0
711,0.0
712,0.0
713,0.0
714,0.0
715,0.0
716,0.0
717,0.0
718,0.0
719,0.0
720,0.0
721,0.0
722,0.0
723,0.0
724,0.0
725,0.0
726,0.0
727,0.0
728,0.0
729,0.0
730,0.0
731,0.2568228939792282
732,0.05535459894906688
733,0.07095488100366587
734,0.26518036333069667
735,0.25585838118035137
736,0.0
737,0.0
738,0.0
739,0.0
740,0.0
741,0.0
742,0.0
743,0.0
744,0.0
745,0.0
746,0.0
747,0.0
748,0.0
749,0.0
750,0.0
751,0.0
752,0.0
753,0.0
754,0.0
755,0.09382688374669738
756,0.279259708795688
757,0.39643306669782896
758,0.2686540572949135
759,0.0
760,0.0
761,0.0
762,0.0
763,0.0
764,0.0
765,0.0
766,0.0
767,0.0
768,0.0
769,0.0
770,0.0
771,0.0
772,0.0
773,0.0
774,0.0
775,0.0
776,0.0
777,0.0
778,0.0
779,0.0
780,0.02743273357135465
781,0.05560935734610879
782,0.0
783,0.0
784,0.0
785,0.0
786,0.0
787,0.0
788,0.0
789,0.0
790,0.0
791,0.0
792,0.0
793,0.0
794,0.0
795,0.0
796,0.0
797,0.0
798,0.0
799,0.0
800,0.0
801,0.0
802,0.0
803,0.12908591645765186
804,0.11932699476378664
805,0.0
806,0.0
807,0.0
808,0.0
809,0.0
810,0.0
811,0.0
812,0.0
813,0.0
814,0.0
815,0.0
816,0.0
817,0.0
818,0.0
819,0.0
820,0.0
821,0.0
822,0.0
823,0.0
824,0.0
825,0.0
826,0.0
827,0.0
828,0.0
829,0.0
830,0.0
831,0.0
832,0.0
833,0.0
834,0.0
835,0.0
836,0.0
837,0.0
838,0.0
839,0.0
840,0.0
841,0.0
842,0.0
843,0.0
844,0.0
845,0.0
846,0.0
847,0.0
848,0.0
849,0.0
850,0.06302889040768457
851,0.0
852,0.0
853,0.0
854,0.0
855,0.0
856,0.0
857,0.0
858,0.0
859,0.0
860,0.0
861,0.0
862,0.0
863,0.0
864,0.0
865,0.0
866,0.0
867,0.0
868,0.0
869,0.0
870,0.0
871,0.0
872,0.0
873,0.0
874,0.04830138324419757
875,0.3869807961412688
876,0.3292567142461356
877,0.06618796624237176
878,0.0
879,0.0
880,0.0
881,0.0
882,0.0
883,0.0
884,0.0
885,0.0
886,0.0
887,0.0
888,0.0
889,0.0
890,0.0
891,0.0
892,0.0
893,0.0
894,0.0
895,0.0
896,0.0
897,0.0
898,0.006423812649082092
899,0.19990078312023052
900,0.45433087111754106
901,1.2627162499585909
902,0.7173195981998484
903,0.38224696113426737
904,0.20290572430579168
905,0.03050376514040939
906,0.0820725721232441
907,0.0
908,0.0
909,0.562572680973262
910,0.730354992838682
911,0.648897529990613
912,0.6301638842454723
913,0.14800160426225129
914,0.0
915,0.1362203337556921
916,0.0812607763822586
917,0.18727513980647306
918,0.175426721134071
919,0.10870100846023306
920,0.08658026871961882
921,0.04695221623510999
922,0.18598107923299628
923,0.23360447046232316
924,0.5885989019782858
925,0.46822167621191757
926,0.24828831231798495
927,0.05659391121659583
928,0.08104205599725929
929,0.0
930,0.0
931,0.0
932,0.0
933,0.0
934,0.0
935,0.0
936,0.0
937,0.0
938,0.0
939,0.0
940,0.0
941,0.0
942,0.10266687020721285
943,0.1073774151734326
944,0.0
945,0.2232949987708373
946,0.10453699021631999
947,0.04783269759876639
948,0.054998755691183246
949,0.11926819435212034
950,0.1216992695989763
951,0.0720164308700309
952,0.0
953,0.0
954,0.0
955,0.0
956,0.0
957,0.0
958,0.0
959,0.0
960,0.0
961,0.0
962,0.0
963,0.0
964,0.0
965,0.0
966,0.0
967,0.0
968,0.0
969,0.020141296698034886
970,0.02418606639214622
971,0.0
972,0.0
973,0.0
974,0.0
975,0.0
976,0.0
977,0.0
978,0.0
979,0.0
980,0.0
981,0.0
982,0.0
983,0.0
984,0.0
985,0.0
986,0.0
987,0.0
988,0.0
989,0.0
990,0.0
991,0.0
992,0.0
993,0.0
994,0.0
995,0.0
996,0.0
997,0.0
998,0.0
999,0.0
1000,0.0
1001,0.0
1002,0.0
1003,0.0
1004,0.0
1005,0.0
1006,0.0
1007,0.0
1008,0.0
1009,0.0
1010,0.0
1011,0.0
1012,0.0
1013,0.0
1014,0.0
1015,0.0
1016,0.0
1017,0.0
1018,0.0
1019,0.0
1020,0.0
1021,0.0
1022,0.0
1023,0.0
1024,0.0
1025,0.0
1026,0.0
1027,0.0
1028,0.0
1029,0.0
1030,0.0
1031,0.0
1032,0.0
1033,0.0
1034,0.0
1035,0.0
1036,0.0
1037,0.0
1038,0.0
1039,0.0
1040,0.0
1041,0.0
1042,0.046999647984088885
1043,0.16343119974901069
1044,0.4120167312340111
1045,0.7665739768869969
1046,0.6790569920689753
1047,0.4288326222826707
1048,0.0
1049,0.0
1050,0.0
1051,0.0
1052,0.0
1053,0.0
1054,0.0
1055,0.0
1056,0.0
1057,0.0
1058,0.0
1059,0.0
1060,0.0
1061,0.0
1062,0.0
1063,0.0
1064,0.0
1065,0.0
1066,0.0
1067,0.0
1068,0.0
1069,0.0
1070,0.0
1071,0.0
1072,0.0
1073,0.0
1074,0.0
1075,0.0
1076,0.0
1077,0.0
1078,0.0
1079,0.0
1080,0.0
1081,0.0
1082,0.0
1083,0.0
1084,0.0
1085,0.0
1086,0.0
1087,0.0
1088,0.0
1089,0.0
1090,0.0
1091,0.0
1092,0.0
1093,0.0
1094,0.0
1095,0.0
1096,0.0
1097,0.0
1098,0.0
1099,0.0
1100,0.0
1101,0.0
1102,0.0
1103,0.0
1104,0.0
1105,0.0
1106,0.0
1107,0.0
1108,0.0
1109,0.0
1110,0.0
1111,0.0
1112,0.0
1113,0.0
1114,0.0
1115,0.0
1116,0.045672684680837315
1117,0.02454309116338682
1118,0.0
1119,0.0
1120,0.0
1121,0.0
1122,0.0
1123,0.0
1124,0.0
1125,0.0
1126,0.0
1127,0.0
1128,0.0
1129,0.0
1130,0.0
1131,0.0
1132,0.0
1133,0.0
1134,0.0
1135,0.0
1136,0.0
1137,0.0
1138,0.045879163707988876
1139,0.1485845464219283
1140,0.4175593407912058
1141,0.657813513921452
1142,0.8561313258846749
1143,0.596105019337656
1144,0.2394063258817623
1145,0.0
1146,0.0
1147,0.0
1148,0.0
1149,0.0922708050018112
1150,0.11011291639831695
1151,0.06071233089938453
1152,0.0
1153,0.0
1154,0.0
1155,0.0
1156,0.0
1157,0.0
1158,0.0
1159,0.0
1160,0.0
1161,0.0
1162,0.0
1163,0.0
1164,0.0
1165,0.08309690043403963
1166,0.08908817840444652
1167,0.0
1168,0.0
1169,0.0
1170,0.0
1171,0.0
1172,0.0
1173,0.0
1174,0.0
1175,0.0
1176,0.0
1177,0.0
1178,0.0
1179,0.0
1180,0.0
1181,0.0
1182,0.0
1183,0.0
1184,0.0
1185,0.0
1186,0.0
1187,0.0
1188,0.0
1189,0.0
1190,0.0
1191,0.0
1192,0.0
1193,0.0
1194,0.0
1195,0.0
1196,0.0
1197,0.0
1198,0.0
1199,0.0
1200,0.0
1201,0.0
1202,0.0
1203,0.0
1204,0.0
1205,0.0
1206,0.0
1207,0.0
1208,0.0
1209,0.0
1210,0.0
1211,0.0
1212,0.0
1213,0.0
1214,0.0
1215,0.0
1216,0.0
1217,0.0
1218,0.0
1219,0.0
1220,0.0
1221,0.0
1222,0.0
1223,0.0
1224,0.0
1225,0.0
1226,0.0
1227,0.0
1228,0.0
1229,0.0
1230,0.0
1231,0.0
1232,0.0
1233,0.0
1234,0.0
1235,0.0
1236,0.0
1237,0.0
1238,0.0
1239,0.0
1240,0.0
1241,0.0
1242,0.0
1243,0.0
1244,0.0
1245,0.0
1246,0.0
1247,0.0
1248,0.0
1249,0.0
1250,0.0
1251,0.0
1252,0.0
1253,0.0
1254,0.0
1255,0.0
1256,0.0
1257,0.0
1258,0.0
1259,0.0
1260,0.0
1261,0.0
1262,0.0
1263,0.0
1264,0.0
1265,0.0
1266,0.0
1267,0.0
1268,0.0
1269,0.0
1270,0.0
1271,0.0
1272,0.0
1273,0.0
1274,0.0
1275,0.0
1276,0.0
1277,0.0
1278,0.0
1279,0.0
1280,0.0
1281,0.0
1282,0.0
1283,0.044550936769659634
1284,0.0
1285,0.0
1286,0.0
1287,0.0
1288,0.0
1289,0.0
1290,0.0
1291,0.0
1292,0.0
1293,0.0
1294,0.0
1295,0.0
1296,0.0
1297,0.0
1298,0.0
1299,0.0
1300,0.0
1301,0.0
1302,0.0
1303,0.0
1304,0.0
1305,0.0
1306,0.13757095470557199
1307,0.30020515214944676
1308,0.29543233943875646
1309,0.10542592781250044
1310,0.0
1311,0.0
1312,0.0
1313,0.0
1314,0.0
1315,0.0
1316,0.0
1317,0.0
1318,0.0
1319,0.0
1320,0.0
1321,0.0
1322,0.0
1323,0.0
1324,0.0
1325,0.0
1326,0.0
1327,0.0
1328,0.0
1329,0.0
1330,0.0
1331,0.0
1332,0.0
1333,0.0
1334,0.0
1335,0.0
1336,0.0
1337,0.0
1338,0.0
1339,0.0
1340,0.0
1341,0.0
1342,0.0
1343,0.0
1344,0.0
1345,0.0
1346,0.0
1347,0.0
1348,0.0
1349,0.0
1350,0.0
1351,0.0
1352,0.0
1353,0.0
1354,0.0
1355,0.0
1356,0.0
1357,0.0
1358,0.0
1359,0.564385707779451
1360,0.04967532868844017
1361,0.0
1362,0.0
1363,0.0
1364,0.0
1365,0.0
1366,0.0
1367,0.0
1368,0.0
1369,0.0
1370,0.0
1371,0.0
1372,0.0
1373,0.0
1374,0.0
1375,0.0
1376,0.0
1377,0.0
1378,0.10108240067330349
1379,0.0
1380,0.0
1381,0.0
1382,0.0
1383,0.0
1384,0.0
1385,0.0
1386,0.0
1387,0.0
1388,0.0
1389,0.0
1390,0.0
1391,0.0
1392,0.0
1393,0.0
1394,0.0
1395,0.0
1396,0.0
1397,0.0
1398,0.0
1399,0.0
1400,0.0
1401,0.0
1402,0.0
1403,0.0
1404,0.0
1405,0.0
1406,0.0
1407,0.0
1408,0.0
1409,0.0
1410,0.0
1411,0.0
1412,0.0
1413,0.0
1414,0.0
1415,0.0
1416,0.0
1417,0.0
1418,0.0
1419,0.0
1420,0.0
1421,0.0
1422,0.0
1423,0.0
1424,0.0
1425,0.0
1426,0.0
1427,0.0
1428,0.0
1429,0.0
1430,0.0
1431,0.0
1432,0.0
1433,0.0
1434,0.0
1435,0.0
1436,0.0
1437,0.0
1438,0.0
1439,0.0
1440,0.0
1441,0.0
1442,0.0
1443,0.0
1444,0.0
1445,0.0
1446,0.0
1447,0.0
1448,0.0
1449,0.0
1450,0.0
1451,0.0
1452,0.0
1453,0.0
1454,0.0
1455,0.0
1456,0.0
1457,0.0
1458,0.0
1459,0.0
1460,0.0
1461,0.0
1462,0.0
1463,0.0
1464,0.0
1465,0.0
1466,0.0
1467,0.0
1468,0.0
1469,0.0
1470,0.0
1471,0.0
1472,0.0
1473,0.0
1474,0.0
1475,0.0
1476,0.0
1477,0.0
1478,0.0
1479,0.0
1480,0.0
1481,0.0
1482,0.0
1483,0.0
1484,0.0
1485,0.0
1486,0.0
1487,0.0
1488,0.0
1489,0.0
1490,0.0
1491,0.0
1492,0.0
1493,0.0
1494,0.0
1495,0.0
1496,0.0
1497,0.0
1498,0.0
1499,0.0
1500,0.069466197447745
1501,0.09145955377361889
1502,0.0729800809494446
1503,0.0
1504,0.0
1505,0.0
1506,0.0
1507,0.0
1508,0.0
1509,0.0
1510,0.0
1511,0.0
1512,0.0
1513,0.0
1514,0.0
1515,0.0
1516,0.0
1517,0.0
1518,0.0
1519,0.0
1520,0.0
1521,0.0
1522,0.0
1523,0.08961318720369925
1524,0.0
1525,0.0
1526,0.0
1527,0.0
1528,0.0
1529,0.0
1530,0.0
1531,0.0
1532,0.0
1533,0.0
1534,0.0
1535,0.0
1536,0.0
1537,0.0
1538,0.0
1539,0.0
1540,0.0
1541,0.0
1542,0.0
1543,0.0
1544,0.0
1545,0.0
1546,0.0
1547,0.0
1548,0.0
1549,0.0
1550,0.0
1551,0.0
1552,0.0
1553,0.0
1554,0.0
1555,0.0
1556,0.0
1557,0.0
1558,0.0
1559,0.0
1560,0.0
1561,0.0
1562,0.0
1563,0.0
1564,0.0
1565,0.0
1566,0.0
1567,0.0
1568,0.0
1569,0.0
1570,0.0
1571,0.0
1572,0.0
1573,0.0
1574,0.0
1575,0.0
1576,0.0
1577,0.0
1578,0.0
1579,0.0
1580,0.0
1581,0.0
1582,0.0
1583,0.0
1584,0.0
1585,0.0
1586,0.0
1587,0.0
1588,0.0
1589,0.0
1590,0.0
1591,0.0
1592,0.0
1593,0.0
1594,0.0
1595,0.0
1596,0.0
1597,0.0
1598,0.022466758794256674
1599,0.04778808463766402
1600,0.036331292457690435
1601,0.07099910011506574
1602,0.0
1603,0.0
1604,0.0
1605,0.0
1606,0.0
1607,0.0
1608,0.0
1609,0.0
1610,0.0
1611,0.0
1612,0.0
1613,0.0
1614,0.0
1615,0.0
1616,0.0
1617,0.0
1618,0.0
1619,0.0
1620,0.0
1621,0.0
1622,0.0
1623,0.0
1624,0.5573632256533623
1625,0.30155642746146794
1626,0.08071346006279459
1627,0.02846203195707661
1628,0.13944561964780747
1629,0.13860832548698582
1630,0.0
1631,0.04016006360838624
1632,0.10578675483483416
1633,0.11472577763101655
1634,0.06640400325746364
1635,0.037453113642382824
1636,0.0
1637,0.0
1638,0.0
1639,0.0
1640,0.0
1641,0.0
1642,0.0
1643,0.0
1644,0.0
1645,0.0
1646,0.0
1647,0.0
1648,0.19511831091921422
1649,0.05531128539051234
1650,0.048266686566612566
1651,0.10244048970988513
1652,0.053412683808874165
1653,0.24197838525178608
1654,0.18196042066548143
1655,0.17047072545302713
1656,0.1744178243585371
1657,0.24300484626338278
1658,0.34099237190954645
1659,0.12967899537401
1660,0.0
1661,0.0
1662,0.0
1663,0.031164568441649918
1664,0.037603218888736474
1665,0.0
1666,0.0409255102206873
1667,0.0
1668,0.0
1669,0.0
1670,0.0
1671,0.0
1672,0.0
1673,0.0
1674,0.0
1675,0.03776118365224493
1676,0.002903640403409865
1677,0.083189422573139
1678,0.18825891647947063
1679,0.14653414440767862
1680,0.19637766101482093
1681,0.10586792178768074
1682,0.1528459174178898
1683,0.16730768829688122
1684,0.04159693897901201
1685,0.0
1686,0.04239774644963258
1687,0.112855204569486
1688,0.22509155562286196
1689,0.08961528762589727
1690,0.08990888141707293
1691,0.11756830632256363
1692,0.07612017994820126
1693,0.025056502470996802
1694,0.0
1695,0.0
1696,0.10574073709082824
1697,0.03872125408885888
1698,0.0
1699,0.0
1700,0.0
1701,0.0
1702,0.0
1703,0.0
1704,0.0
1705,0.0
1706,0.0
1707,0.0
1708,0.0
1709,0.0
1710,0.0
1711,0.0
1712,0.0
1713,0.0
1714,0.0
1715,0.0
1716,0.0
1717,0.0
1718,0.0
1719,0.0
1720,0.0
1721,0.0
1722,0.0
1723,0.0
1724,0.0
1725,0.0
1726,0.0
1727,0.0
1728,0.0
1729,0.0
1730,0.0
1731,0.0
1732,0.0
1733,0.0
1734,0.0
1735,0.0
1736,0.0
1737,0.0
1738,0.08185179891858875
1739,0.07005856463860864
1740,0.11339752027622668
1741,0.16246365551433745
1742,0.15558985118550964
1743,0.13363351423810146
1744,0.06800370437206271
1745,0.0
1746,0.0
1747,0.0
1748,0.0
1749,0.0
1750,0.0
1751,0.0
1752,0.0
1753,0.0
1754,0.0
1755,0.0
1756,0.0
1757,0.0
1758,0.0
1759,0.0
1760,0.0
1761,0.0
1762,0.0
1763,0.0
1764,0.0
1765,0.09675959176749556
1766,0.10157091331946888
1767,0.1071876018468723
1768,0.0
1769,0.0
1770,0.0
1771,0.0
1772,0.0
1773,0.0
1774,0.0
1775,0.0
1776,0.0
1777,0.0
1778,0.0
1779,0.0
1780,0.0
1781,0.0
1782,0.0
1783,0.0
1784,0.0
1785,0.0
1786,0.0853878587375027
1787,0.0
1788,0.9408493578398629
1789,1.6537377391643335
1790,0.312042778647885
1791,1.0015386008839064
1792,0.5929537935595449
1793,0.040651800162621515
1794,0.15073142423793157
1795,0.0023635269386524265
1796,0.0
1797,0.0
1798,0.0
1799,0.0
1800,0.0
1801,0.0
1802,0.0
1803,0.0
1804,0.0
1805,0.0
1806,0.0
1807,0.0
1808,0.0
1809,0.0
1810,0.05172319956007664
1811,0.0
1812,0.42610758645407126
1813,0.6073500162002433
1814,0.5512845239539137
1815,0.26350988681802784
1816,0.03464861494752205
1817,0.0
1818,0.0
1819,0.0
1820,0.0
1821,0.0
1822,0.0
1823,0.0
1824,0.0
1825,0.0
1826,0.0
1827,0.0
1828,0.0
1829,0.0
1830,0.0
1831,0.0
1832,0.0
1833,0.0
1834,0.08718765025936885
1835,0.2389522233168223
1836,0.0885115120012971
1837,0.09966093551909817
1838,0.0509413039697993
1839,0.0
1840,0.0
1841,0.0
1842,0.0
1843,0.0
1844,0.0
1845,0.0
1846,0.0
1847,0.0
1848,0.0
1849,0.0
1850,0.0
1851,0.0
1852,0.0
1853,0.0
1854,0.0
1855,0.0
1856,0.0
1857,0.0
1858,0.11101946711404694
1859,0.1519433599193215
1860,0.07272411957029785
1861,0.04218578549331497
1862,0.07571752259360484
1863,0.041464828429982066
1864,0.0
1865,0.0
1866,0.0
1867,0.0
1868,0.0
1869,0.0
1870,0.0
1871,0.0
1872,0.0
1873,0.0
1874,0.0
1875,0.0
1876,0.0
1877,0.0
1878,0.0
1879,0.0
1880,0.0
1881,0.0
1882,0.0
1883,0.0
1884,0.0
1885,0.0
1886,0.0
1887,0.0
1888,0.0
1889,0.0
1890,0.0
1891,0.0
1892,0.0
1893,0.0
1894,0.0
1895,0.0
1896,0.0
1897,0.0
1898,0.0
1899,0.0
1900,0.0
1901,0.0
1902,0.0
1903,0.0
1904,0.0
1905,0.0
1906,0.08243476024409312
1907,0.15588222093438847
1908,0.2523336962067317
1909,0.15523408357324397
1910,0.11597051908365956
1911,0.14373982321254145
1912,0.24545855718010204
1913,0.2423167283934253
1914,0.0
1915,0.0
1916,0.0
1917,0.0
1918,0.0
1919,0.0
1920,0.0
1921,0.0
1922,0.0
1923,0.0
1924,0.0
1925,0.0
1926,0.0
1927,0.0
1928,0.0
1929,0.0
1930,0.0
1931,0.0
1932,0.0
1933,0.0
1934,0.0
1935,0.0
1936,0.0
1937,0.01902263755653298
1938,0.0
1939,0.0
1940,0.0
1941,0.0
1942,0.0
1943,0.0
1944,0.0
1945,0.0
1946,0.0
1947,0.0
1948,0.0
1949,0.0
1950,0.0
1951,0.0
1952,0.0
1953,0.0
1954,0.0
1955,0.03127719542326498
1956,0.0
1957,0.0
1958,0.0
1959,0.0
1960,0.0
1961,0.05399038605354284
1962,0.0
1963,0.0
1964,0.0
1965,0.0
1966,0.0
1967,0.0
1968,0.0
1969,0.0
1970,0.0
1971,0.0
1972,0.0
1973,0.0
1974,0.0
1975,0.0
1976,0.0
1977,0.0
1978,0.0
1979,0.0
1980,0.0
1981,0.0
1982,0.0
1983,0.0
1984,0.0
1985,0.0
1986,0.0
1987,0.0
1988,0.0
1989,0.0
1990,0.0
1991,0.0
1992,0.0
1993,0.0
1994,0.0
1995,0.0
1996,0.0
1997,0.0
1998,0.0
1999,0.0
2000,0.0
2001,0.0
2002,0.0
2003,0.0
2004,0.0
2005,0.0
2006,0.03499393657258796
2007,0.07854983039056956
2008,0.0
2009,0.0
2010,0.0
2011,0.0
2012,0.0
2013,0.0
2014,0.0
2015,0.0
2016,0.0
2017,0.0
2018,0.0
2019,0.0
2020,0.0
2021,0.0
2022,0.0
2023,0.0
2024,0.0
2025,0.0
2026,0.0
2027,0.0
2028,0.0
2029,0.0
2030,0.0
2031,0.0
2032,0.0
2033,0.0
2034,0.0
2035,0.0
2036,0.0
2037,0.0
2038,0.0
2039,0.0
2040,0.0
2041,0.0
2042,0.0
2043,0.0
2044,0.0
2045,0.0
2046,0.0
2047,0.0
2048,0.0
2049,0.0
2050,0.0
2051,0.0
2052,0.0
2053,0.0
2054,0.0
2055,0.0
2056,0.0
2057,0.0
2058,0.0
2059,0.0
2060,0.0
2061,0.0
2062,0.0
2063,0.0
2064,0.0
2065,0.0
2066,0.0
2067,0.0
2068,0.0
2069,0.0
2070,0.0
2071,0.0
2072,0.0
2073,0.11441868866371437
2074,0.35189725400483607
2075,0.12060449504165364
2076,0.04224521444539828
2077,0.0
2078,0.0
2079,0.0
2080,0.0
2081,0.0
2082,0.0
2083,0.0
2084,0.0
2085,0.0
2086,0.0
2087,0.0
2088,0.0
2089,0.0
2090,0.0
2091,0.0
2092,0.0
2093,0.0
2094,0.0
2095,0.0
2096,0.0
2097,0.0
2098,0.06445284677814678
2099,0.0
2100,0.0
2101,0.0
2102,0.0
2103,0.0
2104,0.0
2105,0.0
2106,0.0
2107,0.0
2108,0.0
2109,0.0
2110,0.0
2111,0.0
2112,0.0
2113,0.0
2114,0.0
2115,0.0
2116,0.0
2117,0.0
2118,0.0
2119,0.0
2120,0.0
2121,0.0
2122,0.0
2123,0.0
2124,0.0
2125,0.0
2126,0.0
2127,0.0
2128,0.0
2129,0.0
2130,0.0
2131,0.0
2132,0.0
2133,0.0
2134,0.0
2135,0.0
2136,0.0
2137,0.0
2138,0.0
2139,0.0
2140,0.0
2141,0.0
2142,0.0
2143,0.0
2144,0.0
2145,0.0
2146,0.05426719069572254
2147,0.14487194608357964
2148,0.2721484185214072
2149,0.4554506311123779
2150,0.4326132434331041
2151,0.27873220525971476
2152,0.3196010729476654
2153,0.20589755909743623
2154,0.0
2155,0.0
2156,0.0
2157,0.0
2158,0.0
2159,0.0
2160,0.0
2161,0.0
2162,0.0
2163,0.0
2164,0.0
2165,0.0
2166,0.0
2167,0.0
2168,0.0
2169,0.0
2170,0.0
2171,0.0
2172,0.0
2173,0.0
2174,0.0
2175,0.0
2176,0.0
2177,0.0
2178,0.0
2179,0.0
2180,0.0
2181,0.0
2182,0.0
2183,0.0
2184,0.0
2185,0.0
2186,0.0
2187,0.0
2188,0.0
2189,0.0
2190,0.0
2191,0.0
2192,0.0
2193,0.0
2194,0.0
2195,0.049968237189725095
2196,0.10742259403651647
2197,0.16084987675938447
2198,0.09904245691590657
2199,0.0
2200,0.0
2201,0.0
2202,0.0
2203,0.0
2204,0.0
2205,0.0
2206,0.0
2207,0.0
2208,0.0
2209,0.0
2210,0.0
2211,0.0
2212,0.0
2213,0.0
2214,0.0
2215,0.0
2216,0.0
2217,0.0
2218,0.048415772689936805
2219,0.0
2220,0.0
2221,0.045116195773416086
2222,0.09160474909122965
2223,0.0755474338922097
2224,0.0
2225,0.0
2226,0.0
2227,0.0
2228,0.0
2229,0.0
2230,0.0
2231,0.0
2232,0.0
2233,0.0
2234,0.0
2235,0.0
2236,0.0
2237,0.0
2238,0.0
2239,0.0
2240,0.0
2241,0.0
2242,0.0
2243,0.0
2244,0.0
2245,0.0
2246,0.0
2247,0.0
2248,0.0
2249,0.0
2250,0.0
2251,0.0
2252,0.0
2253,0.0
2254,0.0
2255,0.0
2256,0.0
2257,0.0
2258,0.0
2259,0.0
2260,0.0
2261,0.0
2262,0.0
2263,0.0
2264,0.0
2265,0.0
2266,0.0
2267,0.17579742925261227
2268,0.20599937778930708
2269,0.1381865834228477
2270,0.07885389316554954
2271,0.12544504012995175
2272,0.08030904281523521
2273,0.0
2274,0.0
2275,0.0
2276,0.0
2277,0.0
2278,0.0
2279,0.0
2280,0.0
2281,0.0
2282,0.0
2283,0.0
2284,0.0
2285,0.0
2286,0.0
2287,0.0
2288,0.0
2289,0.0
2290,0.0
2291,0.0
2292,0.0
2293,0.0
2294,0.0
2295,0.0
2296,0.0
2297,0.0
2298,0.0
2299,0.0
2300,0.0
2301,0.0
2302,0.0
2303,0.0
2304,0.0
2305,0.0
2306,0.0
2307,0.0
2308,0.0
2309,0.0
2310,0.0
2311,0.0
2312,0.0
2313,0.0
2314,0.0
2315,0.0
2316,0.0
2317,0.0
2318,0.0
2319,0.0
2320,0.0
2321,0.0
2322,0.0
2323,0.0
2324,0.0
2325,0.0
2326,0.0
2327,0.0
2328,0.0
2329,0.0
2330,0.0
2331,0.0
2332,0.0
2333,0.0
2334,0.0
2335,0.0
2336,0.0
2337,0.0
2338,0.07317043041583192
2339,0.16475892883443352
2340,0.19877637839965806
2341,0.17997612031174087
2342,0.14338351883815134
2343,0.07322483872231757
2344,0.038960443533714285
2345,0.0772800637800442
2346,0.0
2347,0.0
2348,0.0
2349,0.0
2350,0.0
2351,0.0
2352,0.0
2353,0.0
2354,0.07501405088230695
2355,0.04891324011574604
2356,0.0
2357,0.0
2358,0.0
2359,0.0
2360,0.0
2361,0.049783878126125426
2362,0.16849095952203902
2363,0.39584559195686914
2364,0.43928457887044803
2365,0.38041652790331276
2366,0.13192241198535135
2367,0.276820589294778
2368,0.3107500031046187
2369,0.47710676082500786
2370,0.4861551203745153
2371,0.11721445030733221
2372,0.0
2373,0.0
2374,0.0
2375,0.0
2376,0.0
2377,0.0
2378,0.0
2379,0.0
2380,0.0
2381,0.0
2382,0.0
2383,0.0
2384,0.0
2385,0.0
2386,0.0
2387,2.088137535896376
2388,2.2637272427010253
2389,0.5721362358710845
2390,0.8228195887368943
2391,0.8481152322652081
2392,1.3009790607559455
2393,1.1311053840351575
2394,0.014616440114618741
2395,0.07594884258870724
2396,0.08638585144338734
2397,0.0
2398,0.0
2399,0.28110265867634293
2400,0.1768702617187022
2401,0.0408713332500866
2402,0.0
2403,0.0
2404,0.0
2405,0.0
2406,0.0
2407,0.0
2408,0.0
2409,0.02700446750762182
2410,0.0
2411,0.1068462156731717
2412,0.08027842634839752
2413,0.11254242472712933
2414,0.0
2415,0.0
2416,0.0
2417,0.0
2418,0.0
2419,0.0
2420,0.0
2421,0.0
2422,0.0
2423,0.0
2424,0.0
2425,0.0
2426,0.0
2427,0.0
2428,0.0
2429,0.0
2430,0.0
2431,0.0
2432,0.0
2433,0.03844575198813928
2434,0.004631379041372686
2435,0.0
2436,0.02078329943079674
2437,0.06549607966666238
2438,0.0
2439,0.0
2440,0.04349414938284829
2441,0.0
2442,0.0
2443,0.0
2444,0.0
2445,0.05880896658638192
2446,0.036796217001301375
2447,0.02227372652233317
2448,0.031135823021293717
2449,0.04116047399721286
2450,0.06625010918689841
2451,0.0
2452,0.0
2453,0.0
2454,0.0
2455,0.0
2456,0.0
2457,0.0
2458,0.0464490021998893
2459,0.059302713097036525
2460,0.0
2461,0.0
2462,0.06110669030672736
2463,0.0
2464,0.0
2465,0.0
2466,0.06516359663968498
2467,0.0
2468,0.0
2469,0.13065838424417248
2470,0.575018169359948
2471,0.038574524812519356
2472,0.0
2473,0.0
2474,0.0
2475,0.0
2476,0.0
2477,0.0
2478,0.0
2479,0.0
2480,0.0
2481,0.0427328275475681
2482,0.252223327234811
2483,0.4367548902939144
2484,0.4683523887520814
2485,0.8354882464524795
2486,1.6483879635043832
2487,1.0951637564510024
2488,2.1968792335659164
2489,2.7891441418678378
2490,2.3730761011501897
2491,2.1923404544439844
2492,1.474241143850577
2493,0.007429528443250854
2494,0.0
2495,0.0
2496,0.22520887131351547
2497,0.31622997993158614
2498,0.024957869544276503
2499,0.07032522708316159
2500,0.3770599385661012
2501,0.08094849007469791
2502,0.047022044357881314
2503,0.04416438174273864
2504,0.03518251236240426
2505,0.06621654423732984
2506,0.05224036577958599
2507,0.01814047994301122
2508,0.016821147522447916
2509,0.07298627748658847
2510,0.20784023313174493
2511,0.21305672674230194
2512,0.09404807444060004
2513,0.0
2514,0.0
2515,0.0
2516,0.0
2517,0.0
2518,0.0
2519,0.0
2520,0.0
2521,0.0
2522,0.0
2523,0.0
2524,0.0
2525,0.0
2526,0.0
2527,0.0
2528,0.0
2529,0.0
2530,0.0
2531,0.08099043143117193
2532,0.3954797130492153
2533,0.5679347316522081
2534,0.13220088853690665
2535,0.14983872055557831
2536,0.20780322797467274
2537,0.11689752962977397
2538,0.20692503099617832
2539,0.12222585426731189
2540,0.0
2541,0.0
2542,0.0
2543,0.0
2544,0.0
2545,0.0
2546,0.0
2547,0.0
2548,0.0
2549,0.0
2550,0.0
2551,0.0
2552,0.0
2553,0.0
2554,0.06042816697793654
2555,0.13224729557584977
2556,0.1347519690251326
2557,0.029379409543747466
2558,0.0
2559,1.2333001394349603
2560,0.775791856699622
2561,1.33072981635514
2562,0.7658439455446129
2563,0.19939562860559762
2564,0.15538746288678346
2565,0.05673872120490298
2566,0.0854630191826737
2567,0.0
2568,0.0
2569,0.0
2570,0.0
2571,0.0
2572,0.0
2573,0.0
2574,0.0
2575,0.0
2576,0.0
2577,0.048389932871662836
2578,0.204412595280543
2579,0.13876712121326618
2580,0.09605917502172975
2581,0.12507782344350926
2582,0.4090742123232998
2583,0.4112086160977708
2584,0.5545910335695012
2585,1.031545628335056
2586,0.75426245099859
2587,0.14164943787979511
2588,0.0
2589,0.0
2590,0.0
2591,0.0
2592,0.0
2593,0.0
2594,0.0
2595,0.0
2596,0.0
2597,0.0
2598,0.0
2599,0.0
2600,0.0
2601,0.0
2602,0.013354194885687173
2603,0.040638471887898264
2604,0.0
2605,0.037235974398785496
2606,0.0
2607,0.05595046752802028
2608,2.642958943818487
2609,0.47960262329591785
2610,0.03055321861216281
2611,0.04318744568134223
2612,0.0
2613,0.0
2614,0.0
2615,0.0
2616,0.0
2617,0.0
2618,0.0
2619,0.0
2620,0.0
2621,0.0
2622,0.0
2623,0.0
2624,0.0
2625,0.0
2626,0.04045417845804251
2627,0.14906886341135983
2628,0.03893176844176602
2629,0.0
2630,0.0
2631,0.0
2632,0.0
2633,0.0
2634,0.0
2635,0.0
2636,0.0
2637,0.0
2638,0.0
2639,0.0
2640,0.0
2641,0.0
2642,0.0
2643,0.0
2644,0.0
2645,0.0
2646,0.0
2647,0.0
2648,0.0
2649,0.0
2650,0.0
2651,0.0
2652,0.0
2653,0.14691512266048654
2654,0.42287888410566704
2655,0.2778730642727569
2656,0.9871110768916836
2657,1.2938717962720712
2658,0.2598562178282772
2659,0.12623586769421768
2660,0.0
2661,0.0
2662,0.0
2663,0.0
2664,0.0
2665,0.0
2666,0.0
2667,0.0
2668,0.0
2669,0.0
2670,0.0
2671,0.0
2672,0.0
2673,0.0
2674,0.0
2675,0.0
2676,0.0
2677,0.0
2678,0.0
2679,0.0
2680,0.0
2681,0.0
2682,0.0
2683,0.0
2684,0.0
2685,0.0
2686,0.0
2687,0.0
2688,0.0
2689,0.0
2690,0.0
2691,0.0
2692,0.0
2693,0.0
2694,0.0
2695,0.0
2696,0.0
2697,0.0
2698,0.030999855901086424
2699,0.0
2700,0.08629977214432055
2701,0.0
2702,0.0
2703,0.0
2704,0.0
2705,0.0
2706,0.0
2707,0.0
2708,0.0
2709,0.0
2710,0.0
2711,0.0
2712,0.0
2713,0.0
2714,0.0
2715,0.0
2716,0.0
2717,0.0
2718,0.0
2719,0.0
2720,0.0
2721,0.03336180005860228
2722,0.05769637214220143
2723,0.07334613092287796
2724,0.0
2725,0.0
2726,0.0
2727,0.0
2728,0.0
2729,0.0
2730,0.0
2731,0.0
2732,0.0
2733,0.0
2734,0.0
2735,0.0
2736,0.0
2737,0.0
2738,0.0
2739,0.0
2740,0.0
2741,0.0
2742,0.0
2743,0.0
2744,0.0
2745,0.0
2746,0.0
2747,0.0
2748,0.0
2749,0.0
2750,0.0
2751,0.0
2752,0.0
2753,0.0
2754,0.0
2755,0.0
2756,0.0
2757,0.0
2758,0.0
2759,0.0
2760,0.0
2761,0.0
2762,0.0
2763,0.0
2764,0.0
2765,0.0
2766,0.0
2767,0.0
2768,0.0
2769,0.022456221290831763
2770,0.0
2771,0.12222344336431654
2772,0.24173498663249332
2773,0.18221354653027846
2774,0.038944641798132645
2775,0.007988459893419977
2776,0.09831431196530323
2777,0.12477990526493196
2778,0.0
2779,0.0
2780,0.0
2781,0.0
2782,0.0
2783,0.0
2784,0.0
2785,0.0
2786,0.0
2787,0.0
2788,0.0
2789,0.0
2790,0.0
2791,0.0
2792,0.0
2793,0.0
2794,0.028835800553358267
2795,0.0
2796,0.14195975937935798
2797,0.11587195103780527
2798,0.0
2799,0.0
2800,0.0
2801,0.0
2802,0.0
2803,0.0
2804,0.0
2805,0.0
2806,0.0
2807,0.0
2808,0.0
2809,0.0
2810,0.0
2811,0.0
2812,0.0
2813,0.0
2814,0.0
2815,0.0
2816,0.0
2817,0.0
2818,0.14997916648378232
2819,0.19485564343337253
2820,0.2153946035801278
2821,0.2739086903249354
2822,0.20287354031687074
2823,0.132431342785248
2824,0.06464548235344389
2825,0.0
2826,0.0
2827,0.0
2828,0.0
2829,0.0
2830,0.0
2831,0.0
2832,0.0
2833,0.0
2834,0.0
2835,0.0
2836,0.0
2837,0.0
2838,0.0
2839,0.0
2840,0.0
2841,0.0
2842,0.0
2843,0.0
2844,0.0
2845,0.0
2846,0.0
2847,0.0
2848,0.0
2849,0.0
2850,0.0
2851,0.0
2852,0.0
2853,0.0
2854,0.0
2855,0.0
2856,0.0
2857,0.0
2858,0.0
2859,0.0
2860,0.0
2861,0.0
2862,0.0
2863,0.0
2864,0.0
2865,0.0
2866,0.03113020313460075
2867,0.0
2868,0.0
2869,0.0
2870,0.0
2871,0.0
2872,0.0
2873,0.0
2874,0.0
2875,0.0
2876,0.0
2877,0.0
2878,0.0
2879,0.0
2880,0.0
2881,0.0
2882,0.0
2883,0.0
2884,0.0
2885,0.0
2886,0.0
2887,0.0
2888,0.0
2889,0.032394781904600344
2890,0.03382636953573455
2891,0.050154359390860194
2892,0.1279081895823908
2893,0.0
2894,0.0
2895,0.0
2896,0.0
2897,0.0
2898,0.0
2899,0.0
2900,0.0
2901,0.0
2902,0.0
2903,0.0
2904,0.0
2905,0.0
2906,0.0
2907,0.0
2908,0.0
2909,0.0
2910,0.0
2911,0.0
2912,0.0
2913,0.0
2914,0.04402126976439079
2915,0.0
2916,0.0
2917,0.0
2918,0.0
2919,0.0
2920,0.0
2921,0.0
2922,0.0
2923,0.0
2924,0.0
2925,0.0
2926,0.0
2927,0.0
2928,0.0
2929,0.0
2930,0.0
2931,0.0
2932,0.0
2933,0.0
2934,0.0
2935,0.0
2936,0.0
2937,0.0
2938,0.0
2939,0.0
2940,0.0
2941,0.0
2942,0.0566183402985155
2943,0.12615021281299565
2944,0.10981301150769539
2945,0.0
2946,0.0
2947,0.0
2948,0.0
2949,0.0
2950,0.0
2951,0.0
2952,0.0
2953,0.0
2954,0.0
2955,0.0
2956,0.0
2957,0.0
2958,0.0
2959,0.0
2960,0.0
2961,0.0017744296774865752
2962,0.29231751210610424
2963,2.8691341597063875
2964,0.34577808791096676
2965,0.3055944193564528
2966,0.1502500201864068
2967,0.039400185343361656
2968,0.0
2969,0.0
2970,0.0
2971,0.0
2972,0.0
2973,0.0
2974,0.0
2975,0.0
2976,0.0
2977,0.0
2978,0.0
2979,0.0
2980,0.0
2981,0.0
2982,0.0
2983,0.0
2984,0.0
2985,0.039001507947685664
2986,0.05476421984515723
2987,0.08901654080771516
2988,0.11027044169870673
2989,0.07657683059368531
2990,0.16860154952087894
2991,0.07577114013035377
2992,0.0
2993,0.0
2994,0.0
2995,0.0
2996,0.0
2997,0.0
2998,0.0
2999,0.0
3000,0.0
3001,0.0
3002,0.0
3003,0.0
3004,0.0
3005,0.0
3006,0.0
3007,0.0
3008,0.0
3009,0.03196495871879072
3010,0.0
3011,0.0
3012,0.0
3013,0.0
3014,0.0
3015,0.0
3016,0.0
3017,0.0
3018,0.0
3019,0.0
3020,0.0
3021,0.0
3022,0.0
3023,0.0
3024,0.0
3025,0.0
3026,0.0
3027,0.0
3028,0.0
3029,0.0
3030,0.0
3031,0.0
3032,0.0
3033,0.0
3034,0.0
3035,0.21051586397376745
3036,0.3236752751400085
3037,0.25221303744512047
3038,0.16929178795974364
3039,0.1909216853010365
3040,0.12394532715330635
3041,0.0
3042,0.03358638290540396
3043,0.0
3044,0.004239577125276601
3045,0.04455203613518754
3046,0.30878866236240976
3047,0.12789104408195695
3048,0.2032734488857178
3049,0.8125451661969118
3050,0.3736026500317139
3051,0.16374073975947082
3052,0.10152491584461502
3053,0.06364802853327794
3054,0.0
3055,0.0
3056,0.04427542439034268
3057,0.09749247313789212
3058,0.10860051916375907
3059,0.08407088244610232
3060,0.09506269633782322
3061,0.038658900454893
3062,0.0
3063,0.0
3064,0.0
3065,0.0
3066,0.028722502545853623
3067,0.04813673490482986
3068,0.19029045258384422
3069,0.0803686222667485
3070,0.0
3071,0.0
3072,0.0
3073,0.0
3074,0.0
3075,0.0
3076,0.0
3077,0.0
3078,0.0
3079,0.0
3080,0.0
3081,0.0
3082,0.0
3083,0.0
3084,0.033203439440513946
3085,0.11767585426072197
3086,0.10526134080590945
3087,0.0
3088,0.0
3089,0.0
3090,0.0
3091,0.0
3092,0.0
3093,0.0
3094,0.0
3095,0.0
3096,0.0
3097,0.0
3098,0.0
3099,0.0
3100,0.0
3101,0.0
3102,0.0
3103,0.0
3104,0.0
3105,0.0
3106,0.0
3107,0.0
3108,0.0
3109,0.0
3110,0.0
3111,0.43546248970305196
3112,0.023507162918170826
3113,0.5160239378808992
3114,0.0
3115,0.6185605070050829
3116,0.43760014529209357
3117,0.017588463749321652
3118,0.12140709492043746
3119,0.0
3120,0.0
3121,0.0
3122,0.0
3123,0.0
3124,0.0
3125,0.0
3126,0.0
3127,0.0
3128,0.0
3129,0.11457624324266126
3130,0.0934947532745489
3131,0.048523979434277886
3132,0.08808957922069861
3133,0.07853934589593006
3134,0.02965639979694363
3135,0.1531954457366776
3136,0.518681595713689
3137,0.6613230524111925
3138,0.5032880646962289
3139,0.19365014360681232
3140,0.23976411329705194
3141,0.15661667357090225
3142,0.16741387366003135
3143,0.0
3144,0.0
3145,0.0
3146,0.0
3147,0.0
3148,0.0
3149,0.0
3150,0.0
3151,0.0
3152,0.0
3153,0.0
3154,0.0
3155,0.04059933477007706
3156,0.05184734574786801
3157,0.31853068045760524
3158,0.06934303657912878
3159,0.006502847157436643
3160,0.2866929344910343
3161,0.15254615679911118
3162,0.04157345595548377
3163,0.12826251428575877
3164,0.1966577379510294
3165,0.2177103578853795
3166,0.24896782768333736
3167,0.1763487493488674
3168,0.0025999177824701765
3169,0.0
3170,0.0
3171,0.0
3172,0.0
3173,0.0
3174,0.0
3175,0.0
3176,0.0
3177,0.0
3178,0.0
3179,0.0
3180,0.002738646975055785
3181,0.028409136972300852
3182,0.0
3183,0.0
3184,0.0
3185,0.11806518649828016
3186,0.08261366511936165
3187,0.2216283920524707
3188,0.6178121934587659
3189,0.0
3190,0.20173398737944445
3191,0.15781016315903498
3192,0.125952118872297
3193,0.9199977545654773
3194,0.5020385174852775
3195,0.031940448150123424
3196,0.0
3197,0.0
3198,0.0
3199,0.0
3200,0.0
3201,0.0
3202,0.0
3203,0.0
3204,0.36125746369505674
3205,0.5489464788466359
3206,0.15336553301398118
3207,0.07687626608663306
3208,0.0
3209,1.9839635878827546
3210,0.38052203957258207
3211,0.1042859429231372
3212,0.0
3213,0.0
3214,0.0
3215,0.0
3216,0.0
3217,0.0
3218,0.0
3219,0.0
3220,0.0
3221,0.0
3222,0.0
3223,0.0
3224,0.0
3225,0.16918063525882793
3226,0.14898487603996385
3227,0.0
3228,0.0
3229,0.3688785421270135
3230,0.23374012642458708
3231,0.26783123515987095
3232,0.07659518597554091
3233,0.0
3234,0.0
3235,0.0
3236,0.09988065025841845
3237,0.09984543952131605
3238,0.05678774464619617
3239,0.03165020437507521
3240,0.0
3241,0.0
3242,0.0
3243,0.0
3244,0.0
3245,0.0
3246,0.3670380744150269
3247,0.47366187330283155
3248,0.4705882586953728
3249,1.3562022882214437
3250,4.094652859224576
3251,2.6981428845661957
3252,2.9976715455881457
3253,4.84434630278197
3254,4.847692272704207
3255,3.9111888301550106
3256,4.693814391696186
3257,7.0829828136423805
3258,13.245743290375714
3259,27.032907193554202
3260,41.55274706697741
3261,4.156615219586117
3262,2.3002795727299663
3263,1.987175551575758
3264,0.8332640051704564
3265,0.4869911864019264
3266,0.13064104005562893
3267,0.005578895870141755
3268,0.0
3269,0.06415861420149256
3270,0.0
3271,0.1339173263221396
3272,0.277589487412328
3273,0.0
3274,0.004007450914540147
3275,0.1408077070536989
3276,0.32311549746916507
3277,0.02224935190372481
3278,0.2728039936574218
3279,0.2931738285641041
3280,1.1855572613320644
3281,2.0237084058948347
3282,3.789145570702827
3283,0.5110453592034935
3284,0.08157013786688211
3285,0.0
3286,0.0
3287,0.0
3288,0.0
3289,0.0
3290,0.0
3291,0.0
3292,0.0
3293,0.0
3294,0.0
3295,0.0
3296,0.0
3297,0.06582853092551888
3298,0.11847364583508906
3299,0.03378183617595292
3300,0.0
3301,0.0
3302,0.0
3303,0.0076912772708874165
3304,1.4330542305399596
3305,0.876725736071885
3306,0.34913796690828314
3307,0.08176491916492892
3308,0.24506228752085146
3309,1.219288514897875
3310,1.201360167908787
3311,0.6255716709172454
3312,0.07962220630427667
3313,0.0
3314,0.0
3315,0.0
3316,0.0
3317,0.0
3318,0.0
3319,0.0
3320,0.018986211033469116
3321,0.09732909637060445
3322,0.07724539176942241
3323,0.06186263704663957
3324,0.0
3325,0.0
3326,0.4817733980074521
3327,0.2915553719129389
3328,0.13972601735075915
3329,0.15112841646026498
3330,0.0
3331,0.0
3332,0.0
3333,0.0
3334,0.0
3335,0.0
3336,0.12290698497291697
3337,0.3623250916244137
3338,0.08348433720236323
3339,0.4357372578429615
3340,0.009008173084968239
3341,0.0
3342,0.052768818492347096
3343,0.14306889785069526
3344,0.07616785178110096
3345,0.05970449901787431
3346,0.20878668806280043
3347,0.15951629901068365
3348,0.2642059169643463
3349,1.7280843114144182
3350,0.12853781324671523
3351,4.069126783365576
3352,1.3293594693925348
3353,0.16773631190041843
3354,0.6123309672935591
3355,0.09569271959092482
3356,0.2527220989438815
3357,0.0
3358,0.0
3359,0.0
3360,0.0
3361,0.0
3362,0.0
3363,0.0
3364,0.0
3365,0.0
3366,0.0
3367,0.0
3368,0.0
3369,0.0599171746590084
3370,0.06826919078815415
3371,0.05521342431956597
3372,0.07984937916110203
3373,0.0
3374,0.20229108759567344
3375,2.6549119527280194
3376,0.0
3377,1.1406025238032056
3378,2.3947495821180373
3379,0.0
3380,0.0
3381,0.0
3382,0.0
3383,0.0
3384,0.04821641791840831
3385,0.13587649495156437
3386,0.38372699910396757
3387,0.43150700731693725
3388,0.2599765792792513
3389,0.0
3390,0.0
3391,0.0
3392,0.0
3393,0.09292206247218275
3394,0.14795278600131662
3395,0.041245481146296926
3396,0.0
3397,0.0
3398,0.09977241724827186
3399,0.9535271671522694
3400,0.16999889010106192
3401,0.16140217964237694
3402,0.1521002599604111
3403,0.10235332925227963
3404,0.0
3405,0.030493116338095105
3406,0.0
3407,0.10296930289734252
3408,0.04958201650271912
3409,0.026880250042356488
3410,0.0
3411,0.0
3412,0.0
3413,0.0
3414,0.0
3415,0.0
3416,0.02879443305916336
3417,0.02536033806895861
3418,0.0
3419,0.11399297861118446
3420,0.1699585809051215
3421,0.4232995692982627
3422,1.2259842176458253
3423,0.003650548427641194
3424,0.0
3425,0.13153264585470972
3426,0.0
3427,0.0
3428,0.0
3429,0.0
3430,0.0
3431,0.0
3432,0.0
3433,0.0
3434,0.3594054943085311
3435,0.6153735557336375
3436,0.0959979018391279
3437,1.527054056895768
3438,0.09020135395696822
3439,0.10383052009233218
3440,0.09019759762884082
3441,0.2941331428204437
3442,0.30779472076967335
3443,0.07222304123143292
3444,1.7010371108230484
3445,0.13600324347633927
3446,0.31285516938842656
3447,2.6320860000325754
3448,0.18034120157254238
3449,0.4119168088571216
3450,0.0992319849691037
3451,0.188767184372298
3452,2.1101917185898222
3453,1.221000130708659
3454,1.9945711725452282
3455,0.0
3456,0.0
3457,0.0
3458,0.0
3459,0.0
3460,0.0
3461,0.0
3462,0.0
3463,0.0
3464,0.0
3465,0.0
3466,0.0
3467,0.0
3468,0.0
3469,0.0
3470,0.0
3471,0.0
3472,0.0
3473,0.0
3474,0.1800394810494464
3475,0.0
3476,0.0
3477,1.977734108916672
3478,0.1029530118045834
3479,0.0
3480,0.0
3481,0.0
3482,0.0
3483,0.0
3484,0.0
3485,0.0
3486,0.0
3487,0.0
3488,0.0
3489,0.0
3490,0.0
3491,0.0
3492,0.0
3493,0.0
3494,0.0
3495,0.0
3496,0.0
3497,0.12410896553217488
3498,0.0
3499,0.0
3500,0.0
3501,0.0
3502,0.0
3503,0.0
3504,0.0
3505,0.0
3506,0.0
3507,0.0
3508,0.0
3509,0.0
3510,0.0
3511,0.0
3512,0.0
3513,0.0
3514,0.007434618957269667
3515,0.05035888709578028
3516,0.0
3517,0.1354031732574628
3518,1.2082857953742918
3519,1.2351102928107065
3520,0.6821163180881433
3521,0.06786114972684636
3522,0.0
3523,0.0
3524,0.0
3525,0.0
3526,0.0
3527,0.0
3528,0.0
3529,0.0
3530,0.0
3531,0.0
3532,0.0
3533,0.0
3534,0.0
3535,0.0
3536,0.11855249373398563
3537,0.08280255205798707
3538,0.10421352533376278
3539,0.09373936731169094
3540,0.10952592600670134
3541,0.02908052073641852
3542,0.26689960652187417
3543,0.2834655595312092
3544,0.23418025126803005
3545,3.493372110191982
3546,0.3448364262920483
3547,0.20327313433551125
3548,1.0618513016546949
3549,0.17503652670527697
3550,0.13313497275632377
3551,0.03711853246091244
3552,0.0
3553,0.0
3554,0.0
3555,0.0
3556,0.0
3557,0.0
3558,0.0
3559,0.0
3560,0.0
3561,0.119855273522703
3562,0.15592791148555504
3563,0.049310043424839585
3564,0.0438591497017109
3565,0.06923809514797533
3566,0.028162795285459313
3567,1.3300482017739892
3568,0.3138986214160701
3569,0.21153269142280096
3570,0.2321985291875414
3571,0.2576419652286954
3572,0.1137739651669464
3573,0.17718244172311748
3574,0.1484796958808242
3575,0.08378835642771068
3576,0.0
3577,0.0
3578,0.0
3579,0.0
3580,0.0
3581,0.0
3582,0.0
3583,0.0
3584,0.0
3585,0.0
3586,0.016457138114864215
3587,0.029043860782541935
3588,0.07766214360206543
3589,0.04512801295087251
3590,1.7610138236107313
3591,0.08009363261383921
3592,0.9789412465325886
3593,0.5985093297231004
3594,0.7492226807745349
3595,0.9801706860347774
3596,0.11531498992281221
3597,0.011361116180900412
3598,0.790081872428133
3599,0.028299838706676007
3600,0.0
3601,0.0
3602,0.0
3603,0.0
3604,0.0
3605,0.0
3606,0.0
3607,0.0
3608,0.0
3609,0.04417371162903589
3610,0.1049932394202717
3611,0.08388452544776404
3612,0.1424045954441609
3613,0.13113758074204987
3614,0.08162015151513066
3615,0.09368935072974122
3616,0.3372289095911416
3617,0.1630168903948556
3618,0.18551175232356942
3619,0.2882910528317157
3620,0.18207595035447763
3621,0.3618036903266016
3622,0.26144591147099594
3623,0.1308962414992558
3624,0.0
3625,0.0
3626,0.0
3627,0.0
3628,0.0
3629,0.0
3630,0.0
3631,0.0
3632,0.0
3633,0.0
3634,0.0
3635,0.10014158398891627
3636,0.11674650658654771
3637,0.06926738473957063
3638,0.0
3639,0.0
3640,0.0
3641,0.0
3642,0.0
3643,0.0
3644,0.0
3645,0.0
3646,0.0
3647,0.0
3648,0.0
3649,0.0
3650,0.0
3651,0.0
3652,0.0
3653,0.0
3654,0.0
3655,0.0
3656,0.0
3657,0.0
3658,0.04480711473341766
3659,0.0
3660,0.0884013683227361
3661,2.139899832958983
3662,1.0164942905705057
3663,0.06176904451677392
3664,1.6927060186187866
3665,0.006000957262188891
3666,0.0
3667,0.0
3668,0.0
3669,0.0
3670,0.0
3671,0.0
3672,0.0
3673,0.0
3674,0.0
3675,0.0
3676,0.0
3677,0.0
3678,0.0
3679,0.0
3680,0.0
3681,0.0
3682,0.01973316681371887
3683,0.0
3684,0.040744295423132126
3685,0.0
3686,0.0
3687,0.037815047489167954
3688,0.08217456827613817
3689,0.3927630289318767
3690,0.14432863471590815
3691,0.0
3692,0.0
3693,0.0
3694,0.0
3695,0.0
3696,0.0
3697,0.0
3698,0.0
3699,0.0
3700,0.0
3701,0.0
3702,0.0
3703,0.0
3704,0.0
3705,0.02723990530767288
3706,0.04755500644842116
3707,0.0
3708,0.05394421710574983
3709,0.21969743492993482
3710,0.36257456817590256
3711,0.004830101936892807
3712,0.0
3713,0.10595423542404928
3714,0.06440790327046336
3715,0.005042685780637075
3716,0.015156178904744754
3717,0.0
3718,0.0
3719,0.0
3720,0.0
3721,0.1120271777035064
3722,0.0
3723,0.0
3724,0.0
3725,0.0
3726,0.0
3727,0.0
3728,0.0
3729,0.0862161563394264
3730,0.11698844356584745
3731,0.19545694352967874
3732,0.22694236094169112
3733,0.1609746164004373
3734,0.15648447105471816
3735,0.3136451243119142
3736,0.275597258275043
3737,0.16098942591614243
3738,0.0
3739,0.23867943068220074
3740,0.19992457193838323
3741,0.10601597076568185
3742,0.0
3743,0.0
3744,0.0
3745,0.0
3746,0.0
3747,0.0
3748,0.0
3749,0.13258027601682434
3750,0.10950720287309486
3751,0.0
3752,0.0
3753,0.0634839379695108
3754,0.09296448134619026
3755,0.06531369915950633
3756,0.06659112146847199
3757,0.09901477542718869
3758,0.14846655420640675
3759,0.09937516342840476
3760,0.054107424837927666
3761,0.0
3762,0.0
3763,0.05442863665428714
3764,0.022315057842791718
3765,0.0
3766,0.06661783550311387
3767,0.17727444074997384
3768,0.1537379629162757
3769,0.2971638615037616
3770,0.03883954920973069
3771,0.04774814016291913
3772,0.0
3773,0.0
3774,0.0
3775,0.0
3776,0.0
3777,0.0
3778,0.0
3779,0.0
3780,0.0
3781,0.0
3782,0.0
3783,0.0
3784,0.11639534297171254
3785,0.10450429053093509
3786,0.11096271816902836
3787,0.07279941442178996
3788,0.0
3789,0.0
3790,0.0
3791,0.0
3792,0.0
3793,0.0
3794,0.0
3795,0.0
3796,0.0
3797,0.0
3798,0.0
3799,0.0
3800,0.0
3801,0.0
3802,0.009101701958355801
3803,0.0
3804,0.0
3805,0.0
3806,0.0
3807,0.0
3808,0.0
3809,0.016410442394971997
3810,0.4889816290144052
3811,0.22680371463742274
3812,0.21993930241722048
3813,2.442564850541772
3814,0.38142832362408235
3815,0.35974278650669583
3816,0.2233081031852562
3817,0.08342325392009076
3818,0.0
3819,0.0
3820,0.0
3821,0.0
3822,0.0
3823,0.0
3824,0.0
3825,0.026020390902976417
3826,0.031753676350998225
3827,0.006812579580318731
3828,0.0
3829,0.0
3830,0.0
3831,0.0
3832,0.0715113764740717
3833,0.1770252337910235
3834,0.11572487934332597
3835,0.0
3836,0.024035611211154616
3837,0.0
3838,0.0
3839,0.0
3840,0.0
3841,0.0
3842,0.0
3843,0.0
3844,0.0
3845,0.0
3846,0.0
3847,0.0
3848,0.0
3849,0.0
3850,0.043890333943873504
3851,0.12397976684103838
3852,0.2618415653307444
3853,0.31620642827286005
3854,0.1709335541187933
3855,0.3281334115454173
3856,0.2502868843660652
3857,0.07963644815652156
3858,0.12966252408304885
3859,0.558986481094607
3860,0.36806443467956385
3861,0.0
3862,0.0
3863,0.0
3864,0.0
3865,0.0
3866,0.0
3867,0.0
3868,0.0
3869,0.0
3870,0.0
3871,0.0
3872,0.0
3873,0.025621426079272976
3874,0.05122084653664926
3875,0.0
3876,1.4904570834212756
3877,4.304244837277067
3878,4.3176101221301595
3879,0.7384782312994013
3880,0.0
3881,0.011530084456217232
3882,0.3177767346805625
3883,0.024153942161043118
3884,0.0
3885,0.0
3886,0.0
3887,0.0
3888,0.12651746503728067
3889,0.44876837863379426
3890,0.4632303908306976
3891,0.32824950985547297
3892,0.34137220724114964
3893,0.2999198232104083
3894,0.10447263299385927
3895,0.11382254802059504
3896,0.06350251970817768
3897,0.38523454655018946
3898,0.7758785137287971
3899,0.24714766922523565
3900,0.06867204003175235
3901,0.24605069654022166
3902,0.238628361305364
3903,0.12935314340789325
3904,3.7672944885407356
3905,3.580568872309078
3906,0.4934581512883126
3907,0.4592509622000889
3908,2.1513596259609375
3909,5.514570975803364
3910,6.929085475452828
3911,2.74914229007341
3912,1.9010218816555708
3913,1.4021994135014324
3914,1.4050644099004914
3915,0.5326242565846087
3916,1.924905638186492
3917,2.2587744956106497
3918,1.8115730935649235
3919,2.193224666987275
3920,2.272131096056845
3921,1.5323694685924523
3922,2.7456603741054773
3923,2.024322248357321
3924,1.2093669334894837
3925,1.3975076329280918
3926,0.5464467607767732
3927,2.0790141060621012
3928,0.8135700615143228
3929,0.5275820611488219
3930,0.4588523829221891
3931,1.0000563761815313
3932,1.3319649333053791
3933,1.6633195810247694
3934,1.7660841758541075
3935,1.0929116439863056
3936,0.7039885539840238
3937,0.6356948461642515
3938,0.5273501172471523
3939,0.36994886584825715
3940,0.07537587748994506
3941,0.01555714020308118
3942,0.05442816487736786
3943,0.0
3944,0.0
3945,0.0
3946,0.0
3947,0.0
3948,0.12472916252554078
3949,0.1303512097426905
3950,0.5885942267908248
3951,1.5335914764446912
3952,0.16798024295902597
3953,0.5028494415095309
3954,0.8305630010630833
3955,0.0
3956,0.0
3957,1.1937536305659446
3958,0.29023260320446087
3959,1.337285160624155
3960,0.9191746784099263
3961,0.7247870379176337
3962,0.5708764054742704
3963,0.68994254000903
3964,0.5373438179189194
3965,0.2036546048608449
3966,0.9320440300399557
3967,0.0249360608694418
3968,0.0
3969,0.03611333297284735
3970,0.063663845585547
3971,0.017702355230492496
3972,0.06917169647992534
3973,0.1107314522707362
3974,0.05971641040809834
3975,0.6374009657889934
3976,0.2213537808534215
3977,0.1112107317655048
3978,0.0771930650274661
3979,0.0
3980,0.0
3981,0.0
3982,0.0
3983,0.0
3984,0.0
3985,0.0
3986,0.0
3987,0.0
3988,0.0
3989,0.0
3990,0.0
3991,0.0
3992,0.0
3993,0.0
3994,0.03167071005437826
3995,0.26707158838417383
3996,1.3000832714140926
3997,1.4184193146597193
3998,0.44847949653211994
3999,1.219467897356826
4000,1.1993060546443874
4001,0.03440079382918573
4002,0.0
4003,0.0
4004,0.0
4005,0.0
4006,0.0
4007,0.0
4008,0.0
4009,0.0
4010,0.0
4011,0.0
4012,0.0
4013,0.0
4014,0.0
4015,0.0
4016,0.0
4017,0.0
4018,0.0
4019,0.07944011241605971
4020,0.16718969027554972
4021,0.2110167195066034
4022,0.17881596424759164
4023,0.08980860784266842
4024,0.0434449673591973
4025,0.03125938956488171
4026,0.0
4027,0.0
4028,0.0
4029,0.2256216868263014
4030,0.21808583522127425
4031,0.0
4032,0.0
4033,0.0
4034,0.0
4035,0.0
4036,0.0
4037,0.0
4038,0.0
4039,0.0
4040,0.0
4041,0.07374317665185655
4042,0.06105451158503177
4043,0.11383941783479883
4044,0.031767592130766714
4045,0.000731008650108113
4046,0.0
4047,0.0
4048,0.0
4049,0.13808244683206541
4050,0.06145756937745346
4051,0.03783916212497104
4052,0.0
4053,0.22341243468373662
4054,0.1205740493402266
4055,0.051895693482155385
4056,0.0
4057,0.3432997097882647
4058,0.04885971800970989
4059,0.0
4060,0.0
4061,0.0
4062,0.0
4063,0.0
4064,0.0
4065,0.0411738286640314
4066,0.07070646416044946
4067,0.09540155435274977
4068,0.004488187366582954
4069,0.024105772692620216
4070,1.5176393616635566
4071,0.052730358110386816
4072,0.11490230113834016
4073,1.2455372674283465
4074,0.18667630944174443
4075,0.0
4076,0.0
4077,1.623356222935729
4078,2.420239850234718
4079,0.14908405140415681
4080,0.08271207221184387
4081,0.36419297388700544
4082,0.38248872214300933
4083,0.0
4084,0.0
4085,0.05059125594915397
4086,0.0
4087,0.0
4088,0.0
4089,0.037448627596932224
4090,0.11185957645701154
4091,0.09651845882478005
4092,0.4387253844032765
4093,0.5890012718778592
4094,0.7605695182880875
4095,0.1222282501167048
4096,0.45617112704360774
4097,0.28182476059450234
4098,2.0549289937040434
4099,1.0200673636520425
4100,0.13870347158010157
4101,1.7403558870797222
4102,0.15987333131065862
4103,0.03365893357422722
4104,0.2981643531943838
4105,0.025053929915040043
4106,0.0
4107,0.0
4108,0.0
4109,0.0
4110,0.0
4111,0.0
4112,0.07973559169278903
4113,0.0
4114,0.0543216331356573
4115,0.1432245873603611
4116,0.09930496847931569
4117,0.24368525297912738
4118,1.9576342373978528
4119,1.9179623965824262
4120,0.085364793909488
4121,0.4812765881076958
4122,0.0
4123,0.0
4124,0.0
4125,0.0
4126,0.0
4127,0.0
4128,0.0
4129,0.0
4130,0.0
4131,0.0
4132,0.0
4133,0.0
4134,0.0
4135,0.0
4136,0.0
4137,0.0
4138,0.022129193593029103
4139,0.05174579346596056
4140,0.0
4141,0.0
4142,0.0
4143,0.061978277945799326
4144,0.24250055084058084
4145,1.999928476018129
4146,0.05970220758277381
4147,0.0
4148,0.0
4149,0.0
4150,0.0
4151,0.0
4152,0.0
4153,0.0
4154,0.0
4155,0.0
4156,0.0
4157,0.0
4158,0.0
4159,0.0
4160,0.0
4161,0.0
4162,0.0024690786865507876
4163,0.04672037416546644
4164,0.12293514595708166
4165,0.2547504674487442
4166,0.11646141057747363
4167,0.08365549829552939
4168,0.09130496619060147
4169,0.04348875468553884
4170,0.0
4171,0.23773508544750033
4172,0.07963202382100387
4173,0.02919905797130838
4174,0.0
4175,0.0
4176,0.07436117949400355
4177,0.41372883602483823
4178,0.2211855656600367
4179,0.0
4180,0.0
4181,0.0
4182,0.0
4183,0.0
4184,0.0
4185,0.053376607581009095
4186,0.0891374677821515
4187,0.03531854737146199
4188,0.03905604016252001
4189,0.0
4190,0.0
4191,0.6372810869581683
4192,0.3928761827561583
4193,2.272080123524398
4194,0.1763647978669198
4195,1.1959219590397465
4196,0.005005751913420663
4197,0.0
4198,0.0
4199,0.0
4200,0.0
4201,0.0
4202,0.0
4203,0.0
4204,0.0
4205,0.0
4206,0.0
4207,0.0
4208,0.0
4209,0.052312522119138574
4210,0.17003787812379903
4211,0.11454579744932697
4212,0.07144140159085799
4213,0.033632388186328147
4214,0.0818318346001843
4215,0.03245115024641678
4216,0.10348023930312612
4217,0.08598696564151434
4218,0.09700959176193272
4219,0.0
4220,0.0
4221,0.0
4222,0.13411398678892145
4223,0.397886770614552
4224,0.1898906681119016
4225,0.0
4226,0.0
4227,0.0
4228,0.0
4229,0.0
4230,0.0
4231,0.0
4232,0.0
4233,0.03138192486319955
4234,0.18031078402996692
4235,0.1984396380602184
4236,0.08057756401516321
4237,0.09702850587083488
4238,0.3764775761597853
4239,0.4530861296981594
4240,0.009519076731605043
4241,0.0
4242,0.6640234168704787
4243,0.0
4244,0.15268743487974365
4245,0.1554646894653402
4246,0.4070920653320594
4247,0.1694509415462405
4248,0.1600115831850659
4249,0.08248893363357171
4250,0.0
4251,0.0
4252,0.0
4253,0.0
4254,0.0
4255,0.0
4256,0.0
4257,0.0
4258,0.0
4259,0.0
4260,0.0
4261,0.4318231851438855
4262,0.008297271107116923
4263,0.22248368403167224
4264,0.176406538264258
4265,0.03521164078419692
4266,0.20715293551194386
4267,0.0618823072095089
4268,0.07427234765239568
4269,0.0
4270,0.0
4271,0.0
4272,0.03779876868299897
4273,0.0
4274,0.0
4275,0.0034096736469063846
4276,0.0
4277,0.0
4278,0.0
4279,0.06728706245945894
4280,0.09429210548220755
4281,0.059074342429362464
4282,0.04798932614260587
4283,0.04129075538645572
4284,0.07224080240165764
4285,0.0
4286,0.0
4287,0.02302642277088819
4288,0.030658447698159414
4289,0.0
4290,0.0
4291,0.0
4292,0.09335712417165232
4293,1.5039976752800617
4294,2.6750043171677738
4295,0.8332287453359962
4296,0.1824997933283482
4297,0.0786549017756379
4298,0.4152743432455559
4299,0.4889880417139781
4300,0.7798463466542449
4301,0.19716214858842315
4302,0.021600541376536053
4303,0.05586611414090907
4304,0.33939830833178597
4305,0.2721692430563823
4306,0.2095635944899913
4307,0.23327555382186643
4308,5.307966703101565
4309,0.5056180142040049
4310,5.464273476804446
4311,0.5082296733156147
4312,0.29244845593321683
4313,0.23382715255506603
4314,0.18601400778350313
4315,0.27474798401362976
4316,0.14645295794087862
4317,0.3373004737631559
4318,0.3384573148078426
4319,0.30506453488138563
4320,0.06534440989210259
4321,0.0
4322,0.0
4323,0.0
4324,0.0
4325,0.0
4326,0.0
4327,0.15256863319897296
4328,0.14911881274799624
4329,0.09146374274798767
4330,0.0
4331,0.029824654824639193
4332,0.0535435621077225
4333,0.07284399973057516
4334,1.1013526149965287
4335,0.2383312316352096
4336,0.11077991661354336
4337,0.09371142650097272
4338,0.044126670490781277
4339,0.0
4340,0.0
4341,0.07365716162995972
4342,0.04206002919689722
4343,0.016175205584123678
4344,0.015253723770927428
4345,0.0
4346,0.43540867837948194
4347,0.7722402370927285
4348,0.3956582111660992
4349,0.46701513371900194
4350,1.7530111605237697
4351,0.0058791509410483205
4352,0.0647601512346869
4353,0.0977283138520866
4354,0.06669646198805047
4355,0.04751259825560398
4356,0.0
4357,0.09595075732662675
4358,0.08373345077183571
4359,0.08578712539926456
4360,0.19465624365201273
4361,0.42310354693392516
4362,0.021457262101602516
4363,0.09967164444806324
4364,0.0
4365,0.0
4366,0.0
4367,0.0
4368,0.0
4369,0.0
4370,0.0
4371,0.0
4372,0.0
4373,0.0
4374,0.0
4375,0.0
4376,0.0
4377,0.0
4378,0.0
4379,0.0
4380,0.0
4381,0.0
4382,0.0
4383,0.0
4384,0.0
4385,0.0
4386,0.0
4387,0.0
4388,0.0
4389,0.0
4390,0.0
4391,0.0
4392,0.0
4393,0.0
4394,0.0
4395,0.0
4396,0.0
4397,0.0
4398,0.0
4399,0.0
4400,0.0
4401,0.0
4402,0.018417298364309276
4403,0.0435097957408063
4404,0.1387020989924676
4405,1.6582885527226607
4406,0.07870945923257149
4407,0.12326205641559805
4408,0.17538482748088152
4409,0.1464218011762959
4410,0.0
4411,0.0
4412,0.11832392938087126
4413,0.045225573680743876
4414,0.0
4415,0.0
4416,1.1498199765264294
4417,0.03431923287787994
4418,0.17396507349736134
4419,0.147677042918468
4420,0.057656060521982834
4421,0.0
4422,0.0
4423,0.0
4424,0.0
4425,0.0
4426,0.0
4427,0.0
4428,0.0
4429,0.0
4430,0.0
4431,0.0
4432,0.0
4433,0.0
4434,0.0
4435,0.0
4436,0.0
4437,0.18249612107848218
4438,1.4074958732195684
4439,0.09188379194635007
4440,0.11213257675786993
4441,1.5485199055178451
4442,1.3534613668154154
4443,0.11578745671653641
4444,0.0
4445,0.0
4446,0.0
4447,0.0
4448,0.0
4449,0.03381716508384646
4450,0.06472789223852443
4451,0.10804255595202501
4452,0.06548624816436706
4453,0.1603498007521589
4454,0.10765500467851223
4455,0.9248945493464589
4456,1.737433030039088
4457,0.16154198379307858
4458,0.09522317986361822
4459,0.0
4460,0.0
4461,0.05337596769819991
4462,0.0
4463,0.0
4464,0.0
4465,0.0
4466,0.0
4467,0.0
4468,0.0
4469,0.0
4470,0.0
4471,0.0
4472,0.0
4473,0.07457275241612596
4474,0.15065775610038712
4475,0.15644398185947678
4476,1.8711657126521042
4477,0.7019946062504958
4478,0.17678577189225791
4479,0.13246899745802126
4480,1.9276969296874513
4481,0.920580588340008
4482,0.04587330864829107
4483,0.2117444598248131
4484,0.09049263739157039
4485,0.08865990284732256
4486,0.0
4487,0.0
4488,4.856561825203159
4489,3.3940944636759105
4490,3.245644514530061
4491,0.09647701156639545
4492,0.0
4493,0.0
4494,0.0
4495,0.0
4496,0.0
4497,0.022788576548820487
4498,0.05579562352003876
4499,0.0
4500,0.0569750447528909
4501,0.09167307212117724
4502,0.8757656074687857
4503,0.11098397348287332
4504,1.7633424030445075
4505,0.141790776410944
4506,1.5629623881246562
4507,0.1800691784535733
4508,0.0
4509,0.0
4510,0.0
4511,0.2868299010878268
4512,0.0
4513,0.0
4514,0.0
4515,0.0
4516,0.0
4517,0.0
4518,0.0
4519,0.0
4520,0.0
4521,0.03596804852747302
4522,0.10714657765785833
4523,0.10675409349091458
4524,0.10842390457073
4525,0.15573205400490042
4526,0.21649958974395758
4527,0.7214592357084704
4528,1.5051658977108717
4529,0.06667893510454312
4530,0.15075304341183018
4531,0.0
4532,0.0
4533,0.0
4534,0.0
4535,0.0
4536,0.0
4537,0.0
4538,0.0
4539,0.0
4540,0.0
4541,0.0
4542,0.0
4543,0.0
4544,0.0
4545,0.0
4546,0.05660163353270116
4547,0.06991012944770324
4548,0.20045565216994984
4549,0.08509190326459408
4550,0.2172466131659627
4551,1.9420384895059943
4552,0.06746611111601385
4553,0.77241585320103
4554,0.5214805875042902
4555,0.0
4556,0.0
4557,0.0
4558,0.11488044275850905
4559,0.14578618482670172
4560,0.0
4561,0.0
4562,0.0
4563,0.0
4564,0.0
4565,0.0
4566,0.0
4567,0.0
4568,0.0
4569,0.0
4570,0.08165206618771054
4571,0.09834633897031587
4572,0.09475527636021072
4573,0.2524310584183677
4574,0.07402535359656676
4575,0.04195511742980125
4576,2.2030377407267667
4577,0.4977529937096396
4578,0.05354025229362619
4579,0.0
4580,0.0
4581,0.39883584107519376
4582,5.005390734958587
4583,0.09113895071290293
4584,0.09710101318835239
4585,0.0
4586,0.0
4587,0.0
4588,0.0
4589,0.0
4590,0.0
4591,0.0
4592,0.0
4593,0.037351097436995884
4594,0.03161920604470393
4595,0.07739592972811753
4596,0.09562456023405555
4597,0.15225666153188896
4598,0.060003703481317214
4599,0.8875438546013078
4600,0.3948589946243104
4601,8.468449388740785
4602,0.15794567669558307
4603,2.4743061012100642
4604,0.378630032837152
4605,2.028296032964656
4606,3.390879204703042
4607,1.5578076923551678
4608,0.15887180128712095
4609,0.0
4610,0.13549238509973516
4611,0.13444601696602732
4612,0.0
4613,0.0
4614,0.0
4615,0.0
4616,0.0
4617,0.0
4618,0.10463802507685614
4619,0.17662657311377902
4620,0.09569485855747628
4621,0.24482117500421224
4622,0.23121898452375944
4623,0.7013693354925001
4624,0.2722042233553018
4625,0.13516561460539106
4626,2.187856209149396
4627,3.0209126771414674
4628,0.23665805588153313
4629,0.06522041570510574
4630,0.0
4631,0.0
4632,0.0
4633,0.0
4634,0.0
4635,0.0
4636,0.0
4637,0.0
4638,0.0
4639,0.0
4640,0.0
4641,0.0
4642,0.031745454736499326
4643,0.0
4644,0.0
4645,0.07280603248301225
4646,4.081054067468487
4647,0.10677774044619491
4648,0.11686302227124384
4649,0.0
4650,0.0
4651,0.0
4652,0.0
4653,0.08898067556772415
4654,0.14230219774873787
4655,0.053999150886321234
4656,0.0
4657,0.0
4658,0.0
4659,0.0
4660,0.0
4661,1.7623208782871744
4662,0.6376945889133754
4663,1.9066895887787845
4664,1.2232009067249487
4665,1.0222314576776024
4666,2.293203559733707
4667,2.9760622419372114
4668,2.841908251208565
4669,1.995207854943399
4670,1.6130709094260418
4671,0.7951055987607503
4672,0.673127834933371
4673,0.42600336780750825
4674,0.16725679645007943
4675,0.04671752555144256
4676,0.0
4677,0.05528722107243931
4678,0.0
4679,0.13566002800952623
4680,0.04002744428921083
4681,0.0
4682,0.0
4683,0.0
4684,0.0
4685,0.0
4686,0.04693443178370363
4687,0.0
4688,0.0
4689,0.08466551435833393
4690,0.059338889430030496
4691,0.08075845822621887
4692,0.03169959714452874
4693,0.0
4694,0.0
4695,0.0
4696,0.0
4697,0.0
4698,0.0
4699,0.0
4700,0.0
4701,0.0
4702,0.0
4703,0.0
4704,0.0
4705,0.0
4706,0.0
4707,0.0
4708,0.0
4709,0.0
4710,0.0
4711,0.0
4712,0.0
4713,0.0
4714,0.0
4715,0.09554485738888474
4716,0.1458394532867942
4717,0.11771432209035945
4718,0.5145935390152687
4719,0.20082541087586847
4720,0.24333988881710555
4721,1.556723257741512
4722,0.0
4723,0.0
4724,0.14371323579518386
4725,0.0
4726,0.0
4727,0.0
4728,0.0
4729,0.0
4730,0.0
4731,0.0
4732,0.0
4733,0.0
4734,0.0
4735,0.0
4736,0.0
4737,0.07360699542291943
4738,0.16360908020418216
4739,0.06129617648057983
4740,0.008244531410553832
4741,0.026742625915626653
4742,0.15807715461389732
4743,0.06555411730950979
4744,0.12124529815238363
4745,0.07568184236482649
4746,0.0
4747,0.0
4748,0.0
4749,0.0
4750,0.0
4751,0.0
4752,0.0
4753,0.0
4754,0.0
4755,0.0
4756,0.0
4757,0.0
4758,0.0
4759,0.0
4760,0.0
4761,0.0
4762,0.0
4763,0.08078408477214433
4764,0.0
4765,0.0
4766,0.0
4767,0.0
4768,0.0
4769,0.0
4770,0.0
4771,0.15870129350794143
4772,0.061369855827036274
4773,0.0
4774,0.14628586174358438
4775,0.9842358136663598
4776,0.37982442966727376
4777,0.0
4778,0.0
4779,0.0
4780,0.0
4781,0.0
4782,0.0
4783,0.0
4784,0.0
4785,0.0
4786,0.0
4787,0.0
4788,0.0
4789,0.0
4790,0.0
4791,0.0
4792,0.0
4793,0.0
4794,0.0
4795,0.0
4796,0.0
4797,0.0
4798,0.0
4799,0.0
4800,0.0
4801,0.0
4802,0.0
4803,0.0
4804,0.0
4805,0.0
4806,0.0
4807,0.0
4808,0.0
4809,0.0
4810,0.015697505029574243
4811,0.04147085964140376
4812,0.10915311998163693
4813,0.10059520508340326
4814,0.08619783463038043
4815,0.0
4816,0.0
4817,0.16345090625041347
4818,0.08797153545856336
4819,0.08940792364878647
4820,0.16855349308761872
4821,0.045233941042065406
4822,0.0
4823,0.0
4824,0.0
4825,0.0
4826,0.0
4827,0.0
4828,0.02998101323383358
4829,0.01367711357761253
4830,0.0
4831,0.0
4832,0.38948218106587595
4833,0.030546109852443007
4834,0.17825942471045228
4835,0.1502815995210032
4836,0.06144267614700841
4837,0.07307237865257973
4838,0.12429249898320976
4839,0.08565242526311316
4840,0.037092752565607866
4841,0.22146711865461943
4842,0.0
4843,0.0
4844,0.0
4845,0.0
4846,0.0
4847,0.0
4848,0.0
4849,0.0
4850,0.0
4851,0.0
4852,0.0
4853,0.0
4854,0.0
4855,0.0
4856,0.0
4857,0.0
4858,0.007467049711613218
4859,0.04111083235106859
4860,0.04636359512972705
4861,0.13121479377973544
4862,5.797989170459516
4863,0.09027675015396593
4864,0.11763319760999386
4865,0.0
4866,0.0
4867,0.45677043030453546
4868,1.2622108036871564
4869,1.235197550106606
4870,0.0
4871,0.0
4872,0.0
4873,0.05857935492766042
4874,0.0
4875,0.0
4876,0.0
4877,0.0
4878,0.0
4879,0.0
4880,0.0
4881,0.015543212620060894
4882,0.0007506311194862931
4883,0.13349824433136767
4884,0.16496157590963936
4885,0.18266894734197647
4886,0.12279400788779886
4887,0.058408953984952945
4888,0.07686003678739857
4889,0.19609328019987587
4890,0.0
4891,0.0
4892,0.0
4893,0.0
4894,0.0
4895,0.0
4896,0.06714249043786161
4897,0.06303017852828505
4898,0.0864410249053058
4899,0.03753850643181459
4900,0.026483967917144986
4901,0.0
4902,0.0
4903,0.0
4904,0.0
4905,0.0
4906,0.0
4907,0.021043129204424846
4908,0.0
4909,0.0
4910,0.0
4911,0.0
4912,0.09970173851019039
4913,0.048319103631393
4914,0.0
4915,0.14639350498919615
4916,0.0
4917,0.0
4918,0.0
4919,0.0
4920,0.2877658918569995
4921,0.22796979069402762
4922,0.03843943732714887
4923,0.0
4924,0.0
4925,0.0
4926,0.0
4927,0.0
4928,0.0
4929,0.04618567452148995
4930,0.045021072751681775
4931,0.04998739696239021
4932,0.1588512264718732
4933,0.2534495360832271
4934,0.5416532391294636
4935,0.03994245373109794
4936,0.14579857215524736
4937,1.8271458716502038
4938,0.3899377816721372
4939,0.13906510899790905
4940,0.007762784407146731
4941,0.0557020007895026
4942,1.88930820061243
4943,0.54030511036247
4944,0.022134367122034513
4945,0.0
4946,0.0
4947,0.0
4948,0.0
4949,0.0
4950,0.0
4951,0.0
4952,0.0
4953,0.07350893103293743
4954,0.08098771465431483
4955,0.03070197656303749
4956,0.0
4957,0.0
4958,0.04815190908513587
4959,1.6783250156595948
4960,0.062257669740216556
4961,4.557409868415507
4962,0.8086570711099532
4963,1.3017858088705827
4964,0.7288552712960554
4965,0.0
4966,0.0
4967,0.0
4968,0.0
4969,0.0
4970,0.0
4971,0.0
4972,0.0
4973,0.0
4974,0.0
4975,0.0
4976,0.0
4977,0.0
4978,0.0
4979,0.10301839996465798
4980,0.08833294911327431
4981,0.06938328571212918
4982,0.07156788565599785
4983,0.4263070229468504
4984,4.433493460222045
4985,0.5137839996063073
4986,0.0
4987,0.30776661806806094
4988,0.03491030196761914
4989,0.0
4990,0.22729576851061842
4991,0.9916258418248701
4992,1.0229681336711807
4993,0.4587131044508467
4994,0.2938001974272932
4995,0.13913909092404386
4996,0.0
4997,0.0
4998,0.0
4999,0.0
5000,0.0
5001,0.0
5002,0.11053206985845473
5003,0.07451294247211762
5004,0.005073874820365473
5005,0.03142288570637464
5006,0.0850435610655551
5007,0.2593375924692427
5008,3.022604005070184
5009,0.7083614960016082
5010,4.063298886486053
5011,2.727193780010243
5012,0.6364238303330734
5013,2.817640374910116
5014,0.6340158294616418
5015,0.7162019947444228
5016,0.6633279166376194
5017,0.09885734909035715
5018,0.0
5019,0.0
5020,0.0
5021,0.0
5022,0.0
5023,0.0
5024,0.03861723072056203
5025,0.03580435986970506
5026,0.20709547997156194
5027,0.12103672280518368
5028,0.30517338566306107
5029,0.3110747498057874
5030,0.04299288231766387
5031,0.2242564436677038
5032,1.4123305575972191
5033,1.3281969089177645
5034,0.6646176048769121
5035,0.8928366890080165
5036,0.3852796130630926
5037,0.11421258258509509
5038,0.05065381106464987
5039,0.0
5040,0.011700860986756033
5041,0.08337750726953609
5042,0.0006202834066527445
5043,0.21650971917522233
5044,0.09864285857981551
5045,0.0
5046,0.0
5047,0.0
5048,0.06738619216295455
5049,0.05999090384178521
5050,0.1432199404563995
5051,0.3153522216976807
5052,0.4815039340123745
5053,0.5198427156958151
5054,1.0009351406034321
5055,1.7613856022390342
5056,2.471093046775061
5057,1.9705031470168237
5058,2.7734067672329235
5059,2.375705862337259
5060,2.6637487067565164
5061,6.920797521798731
5062,5.314800306345319
5063,2.8141204326516376
5064,1.5964789391589234
5065,1.2643390872222975
5066,1.5573795568330329
5067,1.0808522847544224
5068,2.0913668829435665
5069,9.525328581633383
5070,12.765601726264602
5071,5.2252706793150665
5072,2.4724393442156942
5073,0.42343739382025214
5074,0.313626052243529
5075,0.49163449481513566
5076,0.38460364378731915
5077,0.5081420714360937
5078,1.5482281731573324
5079,3.1147597970314433
5080,1.6597845458011042
5081,4.393166035584028
5082,4.168950048812398
5083,2.902052008583854
5084,2.7283948632721535
5085,1.789084867811153
5086,0.9213713942190747
5087,0.8410441148496421
5088,0.7855576535846581
5089,0.9831612045403421
5090,0.8909088416198726
5091,0.7052476687869809
5092,0.6131260950100487
5093,0.40552693797875705
5094,0.11284646248565229
5095,0.024258944620125514
5096,0.13935434205869357
5097,0.0
5098,0.06173862237670132
5099,0.21604398861429935
5100,0.08065639162324623
5101,0.06459499674808623
5102,0.4769767259351646
5103,0.2677761886678816
5104,0.4235914871448502
5105,0.7746315526779254
5106,0.6922873401925735
5107,0.42399801877757415
5108,0.36394690622180587
5109,0.5932984768536105
5110,0.948763900170758
5111,0.8955697147513042
5112,0.8698667219511981
5113,0.12231539097703481
5114,0.031831594578783595
5115,0.013088855309134258
5116,0.0
5117,0.0
5118,0.0
5119,0.3065381624042879
5120,0.5275181974614038
5121,0.15545242709994106
5122,0.029512350592159366
5123,0.08913282971952614
5124,0.3107146953123226
5125,0.4085721039043767
5126,0.13710571974382696
5127,0.19699120875663176
5128,1.7726705623719288
5129,1.1074618024469363
5130,0.5789470535232921
5131,0.2088050325425416
5132,0.10697122417852023
5133,0.5396345361317533
5134,0.369510306270978
5135,0.1843157778531734
5136,0.06467898552805244
5137,0.0
5138,0.0
5139,0.07906660089292036
5140,0.42958275560286585
5141,0.42700719977469637
5142,0.3434526692628259
5143,0.13099474180414764
5144,0.016879007564571585
5145,0.516555357724292
5146,1.379095892003295
5147,1.3160506748479135
5148,0.8507851250795598
5149,0.4421397874678533
5150,0.26106365949962285
5151,0.09534011452479205
5152,0.10615257214278735
5153,0.058272500521750495
5154,0.051053697023132505
5155,0.0
5156,0.0
5157,0.0
5158,0.0
5159,0.0
5160,0.0
5161,0.0
5162,0.0
5163,0.0
5164,0.0
5165,0.0
5166,0.0
5167,0.0
5168,0.0
5169,0.0
5170,0.0
5171,0.0
5172,0.0
5173,0.0
5174,0.0
5175,0.0
5176,0.250890857016139
5177,0.1403335775254611
5178,0.0
5179,0.0
5180,0.0
5181,0.0
5182,0.0
5183,0.0
5184,0.0
5185,0.0
5186,0.0
5187,0.0
5188,0.0
5189,0.0
5190,0.0
5191,0.0
5192,0.0
5193,0.0
5194,0.025729360318910766
5195,0.011182608037478376
5196,0.012980494738241578
5197,0.024714888605164336
5198,0.08273588655545701
5199,0.029239505804071985
5200,0.13155998696268853
5201,1.5524340928249616
5202,0.5199111791952375
5203,0.0
5204,0.0
5205,0.0
5206,0.0
5207,0.0
5208,0.0
5209,0.0
5210,0.0
5211,0.0
5212,0.0
5213,0.0
5214,0.0
5215,0.0
5216,0.0
5217,0.0
5218,0.09832391564660843
5219,0.045663932448015476
5220,0.0
5221,0.06726258898349921
5222,0.10649837906756339
5223,0.3555858009775148
5224,0.5288517847554709
5225,1.4243115043297367
5226,0.10435705857784235
5227,0.10348915895976298
5228,0.1068604551729226
5229,1.0602562392463102
5230,0.0022388470770211945
5231,0.0
5232,0.0
5233,0.0
5234,0.017111066062918494
5235,0.019952889088196566
5236,0.07446269569120412
5237,0.03182873762621996
5238,0.0
5239,0.07153165156523723
5240,0.037971588195908255
5241,0.06108819270726113
5242,0.18578236506377166
5243,0.4214319106552198
5244,0.27244518366449355
5245,0.15943757659801558
5246,0.026793953476943272
5247,0.0
5248,0.0
5249,0.7558407313617554
5250,0.8707726091649636
5251,0.3377880861474641
5252,0.7481833531497404
5253,0.5241280551321362
5254,0.3795017750561569
5255,0.32276735209259855
5256,0.5959591522244525
5257,0.4904567564344467
5258,0.40433938561451055
5259,0.5590364411989439
5260,0.2329669056008746
5261,0.11759404965864345
5262,0.18275625755518396
5263,1.2770014455348913
5264,0.6349130681044132
5265,0.24440110958264
5266,0.22994269597302278
5267,0.08747556973540328
5268,1.5267999993051073
5269,1.4409385679958777
5270,0.34459373708218716
5271,0.7135723399958894
5272,0.5520194419071187
5273,0.6535631848121936
5274,3.2503916284836096
5275,0.3201168766622966
5276,0.34971886440294125
5277,0.7566474644500547
5278,0.5265456686912107
5279,0.5954650279397858
5280,1.0918396056501263
5281,0.5595776810485953
5282,0.47542047532798876
5283,0.4025208108859602
5284,0.584368283167358
5285,0.27163445789208185
5286,2.768180097840059
5287,0.5146118069607203
5288,2.1149574780618177
5289,0.7734627721466939
5290,0.7549268082849956
5291,0.6636083669063277
5292,0.9782058879629826
5293,1.7873442012441623
5294,1.7683420034964341
5295,0.9310672510124922
5296,0.8912622807308147
5297,2.8722527168112153
5298,2.5914713442364405
5299,2.1937177244454698
5300,1.395410339074698
5301,0.31513210005383935
5302,0.13932922036347886
5303,0.2299156471641397
5304,0.7798848012139385
5305,0.32204684581686976
5306,0.3144171351136949
5307,0.6298900336426393
5308,1.4335357031621372
5309,1.5150429412476007
5310,1.0586906709942987
5311,1.0795327312208471
5312,1.1509098824383543
5313,1.3248280971076944
5314,0.6419455907048137
5315,0.4978075028135837
5316,0.7177885519132082
5317,0.48816671980072146
5318,0.5966228075995793
5319,2.119561553528782
5320,1.0986004114431898
5321,0.6577944802444972
5322,0.9062462439329622
5323,0.7131857443436664
5324,0.4453876213626098
5325,0.26066712412152043
5326,0.1473722677092415
5327,0.35843133387813064
5328,0.3312593744740227
5329,0.13527789572523288
5330,0.15103487138887892
5331,0.12521709720890659
5332,0.10847525347819628
5333,0.07803637970072563
5334,0.10135588330051497
5335,0.07957666359537975
5336,0.07990721784715633
5337,0.034371645066747156
5338,0.16151448518276404
5339,0.24259826284111033
5340,0.12776312745923438
5341,0.12020359878742568
5342,0.27652192017912347
5343,1.8257050245130944
5344,0.444059839007904
5345,1.2635594836235102
5346,0.12491800086288679
5347,0.0681106550428912
5348,0.6663382533336762
5349,0.9339276826705681
5350,0.11087178934266881
5351,0.06915855611505616
5352,0.04735839730823491
5353,0.03125130871615462
5354,0.0
5355,0.0
5356,0.0
5357,0.0
5358,0.0
5359,0.0
5360,0.0
5361,0.0
5362,0.0
5363,0.0
5364,0.0
5365,1.3172765818158485
5366,0.023193725029575302
5367,0.10238599312192452
5368,0.10398382776954156
5369,0.6436383252235738
5370,0.0
5371,0.0
5372,0.0
5373,0.0
5374,0.0
5375,0.0
5376,0.0
5377,0.0
5378,0.0
5379,0.0
5380,0.0
5381,0.0
5382,0.0
5383,0.0
5384,0.0
5385,0.0003130939605779354
5386,0.030766317996026447
5387,0.23548857195732348
5388,0.5968233534121757
5389,0.5350959262128979
5390,0.3618729273588632
5391,2.4620371891676887
5392,0.0
5393,0.056600052023482304
5394,0.0
5395,0.0
5396,0.0
5397,0.0
5398,0.0
5399,0.0
5400,0.0
5401,0.0
5402,0.0
5403,0.0
5404,0.0
5405,0.0
5406,0.0
5407,0.0
5408,0.0
5409,0.01808061612263122
5410,0.06460253232803112
5411,0.06403209119895563
5412,0.10629797620191964
5413,0.3056179892438567
5414,0.7070408648881547
5415,2.875304131996186
5416,0.4424995425330863
5417,0.22080184976261522
5418,0.0
5419,0.24152036509284194
5420,0.07734570757574416
5421,0.0
5422,0.0
5423,0.0
5424,0.0
5425,0.10709266548632582
5426,0.0
5427,0.0
5428,0.0
5429,0.0
5430,0.0
5431,0.09600557421451751
5432,0.07715750649706406
5433,0.0
5434,0.05741958543850085
5435,0.20366590338019305
5436,0.18381894326257978
5437,0.13020502368171877
5438,0.06668935950092193
5439,0.04743741031303216
5440,0.08215955041710547
5441,1.3069703939937614
5442,0.5130801934100253
5443,1.4971341449566686
5444,2.6999890431611178
5445,4.269711626358457
5446,2.375048284503608
5447,0.10467052002287724
5448,0.07182713584971731
5449,0.07275433194984506
5450,0.10643699716372744
5451,0.035900090112455034
5452,0.0
5453,0.0
5454,0.0
5455,0.4635505790349131
5456,0.6065040229407772
5457,0.011636768560266846
5458,0.00015269424998101658
5459,0.18685901946080577
5460,0.2161025745097473
5461,0.16948806826177273
5462,0.0
5463,0.28528161676302066
5464,3.2789636077450424
5465,1.5633233610865878
5466,0.514764259332391
5467,0.5568152511844596
5468,0.22713377806669402
5469,0.03244318290402309
5470,0.0
5471,0.0
5472,0.0
5473,0.0
5474,0.08898538094639126
5475,0.08602706730767734
5476,0.14589474114494136
5477,0.09749065067625917
5478,0.0
5479,0.0
5480,0.0
5481,0.06845716365400445
5482,0.13747709527940155
5483,0.13144650780951322
5484,0.13344902275262271
5485,0.2898772682637782
5486,0.4711645856246277
5487,0.5858862957269959
5488,3.52906329369674
5489,0.28697532887898586
5490,0.1346015876701987
5491,0.10564015267370495
5492,0.0
5493,0.0
5494,0.0
5495,0.1626981261154717
5496,0.161661356193343
5497,0.09356744920993655
5498,0.05899554439505958
5499,0.059578985083602196
5500,0.135959126167986
5501,0.0308454824145395
5502,0.0
5503,0.10764147537005733
5504,0.149244526121442
5505,0.14243129268191676
5506,0.1196782098202776
5507,0.1301761166194434
5508,0.2342124044665707
5509,3.9760906257580677
5510,0.0
5511,0.1171452164717863
5512,0.0
5513,0.0
5514,0.0
5515,0.0
5516,0.0
5517,0.017262872029930505
5518,0.0
5519,0.0
5520,0.0
5521,0.0
5522,0.0
5523,0.0
5524,0.0
5525,0.3596706580007743
5526,0.2697280726950297
5527,0.10222568355026691
5528,0.06111694312048725
5529,0.07357732702722658
5530,0.16026240366364564
5531,0.2243714522572501
5532,0.45234758388855256
5533,1.5344540559627258
5534,1.2650422862337949
5535,2.6021807740211806
5536,2.5130763758017376
5537,1.3545877450483215
5538,0.31341395565210933
5539,0.3652970614690685
5540,0.04036145260752886
5541,0.0
5542,0.0
5543,0.0
5544,0.0
5545,0.0
5546,0.0
5547,0.0
5548,0.0
5549,0.281453002882597
5550,0.0745054832611007
5551,0.0
5552,0.0
5553,0.12240721862531292
5554,0.15578241078846128
5555,0.0886162634333399
5556,0.5668592657222011
5557,0.27646993206948345
5558,1.0583993803709324
5559,2.4470371688720536
5560,0.3716405881315773
5561,0.19014699329203313
5562,4.245221577820818
5563,0.546712806214027
5564,2.758097395564544
5565,3.825024210942329
5566,10.10725597044073
5567,8.41287519953323
5568,10.101533732676007
5569,10.197175476233395
5570,6.485784798366761
5571,2.676269608378519
5572,1.688652676061806
5573,1.8823225580003047
5574,1.300908151003851
5575,1.103545557291227
5576,1.0895551812528435
5577,1.1477046465710448
5578,0.7204358314752436
5579,0.5479198751936956
5580,0.4013148115862059
5581,0.5778946750021807
5582,0.5341701628319796
5583,0.5250142065861388
5584,0.685862270700767
5585,0.5170215115783608
5586,0.41982607519817944
5587,0.26871411915072707
5588,0.4337429443914478
5589,1.1817803921162862
5590,0.996403432773003
5591,0.8869602651003763
5592,0.4443259442202438
5593,0.31231216956512337
5594,0.5184363191791334
5595,0.37542142031134235
5596,0.21801880211775726
5597,0.09895417784195824
5598,0.13735226965902897
5599,0.08395318336389922
5600,0.10740306174786798
5601,0.14683078296772073
5602,0.3052335067931385
5603,1.111398482558966
5604,0.16494949454518093
5605,0.39330988619484425
5606,0.09739077743355304
5607,0.06029834932402443
5608,0.014640545619277604
5609,0.0568353731293865
5610,0.2551056619076527
5611,0.19471753827417942
5612,0.04031820852622395
5613,0.0
5614,0.0
5615,0.0
5616,0.011082806084982114
5617,0.01459161945196243
5618,0.0
5619,0.0
5620,0.0
5621,0.09873461438520784
5622,0.20463073881453028
5623,0.2036788532600057
5624,0.28239273189014125
5625,0.14919159877496752
5626,0.1935123799949519
5627,0.09366411881362285
5628,0.09844882779151536
5629,0.33831390186061283
5630,0.2807900935108161
5631,0.20303852300787414
5632,0.20269537497070306
5633,1.6859817621009445
5634,0.20438455581130419
5635,2.6711757802939187
5636,0.0
5637,0.0
5638,0.0
5639,0.0
5640,0.11381896725237708
5641,0.13992139126337974
5642,0.0
5643,0.0
5644,0.0
5645,0.0
5646,0.08313025936252472
5647,0.14074732772196352
5648,0.13879073778660556
5649,0.053696358672586805
5650,0.02595200013889436
5651,0.007200427687734453
5652,0.0
5653,0.0
5654,0.0
5655,0.07093785276736105
5656,0.15968740612515284
5657,0.0741852450714154
5658,0.13710287805710003
5659,0.2179530497276951
5660,0.04987752281024401
5661,0.0
5662,0.0
5663,0.0
5664,0.0
5665,0.0
5666,0.0
5667,0.0
5668,0.0
5669,0.0
5670,0.0
5671,0.0
5672,0.09677263335812233
5673,0.0
5674,0.0
5675,0.0
5676,0.0
5677,0.0
5678,0.0
5679,0.0
5680,0.0
5681,0.0
5682,0.0
5683,0.0
5684,0.0
5685,0.19392674177202027
5686,0.2904317277239502
5687,0.06765113419767647
5688,0.0
5689,0.0
5690,0.08929358810024889
5691,0.04494137417157026
5692,0.05998454569467389
5693,0.061452237162336935
5694,0.0
5695,0.04892433281609558
5696,0.07383553237798778
5697,0.030416213803796423
5698,0.0
5699,0.029333920913422403
5700,0.0
5701,0.0
5702,0.09117466090029569
5703,0.09674299151099701
5704,0.0
5705,0.0
5706,0.0
5707,0.0
5708,0.0
5709,0.0
5710,0.2023527172749674
5711,0.3102542625247464
5712,0.30827649781164695
5713,0.08097365079874051
5714,0.0
5715,0.0
5716,0.0
5717,0.0
5718,0.0
5719,0.0
5720,0.14387083040645698
5721,0.2761671449799685
5722,0.2560625946865437
5723,0.39779456374433325
5724,0.2698490448731858
5725,0.1438136538723079
5726,0.0
5727,0.0
5728,0.0
5729,0.0
5730,0.0
5731,0.0
5732,0.0
5733,0.0
5734,0.0
5735,0.0
5736,0.0
5737,0.0
5738,0.0
5739,0.0
5740,0.0
5741,0.0
5742,0.0
5743,0.0
5744,0.0
5745,0.07829889805955192
5746,0.1277168166653219
5747,0.06576028756979073
5748,0.0
5749,0.0
5750,0.0
5751,0.0
5752,0.0
5753,0.0
5754,0.0
5755,0.0
5756,0.0
5757,0.0
5758,0.0
5759,0.0
5760,0.0
5761,0.0
5762,0.07155447193363718
5763,0.03951772282284814
5764,0.0
5765,0.0
5766,0.0
5767,0.0
5768,0.12906351815358605
5769,0.0976444266295448
5770,0.0
5771,0.0
5772,0.12853594942880978
5773,0.08910598818647353
5774,0.1946367712220348
5775,0.12040882240875755
5776,0.3411481693159393
5777,0.027679515023683286
5778,0.0
5779,0.0
5780,0.0
5781,0.0
5782,0.0
5783,0.0
5784,0.0
5785,0.0
5786,0.0
5787,0.0
5788,0.0
5789,0.0
5790,0.060417721390219094
5791,0.1808158718063115
5792,0.2615741955213784
5793,0.1481813748109188
5794,0.2470857474527869
5795,0.3214956471418877
5796,0.00863391315292578
5797,0.06702955527470818
5798,0.12877077289787175
5799,0.13101018431977243
5800,0.17738125840905258
5801,0.0542235394976812
5802,0.0
5803,0.0
5804,0.0
5805,0.0
5806,0.0
5807,0.0
5808,0.0
5809,0.0
5810,0.0
5811,0.0
5812,0.0
5813,0.08498970238899534
5814,0.33575596500331834
5815,0.5003334711364822
5816,0.436109017019733
5817,0.3409807095176891
5818,0.3351331038327518
5819,0.5801630509745294
5820,1.4124633721150455
5821,9.071566786625814
5822,0.43891099399582134
5823,0.49384072450415617
5824,0.48665599180391633
5825,0.2151736804349322
5826,2.1759675347830583
5827,0.23667927737037608
5828,0.04736290241416908
5829,0.5196223388567863
5830,0.24473703484030326
5831,0.22602439307498365
5832,0.13757386139247502
5833,0.645764355113977
5834,0.0587135087707917
5835,1.3827433463772998
5836,2.300886488620126
5837,0.5651631101363254
5838,0.1503746403334643
5839,0.2941971290612584
5840,0.19097460469136587
5841,0.1912095396745365
5842,0.050327083001954785
5843,0.0651962056337941
5844,0.2875621150812289
5845,1.7802140025706272
5846,0.1372876579159717
5847,1.9027611491192973
5848,0.4779041161396011
5849,0.49011959726792775
5850,0.18830590535832709
5851,0.12405622683857007
5852,0.2191532198972071
5853,0.24708687201358331
5854,0.36367772446175917
5855,0.35349045190830125
5856,0.2525674322736115
5857,0.1282081666888021
5858,1.7523550645204737
5859,1.6666606805691282
5860,0.8856685232677622
5861,0.24950962415382988
5862,0.25645787993923186
5863,0.2039267833305042
5864,0.13266584047325924
5865,0.23831390421126722
5866,0.1817536072022384
5867,0.11656461072741638
5868,0.09148483151434517
5869,0.11920977542730925
5870,0.055344124044653435
5871,0.0
5872,0.08841515302959259
5873,0.21585010086063983
5874,0.07328881549811235
5875,0.03328571096758008
5876,0.0
5877,0.0
5878,0.0
5879,0.12933437327881211
5880,0.1594776114851368
5881,0.11532432095359563
5882,0.015254956548046737
5883,0.0
5884,0.0
5885,0.0
5886,0.15985064137595512
5887,0.19810722126021413
5888,0.08127636459909639
5889,0.0
5890,0.05456191345386987
5891,0.04961337076690841
5892,0.014996103462262335
5893,0.0
5894,0.0
5895,0.0
5896,0.0
5897,0.0
5898,0.0
5899,0.0
5900,0.0
5901,0.0
5902,0.0
5903,0.0
5904,0.0793026841647483
5905,0.0798436022884854
5906,0.0
5907,0.04111537389818715
5908,0.0
5909,0.0
5910,0.0
5911,0.0
5912,0.0
5913,0.0
5914,0.0
5915,0.0
5916,0.0
5917,0.0
5918,0.0
5919,0.0
5920,0.0
5921,0.044869186639028016
5922,0.05583541234099793
5923,1.31973480724996
5924,0.1760876797112178
5925,0.8867692858663733
5926,0.0
5927,0.0
5928,0.0
5929,0.0
5930,0.0
5931,0.0
5932,0.0
5933,0.0
5934,0.0
5935,0.0
5936,0.0
5937,0.0
5938,0.0
5939,0.047605816786909005
5940,0.026041742591087227
5941,0.0
5942,0.0
5943,0.0
5944,0.0
5945,0.0
5946,1.2897371549858385
5947,0.017280814148971285
5948,0.0
5949,0.009395078759602332
5950,0.0
5951,0.0
5952,0.0
5953,0.0
5954,0.0
5955,0.06075038698945041
5956,0.0718475120589986
5957,0.0
5958,0.0
5959,0.0
5960,0.0
5961,0.10977940731834754
5962,0.07296356804031331
5963,0.08439374620395355
5964,0.01338373334319523
5965,0.0
5966,0.0
5967,0.0
5968,0.2652808857664256
5969,0.9961924044419745
5970,0.3367906677363646
5971,0.09169833862820459
5972,0.0
5973,0.0
5974,0.0
5975,0.0
5976,0.0
5977,0.0
5978,0.0
5979,0.03350041075946064
5980,0.0
5981,0.0
5982,0.07589356364566073
5983,0.09194606155697004
5984,0.12606161428600546
5985,0.16919579089861822
5986,0.10225783045707335
5987,0.07793958173880491
5988,0.14723240762138487
5989,0.6331400842857567
5990,0.12350041198633159
5991,0.14792995386473556
5992,0.4579722279283791
5993,0.5074793960142537
5994,1.029478450905361
5995,0.44250927734836326
5996,0.2867201415484814
5997,0.22720445344644435
5998,0.09736576748636035
5999,0.04884449971169634
6000,0.175406256185142
6001,0.2953620170149122
6002,0.28698755215182054
6003,0.09238762623002973
6004,0.030155677170013207
6005,0.0
6006,0.0
6007,0.04843411206723148
6008,0.08963455755115933
6009,0.039819205713667274
6010,0.0
6011,0.0
6012,0.0
6013,0.0
6014,0.5039738038381271
6015,0.055283812588741175
6016,2.4290777402272887
6017,0.2204221537193028
6018,2.117312227515586
6019,4.093957502288295
6020,2.799917636569707
6021,1.2424096262881925
6022,0.0
6023,0.06263953037740598
6024,0.0
6025,0.0
6026,0.0
6027,0.0
6028,0.0
6029,0.0
6030,0.0
6031,0.0
6032,0.0
6033,0.0
6034,0.12433566429910155
6035,0.11692070872426816
6036,0.03979532965748242
6037,0.06159310402542747
6038,0.022269409670077265
6039,0.14703267654701177
6040,0.12192357102049023
6041,0.23327931478186867
6042,0.19414334430581248
6043,0.19514429064624883
6044,0.0
6045,0.0
6046,0.0
6047,0.29048398056654784
6048,0.2645448879370069
6049,0.0
6050,0.0
6051,0.0
6052,0.0
6053,0.0
6054,0.0
6055,0.0
6056,0.0
6057,0.0
6058,0.0
6059,0.013309839901242985
6060,0.03763768149532572
6061,0.29872787067253903
6062,3.0371315275854633
6063,1.5610122987645556
6064,0.014860639813435883
6065,0.0
6066,0.0
6067,0.0
6068,0.0
6069,0.0
6070,0.0
6071,0.0
6072,0.0
6073,0.0
6074,0.0
6075,0.0
6076,0.0
6077,0.0
6078,0.0
6079,0.0
6080,0.0
6081,0.0283989900876236
6082,0.0700144508260703
6083,0.0893234925687697
6084,0.018344826286555514
6085,0.0
6086,0.007479357449850383
6087,0.2915250714873604
6088,0.6858908546775637
6089,0.2918362964713333
6090,0.0
6091,0.0
6092,0.0
6093,0.0
6094,0.0
6095,0.0
6096,0.0
6097,0.0
6098,0.0
6099,0.0
6100,0.0
6101,0.0
6102,0.0
6103,0.0
6104,0.0
6105,0.0
6106,0.11584865589260246
6107,0.07879772777248935
6108,0.07303083627399036
6109,0.3454110046292566
6110,4.2744910152960625
6111,0.5234967035485082
6112,0.2438965509619042
6113,0.0
6114,0.0
6115,0.0
6116,0.0
6117,0.0
6118,1.021877208834218
6119,0.2904437040097278
6120,0.13610295201680644
6121,0.0
6122,0.0
6123,0.0
6124,0.0
6125,0.0
6126,0.0
6127,0.0
6128,0.0
6129,0.0
6130,0.061660685759437624
6131,0.21203975472899583
6132,0.14290429041555464
6133,0.20168612107475958
6134,0.22454459303289664
6135,0.13165404953451101
6136,0.02779639253773931
6137,0.0
6138,0.0
6139,0.0
6140,0.08136523824209758
6141,0.0
6142,0.0
6143,0.0
6144,0.0
6145,0.0
6146,0.0
6147,0.0
6148,0.0
6149,0.0
6150,0.0
6151,0.0
6152,0.0
6153,0.0
6154,0.0
6155,0.07093441241269596
6156,0.10994998347787562
6157,0.12446960336108973
6158,0.14688641262911398
6159,0.056775531798268865
6160,0.0
6161,0.0
6162,0.0
6163,0.025252030171453617
6164,0.07147086632518539
6165,0.0
6166,0.0
6167,0.0
6168,0.0
6169,0.0
6170,0.0
6171,0.0
6172,0.0
6173,0.0
6174,0.0
6175,0.0
6176,0.0
6177,0.021076341174652506
6178,0.13340651971536663
6179,0.1052002286053146
6180,0.22011261707729676
6181,0.23454783648297078
6182,0.16750132613332874
6183,0.15414962887679037
6184,0.07710394656833881
6185,0.17708278530837204
6186,0.09776057405849581
6187,0.0
6188,0.06444173410667373
6189,0.0
6190,0.0
6191,0.0
6192,0.0
6193,0.13433904082214426
6194,0.09666883411572544
6195,0.06266037944796869
6196,0.03678942944942151
6197,0.09908102494568025
6198,0.19638108180648695
6199,0.22445075140432377
6200,0.2814638511312748
6201,0.836628832765234
6202,0.31706928931093564
6203,0.835967957997074
6204,0.7248119222937325
6205,0.24345187140594582
6206,0.34332315989870676
6207,1.6955534009902662
6208,5.899297977638994
6209,0.29200553041300203
6210,0.10607144394341146
6211,0.04988451897346955
6212,0.08651234675861853
6213,0.13543746118880004
6214,0.18636609409155416
6215,0.19342557166737076
6216,0.17281176378169438
6217,0.19880844032179168
6218,0.16162422658439782
6219,0.13574288466358322
6220,0.29944302419613816
6221,0.19771736706404897
6222,0.09145230764556776
6223,0.28909424297888325
6224,0.37303368478564786
6225,0.6957104313889763
6226,0.24613365836471485
6227,0.22493466001071208
6228,2.20675622173805
6229,2.319183203475606
6230,0.8791839538730277
6231,0.30307494196668927
6232,0.21550770426841603
6233,0.17689543507786964
6234,1.1925034662333358
6235,3.060397903648461
6236,1.3258989143156272
6237,0.05661428765966448
6238,0.0
6239,0.0
6240,0.0
6241,0.03777215230155277
6242,0.06040821530373967
6243,0.0
6244,0.0
6245,0.04051398406655608
6246,0.06437491808923064
6247,0.0
6248,0.07508985105344275
6249,0.37408002764258896
6250,0.6828881765478558
6251,0.6783233142705513
6252,1.9636076203751722
6253,1.2037368476376995
6254,0.9637609597925729
6255,0.6811034275013518
6256,0.7796576918569896
6257,0.4809935881039778
6258,0.1818087604536603
6259,0.03860723226666355
6260,0.0
6261,0.0
6262,0.05140287767316037
6263,0.07877271825791372
6264,0.0
6265,0.0
6266,0.0
6267,0.0
6268,0.0
6269,0.0
6270,0.0
6271,0.0
6272,0.05401687053673422
6273,0.03757432333171766
6274,0.11982624279199836
6275,0.8658285743502229
6276,1.0032789515274938
6277,0.014947259762905103
6278,0.2295242428873496
6279,0.6143594793255179
6280,0.11739992425630368
6281,0.12850997580378495
6282,0.0
6283,0.0
6284,0.0
6285,0.0
6286,0.0
6287,0.0
6288,0.0
6289,0.0
6290,0.0
6291,0.0
6292,0.0
6293,0.0
6294,0.0
6295,0.0
6296,0.0
6297,0.0
6298,0.0
6299,0.07405888251683063
6300,0.07520168047759833
6301,0.04239410677961785
6302,0.04687639739302763
6303,0.0
6304,0.0
6305,0.0
6306,0.0
6307,0.0
6308,0.0
6309,0.0
6310,0.0
6311,0.0
6312,0.0
6313,0.0
6314,0.0
6315,0.0
6316,0.0
6317,0.0
6318,0.0
6319,0.0
6320,0.0
6321,0.021966199057484963
6322,0.02443804795004656
6323,0.06800166040831251
6324,0.15019677586326574
6325,0.2195255386407641
6326,0.1091312948656618
6327,0.0
6328,0.0
6329,0.0
6330,0.0
6331,0.018496902707942693
6332,0.0
6333,0.0
6334,0.0
6335,0.04735547275282765
6336,0.0
6337,0.0
6338,0.0
6339,0.0
6340,0.0
6341,0.0
6342,0.0
6343,0.0
6344,0.0
6345,0.0
6346,0.039287404118154616
6347,0.007910336727648896
6348,0.1585746293193865
6349,0.102676396344023
6350,0.011305113931874212
6351,0.09085492037486229
6352,0.24107356681815809
6353,0.35630496710841447
6354,0.007148789976412009
6355,0.0
6356,0.09157644383615739
6357,0.0
6358,0.0
6359,0.0
6360,0.0
6361,0.0
6362,0.0
6363,0.0
6364,0.0
6365,0.0
6366,0.0
6367,0.0
6368,0.0
6369,0.0
6370,0.02889292538245748
6371,0.10159829572532661
6372,0.4217556213912538
6373,0.1681683299620688
6374,0.5180438181225535
6375,0.041435806088700275
6376,0.0
6377,0.14813720383279086
6378,0.14547202429637035
6379,0.05723313472323355
6380,0.0
6381,0.02354601975761452
6382,0.11878617267197827
6383,0.0
6384,0.0
6385,0.0
6386,0.0
6387,0.0
6388,0.0
6389,0.0
6390,0.0
6391,0.0
6392,0.0
6393,0.0
6394,0.03945567586932839
6395,0.21219576294260675
6396,0.14692390905564137
6397,0.11831869218846425
6398,1.5427150877916127
6399,0.10958739377919853
6400,3.3738617056443356
6401,8.0740698348775
6402,2.2048538921037824
6403,4.651846776688837
6404,1.2892015404079125
6405,0.7767859971285209
6406,0.0
6407,0.0
6408,0.0
6409,0.0
6410,0.0
6411,0.0
6412,0.0
6413,0.0
6414,0.0
6415,0.0
6416,0.0
6417,0.0
6418,0.07060604571723143
6419,0.048241345145231734
6420,0.07467826142327937
6421,0.8590210842800097
6422,0.01913770742290933
6423,0.9999967368295792
6424,0.15340306874589316
6425,1.2686098358515643
6426,1.7971645741999092
6427,1.1765785929956576
6428,0.0
6429,3.060081954717529
6430,4.173507249180562
6431,1.7996936690327177
6432,0.1129004919663673
6433,0.0
6434,0.06419223896606484
6435,0.0
6436,0.0
6437,0.0
6438,0.0
6439,0.0
6440,0.0
6441,0.0
6442,0.022276493156255395
6443,0.24015215126768813
6444,0.6407782606510389
6445,5.029326875436799
6446,0.08548328127026959
6447,2.4034824461043454
6448,4.123880407671504
6449,3.7576072503271156
6450,2.278045794791579
6451,0.8103781310011601
6452,0.803233787779606
6453,0.32007656137592133
6454,0.12403017606045014
6455,0.02067186657516991
6456,0.0
6457,0.6195376710853232
6458,0.08295924805849798
6459,0.4330405735646936
6460,0.1569701911338071
6461,0.1866912505922218
6462,0.06464627931023764
6463,0.0
6464,0.0
6465,0.01974783977223796
6466,0.03939874839612437
6467,0.09479839159304525
6468,0.053094790965880635
6469,0.1014440241683713
6470,0.0
6471,0.2745994675387864
6472,0.09146528942185406
6473,0.04892983056871908
6474,0.11363149300082889
6475,0.16781620329231176
6476,0.04819424906108282
6477,0.0
6478,0.0
6479,0.0
6480,0.0
6481,0.0
6482,0.0
6483,0.0
6484,0.0
6485,0.0
6486,0.0
6487,0.0
6488,0.0
6489,0.0
6490,0.0
6491,0.0
6492,0.0
6493,0.0
6494,0.0
6495,0.0
6496,0.0
6497,0.012493992991490614
6498,0.02650692263471875
6499,0.08624842404366505
6500,0.2547139687423868
6501,0.24734582682056977
6502,0.17439300885472903
6503,0.07204408387036566
6504,0.0
6505,0.0
6506,0.0
6507,0.0
6508,0.0
6509,0.0
6510,0.0
6511,0.0
6512,0.0
6513,0.11085301429330528
6514,0.03497559997278488
6515,0.0
6516,0.0
6517,0.0
6518,0.11832372104486834
6519,0.31311284954441415
6520,0.2100632738877365
6521,0.28397346551605335
6522,0.08109164196127015
6523,1.3300595659607775
6524,0.8981966480981481
6525,0.6034517656399305
6526,0.4091118614764112
6527,0.0948584208270645
6528,0.0
6529,0.0
6530,0.0
6531,0.0
6532,0.0
6533,0.0
6534,0.0
6535,0.0
6536,0.0
6537,0.0175091163311871
6538,0.0
6539,0.0
6540,0.03571101792276149
6541,0.0
6542,0.17598220125222186
6543,1.0476750333302978
6544,1.2250158941683027
6545,0.5111520113321467
6546,3.1196811256824177
6547,0.09999789881486451
6548,0.15043193642018612
6549,0.4964406880268959
6550,0.05954304649226658
6551,0.0
6552,0.023960169814174197
6553,0.2390224537368866
6554,0.09474005494018545
6555,0.0
6556,0.0
6557,0.42372518516820634
6558,1.0608965057592792
6559,0.06776994378277659
6560,0.0
6561,0.21539087209457042
6562,0.22346463488730728
6563,0.12563036119722518
6564,0.13311038079430712
6565,0.4131741225500635
6566,0.2160877716582963
6567,0.9648700545360415
6568,0.30193569224064587
6569,0.06592924603670702
6570,0.0
6571,0.0
6572,0.0
6573,0.11705071746638866
6574,0.14652615356224472
6575,0.11568301152986628
6576,0.07219626509125067
6577,0.18330845105112495
6578,0.11238942189887213
6579,0.29320308849756216
6580,0.13805311944909293
6581,0.0
6582,0.0
6583,0.03386175215620941
6584,0.0
6585,0.0
6586,0.018352875597122714
6587,0.20644956231491943
6588,0.12137684438479247
6589,0.03148785447084269
6590,0.593956100880256
6591,0.9592885773201272
6592,0.0
6593,0.0
6594,0.08455115454372981
6595,0.2136781033755667
6596,0.9406128796704581
6597,0.05789489405817313
6598,0.4283370304602112
6599,0.7392260381410222
6600,1.6066425902898294
6601,2.5661435336694627
6602,0.5927181775591231
6603,0.190828539304666
6604,0.044984030716704766
6605,0.0
6606,0.0
6607,0.0
6608,0.0
6609,0.04392214463037597
6610,0.0965799992318926
6611,0.10009489337210922
6612,0.05374630226044055
6613,0.01457094722230736
6614,0.0730473153507871
6615,0.0958176086504153
6616,0.0695241617829899
6617,0.47566265299244653
6618,0.07778178738832658
6619,0.0
6620,0.0
6621,1.1628503218227615
6622,0.29963040606725694
6623,0.4208086600975752
6624,0.3898119074424033
6625,0.1590555201598821
6626,0.5772249986320589
6627,1.1903617250208602
6628,1.4720750342487852
6629,0.06174024191304044
6630,0.19278337472136323
6631,0.4261938357125034
6632,0.10540618846888074
6633,0.0
6634,0.0409008363052806
6635,0.056282933355167965
6636,0.1314469680670295
6637,0.09570620985405447
6638,0.0985305653786443
6639,0.13311068817161592
6640,0.5213231540192972
6641,1.1264469026700146
6642,0.35439653017548356
6643,0.19103123820704035
6644,0.22336734596329283
6645,0.0020829964508724042
6646,0.0
6647,0.0
6648,0.0
6649,0.08325776263100515
6650,0.08814348214094632
6651,0.0
6652,0.0
6653,0.0
6654,0.0
6655,0.0
6656,0.0
6657,0.05213100859678434
6658,0.02184769688654633
6659,0.04213822977015956
6660,0.042510903600004805
6661,0.0
6662,0.0
6663,0.6064396870927303
6664,0.8163372183319108
6665,1.6728188358847336
6666,0.522614585190777
6667,1.0028342378945776
6668,1.6939277267425694
6669,0.13682435336556234
6670,0.15403139734309146
6671,0.041793740066290275
6672,0.08861232359099867
6673,0.18644209999255454
6674,0.26642718003878246
6675,0.08793376878179637
6676,0.10295661035286885
6677,0.14193608209171438
6678,0.10009270800275291
6679,0.06183618863956705
6680,0.0
6681,0.0
6682,0.040942850292922536
6683,0.21415715180739528
6684,0.1295580469521143
6685,0.14362065200740873
6686,0.4169335664775924
6687,3.615932175399331
6688,0.22543499483653254
6689,0.16314857096126556
6690,0.0
6691,0.0
6692,0.0
6693,0.0
6694,0.0
6695,0.0
6696,0.0
6697,0.0
6698,0.0
6699,0.0
6700,0.0
6701,0.0
6702,0.0
6703,0.0
6704,0.0
6705,0.034154848041669385
6706,0.052781026530904405
6707,0.14398288381431548
6708,0.2785315294772835
6709,0.21623142242225354
6710,0.22489526651219852
6711,0.33074883363176694
6712,2.282071720794916
6713,0.09497913566906914
6714,0.06322630434402937
6715,0.0
6716,0.03695118372264408
6717,0.03271674474212995
6718,0.12350349617219736
6719,1.4398447679045365
6720,3.7220544614036366
6721,0.9500496999375855
6722,1.02619292014245
6723,0.3920293641115804
6724,0.27326357364030657
6725,0.1001661954345695
6726,0.13592372611615927
6727,0.3245781643986559
6728,0.5150450393013534
6729,0.3321203109761093
6730,0.2558423970950443
6731,0.17165290054241714
6732,0.16103977194100763
6733,0.1967606211140154
6734,1.118697376059774
6735,0.8121828356739605
6736,0.46138978665204605
6737,0.13867235240777637
6738,0.03955420332777901
6739,0.025913538330277465
6740,0.0
6741,0.08397913220936973
6742,0.0889486377979024
6743,0.2565424380877534
6744,0.05652149858638531
6745,0.04065324495930795
6746,0.06014775719759024
6747,0.09722741256994483
6748,0.07111129512011154
6749,0.07953613918880774
6750,0.06546437291224211
6751,0.1203900332559913
6752,0.16776992974233576
6753,0.504702955118265
6754,0.9385022344476942
6755,1.001664037900219
6756,0.6364822850684496
6757,1.117148706306222
6758,0.3135442289340718
6759,0.27353220489149865
6760,0.2008855357841741
6761,0.18339312382600584
6762,0.1310051138302588
6763,0.04854212828782896
6764,0.04252842970986137
6765,0.1483160759350352
6766,0.18919577771081933
6767,0.10973573708482746
6768,0.10303295823841065
6769,0.07005419902581064
6770,0.13228612130159043
6771,0.07752490888614741
6772,0.03150165621769009
6773,0.1048013598446791
6774,0.1421027507944314
6775,0.08712851397537795
6776,0.1744681222368514
6777,0.1273256243815011
6778,0.0526007505380879
6779,0.24654549355462452
6780,0.9146435271725885
6781,0.8293002850800372
6782,1.0198138261970544
6783,0.8611998381765898
6784,0.44086366922377673
6785,0.24695757811328223
6786,0.17114923885776542
6787,0.34712631064452004
6788,0.1726070541806123
6789,0.02495443118929307
6790,0.0
6791,0.06506919945299636
6792,0.4412873491571354
6793,0.6288757306832915
6794,0.9325922912111521
6795,0.3527602589588429
6796,0.5083576149174529
6797,1.49327494534919
6798,1.945938321221028
6799,1.4233971775076204
6800,0.30538817087594367
6801,0.571858775793811
6802,0.213617988110947
6803,0.36387904077518074
6804,0.3158024381432972
6805,5.527355556656938
6806,0.40992979963919096
6807,0.4967712185199453
6808,0.5915326600847061
6809,0.6201990924852678
6810,1.3552208776978414
6811,0.3085481205327169
6812,0.41096692037099813
6813,1.5957979753369502
6814,1.0035662888309365
6815,1.7546944789197831
6816,0.8454224553559552
6817,2.208398312504362
6818,4.249182128323945
6819,4.2229825288187195
6820,2.9053470300767366
6821,1.8310081875335358
6822,0.9846665679912785
6823,0.5783222856358622
6824,1.5709116788497564
6825,0.6317738156862603
6826,0.8123704079682105
6827,1.1913025812063442
6828,0.9326387944380237
6829,1.024718491900576
6830,1.4443893397585665
6831,1.4867935864348882
6832,1.527604668015255
6833,1.3616636486003322
6834,2.3867497185092854
6835,2.2088189031265144
6836,1.7644989254686605
6837,3.404372522878458
6838,2.59699707922683
6839,1.641656098332335
6840,1.121041292948946
6841,1.0994490561203387
6842,1.1007371721214307
6843,1.1389553183385617
6844,0.8815345217053793
6845,0.30711322198742463
6846,0.36824491871749404
6847,0.18190010276952828
6848,0.07254168173103692
6849,0.16813772450724357
6850,0.18257022083691712
6851,0.3242901230044946
6852,0.30123157214568763
6853,0.3145782325609233
6854,0.3138140352749739
6855,0.38953387302990855
6856,0.17029136482571217
6857,0.08467186990331535
6858,0.32494566964231947
6859,0.9402697095603626
6860,0.7755143682261962
6861,0.2242453127263137
6862,0.052735199096964266
6863,0.0
6864,0.0
6865,0.13648090477472868
6866,0.2755608603698592
6867,0.29630137580345656
6868,0.21009362117586314
6869,0.06213233190173774
6870,0.0
6871,0.0
6872,0.0
6873,0.0
6874,0.15066080077722876
6875,0.2844493162720924
6876,6.166810793887341
6877,1.2718425664487687
6878,0.1592061223479716
6879,0.9290197483674231
6880,1.04905124109944
6881,0.46358797773544325
6882,0.03307927380172474
6883,0.0
6884,0.0
6885,0.0
6886,0.0
6887,0.0
6888,0.0
6889,0.0
6890,0.0
6891,0.0
6892,0.0
6893,0.1832128583796897
6894,0.10528547566573326
6895,0.006100971942848571
6896,0.0
6897,1.949572066678638
6898,6.700918521992396
6899,3.5419236077493514
6900,3.770646249368952
6901,2.797496772005747
6902,1.9355065398297433
6903,2.077676073135619
6904,0.7079192330428384
6905,0.6508658071949502
6906,2.344344126627139
6907,0.42497480363816775
6908,0.36822737746799034
6909,7.991157915471749
6910,3.172550566295365
6911,2.270996897276616
6912,3.3319407839352007
6913,1.702062833567765
6914,0.22202052487815288
6915,0.2262479461129315
6916,0.6524875949585247
6917,1.0777931511822356
6918,0.2524318403612624
6919,0.17636475983971792
6920,0.0
6921,0.0
6922,0.0
6923,0.0
6924,0.07447613261080156
6925,0.0
6926,0.0
6927,0.0
6928,0.0
6929,0.07217710474868701
6930,0.0
6931,0.0
6932,0.0
6933,0.0
6934,0.0
6935,0.0
6936,0.0
6937,0.0
6938,0.0
6939,0.0
6940,0.0
6941,0.0
6942,0.0
6943,0.0
6944,0.0
6945,0.02683061053531463
6946,0.056732236699090374
6947,0.06890822383831903
6948,0.1174597446972415
6949,0.042158565593607596
6950,0.08938774217292107
6951,0.5065740298580002
6952,0.12867232092953357
6953,0.0749398348703396
6954,0.0
6955,0.0
6956,0.0
6957,0.0
6958,0.0
6959,0.0
6960,0.0
6961,0.0
6962,0.0
6963,0.0
6964,0.2545284581743694
6965,0.07383364514220926
6966,0.0
6967,0.0
6968,0.039971081599114194
6969,0.08479861165728084
6970,0.12273761888595328
6971,0.1018740773300296
6972,0.28623703628910213
6973,0.21082864765240397
6974,0.0997625568539107
6975,0.21797824236507157
6976,0.0878277312528715
6977,0.2399051757404605
6978,1.3442471473496416
6979,0.3299972074194731
6980,0.1978874594118051
6981,0.3205678625312627
6982,0.2573249674740379
6983,0.14801201178621057
6984,0.03276179233366019
6985,0.0
6986,0.023735406340924744
6987,0.0
6988,0.0
6989,0.0
6990,0.0
6991,0.0
6992,1.1833957332435987
6993,0.14309835931213202
6994,0.11774478130785691
6995,0.23631431472880388
6996,0.35140632311977116
6997,0.1800346540483283
6998,0.2892104435024757
6999,0.28947080603597286
7000,0.1529845201639268
7001,0.0
7002,0.0
7003,0.0
7004,0.0
7005,0.0
7006,0.0
7007,0.0
7008,0.0
7009,0.0
7010,0.0
7011,0.0
7012,0.0
7013,0.0
7014,0.0
7015,0.0
7016,0.0
7017,0.07364548631946366
7018,0.16148943422392778
7019,0.1418901152504607
7020,0.044810548647974985
7021,0.10008887170812898
7022,0.05043714896767757
7023,0.14865483545478556
7024,0.28400761679219483
7025,0.15834977826333593
7026,0.004687825994897166
7027,0.0
7028,0.11613553509121971
7029,0.0
7030,0.13654144112733396
7031,0.07127975410920515
7032,0.0
7033,0.0
7034,0.0
7035,0.0
7036,0.0
7037,0.0
7038,0.0
7039,0.0
7040,0.0
7041,0.8800229616776329
7042,5.760666951090608
7043,7.085919606543284
7044,7.577239568603646
7045,5.530937249965979
7046,4.606228073172401
7047,6.350566241857436
7048,8.882272308548668
7049,11.079206617861953
7050,10.777631047879355
7051,8.380008866514766
7052,4.645766050321694
7053,3.442489668766918
7054,6.266366974728589
7055,12.037660953074704
7056,4.838752447421149
7057,1.2081214259910449
7058,0.7169387995866661
7059,0.52399069529505
7060,3.3381907085634017
7061,2.4277933900402098
7062,2.1906785302485883
7063,3.3198953263121846
7064,0.4532647738577905
7065,1.4978032572363702
7066,0.9068628876168509
7067,0.40207178115236303
7068,0.6419893311619477
7069,0.4766857966617758
7070,0.21311618084405104
7071,0.20200730326071858
7072,0.0832663697774342
7073,0.6005186099330774
7074,0.5854413275468185
7075,0.11560071876954968
7076,0.046327523817253656
7077,0.009580300494973161
7078,0.0
7079,0.05667046941039533
7080,0.21211524094778064
7081,0.2848945113144668
7082,0.582067189187103
7083,0.13305829032725935
7084,0.0365624164376686
7085,0.0
7086,0.0
7087,0.0
7088,0.0
7089,0.046441011461580375
7090,0.21067237963469013
7091,0.11937582885503589
7092,2.1936030674977833
7093,1.359626816395981
7094,0.3377091886095014
7095,6.334143094501169
7096,0.7913700677303134
7097,0.6819460423850929
7098,0.32570625994796315
7099,0.9212761426587173
7100,0.48065157633624495
7101,0.08427597701256613
7102,0.0
7103,0.0
7104,0.0
7105,0.20497051057755789
7106,0.09538985061018478
7107,0.0
7108,0.0
7109,0.0
7110,0.0
7111,0.0
7112,0.0
7113,0.13282077735498438
7114,0.14414183814024256
7115,0.26414373453207163
7116,0.20688159546411372
7117,0.495263432084224
7118,3.115300140697998
7119,3.018397592384142
7120,0.4781079208570825
7121,0.5100172522931455
7122,0.8316456653336984
7123,0.28329837482336967
7124,1.5613300791739886
7125,0.033185440482703325
7126,0.0
7127,0.0
7128,0.0
7129,0.0
7130,0.0
7131,0.0
7132,0.0
7133,0.0
7134,0.0
7135,0.0
7136,0.025716892391331393
7137,0.10078065570119134
7138,0.23823021291459678
7139,0.25910829811485936
7140,0.359934060992389
7141,6.538280453306644
7142,0.2741473191300684
7143,2.276851038507487
7144,3.213727128951127
7145,0.09400319639046806
7146,0.15259402440321393
7147,1.6616038155629043
7148,1.2768955123059726
7149,0.07784730721003243
7150,0.0024617486681083817
7151,0.0
7152,0.0
7153,0.0
7154,0.0
7155,0.0
7156,0.0
7157,0.0
7158,0.0
7159,0.0
7160,0.0
7161,0.0
7162,0.01826669256785836
7163,0.12316698547743103
7164,0.25441985190959615
7165,0.4147299217858435
7166,2.1042155614305607
7167,0.5310785311843186
7168,0.3339061062916778
7169,0.337539161920639
7170,0.29059992944353474
7171,0.3559031048506083
7172,0.5032565836151256
7173,0.26414150189817637
7174,2.530965446181082
7175,4.7712959023803645
7176,2.7942966850207447
7177,2.545469131603616
7178,1.0235723996151342
7179,0.3690194956777886
7180,0.3392609904373333
7181,0.20150121413105881
7182,0.2442789534701642
7183,3.202335488443907
7184,3.727277099847936
7185,1.0194150477989357
7186,1.402230311013906
7187,2.045873287817017
7188,1.2890712989437578
7189,0.09833689624874403
7190,0.25268342836753493
7191,0.47772141966451087
7192,1.5172005795446115
7193,1.5110433853107208
7194,2.560811250895707
7195,0.9580513980491764
7196,0.4759907353865731
7197,0.08142991094439343
7198,0.08690297425945089
7199,0.046463115993954356
7200,0.05144576470000507
7201,0.07525780837796092
7202,0.019941114371845484
7203,0.5231492319355886
7204,0.2513356505582235
7205,0.5211502341123594
7206,1.325693610936063
7207,0.32069970895645444
7208,0.7465519433966378
7209,0.29935518894597474
7210,0.13751519716262706
7211,0.19062664384266087
7212,0.06529546477797599
7213,0.1693455278010271
7214,2.599137220122692
7215,1.4862315578759238
7216,0.49735837255015913
7217,0.19964511197083806
7218,0.0941610702339544
7219,0.10830670366779727
7220,0.0
7221,0.0
7222,0.0
7223,0.030703581439564188
7224,0.0
7225,0.0
7226,0.0
7227,0.0
7228,0.0
7229,0.0
7230,0.0
7231,0.0
7232,0.0
7233,0.03996023959370834
7234,0.16277552200286655
7235,0.13459817198425894
7236,0.07253085135246813
7237,0.11254637225864614
7238,4.652554664932494
7239,0.12220307687955961
7240,0.0
7241,0.0
7242,0.0
7243,0.0
7244,0.0
7245,0.15171160367552383
7246,0.11544963992156614
7247,0.03143080490573127
7248,0.0
7249,0.0
7250,0.0
7251,0.0
7252,0.0
7253,0.0
7254,0.0
7255,0.0
7256,0.0
7257,0.0
7258,0.11383053140711051
7259,0.19628160249895135
7260,0.21769805795976824
7261,0.2342166902375818
7262,0.1740545889131749
7263,0.07887811853716964
7264,0.07718835235226557
7265,0.0
7266,0.0
7267,0.0
7268,0.0
7269,0.0
7270,0.0
7271,0.0
7272,0.0
7273,0.0
7274,0.0
7275,0.0
7276,0.0
7277,0.0
7278,0.0
7279,0.0
7280,0.0
7281,0.0
7282,0.023858394085214302
7283,0.0
7284,0.04534131822981221
7285,0.10057367614407221
7286,0.10267024171889506
7287,0.21821523835491202
7288,0.24382982121018718
7289,0.0
7290,0.0
7291,0.0
7292,0.0
7293,0.0
7294,0.0
7295,0.0
7296,0.0
7297,0.0
7298,0.0
7299,0.0
7300,0.0
7301,0.0
7302,0.0
7303,0.0
7304,0.0
7305,0.0
7306,0.0
7307,0.0
7308,0.0
7309,0.0
7310,0.0
7311,0.0
7312,0.0
7313,0.0
7314,0.0
7315,0.0
7316,0.0
7317,0.0967322306666223
7318,0.0
7319,0.0
7320,0.0
7321,0.0
7322,0.0
7323,0.0
7324,0.0
7325,0.0
7326,0.30977946008904994
7327,0.6091221971542278
7328,0.8161604380335393
7329,0.9812812843439002
7330,2.764837317125461
7331,2.0866171898028583
7332,0.6093782199315254
7333,0.5850356960471988
7334,0.6753946247893343
7335,2.7261421501560053
7336,2.1906263611621544
7337,5.123289729030674
7338,3.0525648813976147
7339,1.5936730893519602
7340,1.8599742534642218
7341,2.492040639973907
7342,0.4395603706721467
7343,0.25308639780274766
7344,0.22924966771208685
7345,0.34131442186002153
7346,0.020819501636137185
7347,0.0
7348,0.0
7349,0.0
7350,0.0
7351,0.0
7352,0.0
7353,0.0
7354,0.021851539358703598
7355,0.0
7356,0.0
7357,0.0
7358,0.1325995508537777
7359,0.0
7360,0.0
7361,0.0
7362,0.0
7363,0.0
7364,0.0
7365,0.0
7366,0.0
7367,0.0
7368,0.0
7369,0.0
7370,0.0
7371,0.0
7372,0.0
7373,0.0
7374,0.0
7375,0.0
7376,0.0
7377,0.0
7378,0.1006978642359861
7379,0.18159038579384193
7380,0.13797622747383995
7381,0.32586390208556576
7382,2.8145004315891464
7383,0.3494228192611748
7384,3.7881006640175263
7385,5.112151163999908
7386,1.4893864201253757
7387,0.2637995515080677
7388,0.04935768927165582
7389,0.07495134336549893
7390,0.015897765993925762
7391,0.0
7392,0.0
7393,0.0
7394,0.158048951972997
7395,1.1274495737770551
7396,0.08302500495332567
7397,0.0
7398,0.0
7399,0.0
7400,0.0
7401,0.6778375041915852
7402,0.17576689258276249
7403,0.5567983991218295
7404,0.8399515596220115
7405,2.1326918804221324
7406,2.837965380401281
7407,2.698365202360441
7408,3.514654984966415
7409,4.824122588829353
7410,3.4882237342376636
7411,1.3975099229709977
7412,0.454245823986487
7413,0.13037867264544142
7414,0.0
7415,0.0
7416,0.0
7417,0.0
7418,0.0
7419,0.0265562972741013
7420,0.0
7421,0.04147321827137104
7422,0.029711714467373865
7423,0.0
7424,0.0
7425,0.0
7426,0.014945078674369675
7427,0.12272623699609664
7428,0.05579760731972026
7429,0.10445927673643182
7430,0.07489602047742418
7431,0.13088016098608743
7432,3.041882129336932
7433,1.3472052639063903
7434,0.244335543868574
7435,0.9336513439246171
7436,0.0649295479083723
7437,0.014224348180967983
7438,0.0
7439,0.0
7440,0.09702020444493034
7441,0.16155297812944275
7442,0.05239593706912728
7443,0.0
7444,0.0
7445,0.0
7446,0.0
7447,0.0
7448,0.0
7449,0.0
7450,0.0
7451,0.0
7452,0.19494130907419938
7453,0.21956931187300122
7454,0.20660393368227295
7455,0.8470073220785737
7456,0.3578894230228133
7457,0.16331104543688602
7458,0.09199572997808995
7459,0.0
7460,0.0
7461,0.0
7462,0.0
7463,0.0
7464,0.0
7465,0.0
7466,0.07282658865168223
7467,0.0
7468,0.0
7469,0.0
7470,0.0
7471,0.0
7472,0.0
7473,0.0
7474,0.016168024019315316
7475,0.061102132500957244
7476,0.016815666769981454
7477,0.05482380066232634
7478,0.011350187317183603
7479,0.05273477638612979
7480,0.0
7481,0.4604166766684128
7482,0.6371445623682184
7483,0.593219444158007
7484,0.10382317945355818
7485,0.0
7486,0.0
7487,0.39354426933072245
7488,0.761081777654683
7489,0.16641385476251444
7490,0.4104170590852074
7491,1.4082773954450996
7492,0.22385688773423962
7493,8.448568371339624
7494,6.160210790629974
7495,1.3367882229099755
7496,0.0
7497,0.0
7498,0.22822166077866848
7499,0.3326457909107807
7500,0.35466408725881965
7501,0.3449910824638377
7502,0.20990346656091075
7503,0.16747874717677289
7504,0.0
7505,0.0
7506,0.0968984300531552
7507,0.2706967222904132
7508,0.8166711979705488
7509,0.029686908309403813
7510,0.0
7511,0.0
7512,0.0
7513,0.0
7514,0.0
7515,0.0
7516,0.0
7517,0.0
7518,0.0
7519,0.0
7520,0.0
7521,0.07190896087635715
7522,0.24729630906034217
7523,0.3062899949774395
7524,0.07566387285156763
7525,0.14000392349806856
7526,1.9255749275790883
7527,0.22008273408860254
7528,0.030005541752206145
7529,0.0
7530,0.0
7531,0.0
7532,0.9481728013567705
7533,0.01327831674066579
7534,0.0
7535,0.0
7536,0.0
7537,0.0
7538,0.0
7539,0.0
7540,0.0
7541,0.0
7542,0.0
7543,0.4156492475730911
7544,0.12871268607712963
7545,0.034079860340680446
7546,0.16962781447186195
7547,0.29206963089973426
7548,0.9672121053462486
7549,0.5820890290565265
7550,0.4899223109022558
7551,3.103846368326186
7552,2.3111494833567816
7553,1.009586287030898
7554,0.0
7555,0.0
7556,0.0
7557,0.0
7558,0.0
7559,0.1427223346033409
7560,0.14511197017152627
7561,0.03428329227051169
7562,0.0
7563,0.0
7564,0.0
7565,0.0
7566,0.0
7567,0.0
7568,0.040524713927900115
7569,0.09606343044135136
7570,0.062249756920651524
7571,0.10082949356494834
7572,0.2933807326796371
7573,2.6259438401323583
7574,1.6209453475698088
7575,3.1241263957692214
7576,2.8094331176053693
7577,2.680602525545521
7578,2.8270900707754762
7579,4.401564231959589
7580,6.665751554011219
7581,9.229670141262817
7582,5.752368926000817
7583,6.683140710967765
7584,6.672748832787228
7585,9.089590429287421
7586,13.598910589451966
7587,26.450200863969727
7588,34.45846008506189
7589,30.053015105722025
7590,13.13572439696269
7591,9.686964223297322
7592,5.622571416272075
7593,18.246003596333285
7594,16.857361374761826
7595,4.91419316480753
7596,4.506376010846063
7597,3.9230579132536185
7598,3.415760989940373
7599,1.9347326572487562
7600,0.6915838307315108
7601,0.31462257193112214
7602,0.1748709794537674
7603,0.0
7604,0.0
7605,0.0
7606,0.0
7607,0.0
7608,0.0
7609,0.0
7610,0.0
7611,0.0
7612,0.0
7613,0.0
7614,0.0
7615,0.0
7616,0.0
7617,0.0
7618,0.0
7619,0.0
7620,0.0
7621,0.9692290925509777
7622,0.011486044316176542
7623,0.0
7624,0.23721683419787
7625,0.0954208676469446
7626,0.12078666270027086
7627,0.0
7628,0.0
7629,0.0
7630,0.0
7631,0.0
7632,0.0
7633,0.0
7634,0.0
7635,0.0
7636,0.0
7637,0.0
7638,0.0
7639,0.0
7640,0.0
7641,0.019831505558231002
7642,0.1698400127883032
7643,0.13344372629887624
7644,0.028255115879796684
7645,0.15300063049683113
7646,0.06625720893339632
7647,0.07105951495728974
7648,0.0
7649,0.0
7650,0.0
7651,0.0
7652,0.0
7653,0.0
7654,0.0
7655,0.0
7656,0.0
7657,0.0
7658,0.0
7659,0.0
7660,0.0
7661,0.0
7662,0.0
7663,0.0
7664,0.0
7665,0.054347235910913054
7666,0.3063731658624891
7667,0.15497410328916447
7668,0.07604827901250664
7669,0.09567147505606123
7670,0.12405420445978389
7671,0.07561779096113495
7672,0.0
7673,0.0
7674,0.0
7675,0.0
7676,0.0
7677,0.0
7678,0.0
7679,0.0
7680,0.0
7681,0.0
7682,0.0
7683,0.0
7684,0.0
7685,0.0
7686,0.0
7687,0.0
7688,0.0
7689,0.0
7690,0.27512008966372015
7691,0.46700245904184806
7692,0.37487019887823847
7693,0.40887907532536855
7694,0.41838603674861824
7695,0.24574403411501364
7696,0.18818072842461636
7697,0.0
7698,0.0
7699,0.0
7700,0.0
7701,0.0
7702,0.0
7703,0.0
7704,0.0
7705,0.0
7706,0.0
7707,0.0
7708,0.0
7709,0.0
7710,0.0
7711,0.0
7712,0.0
7713,0.0
7714,0.19005398645975125
7715,0.3050762567943016
7716,0.3121037359724888
7717,0.31018807241048274
7718,0.17611551743628592
7719,0.128344217110755
7720,0.2730494244269121
7721,0.0
7722,0.09639892786856262
7723,0.0
7724,0.0
7725,0.0
7726,0.0
7727,0.0
7728,0.0
7729,0.0
7730,0.0
7731,0.0
7732,0.0
7733,0.0
7734,0.0
7735,0.0
7736,0.0
7737,0.0
7738,0.06479842136732174
7739,0.3020603033371346
7740,0.3614661220028855
7741,0.3726291182605772
7742,0.13402723748094209
7743,0.09908787399794318
7744,0.04306245755089645
7745,0.037330886393790494
7746,0.0
7747,0.0
7748,0.0
7749,0.0
7750,0.0
7751,0.0
7752,0.0
7753,0.0
7754,0.0
7755,0.0
7756,0.0
7757,0.0
7758,0.0
7759,0.0
7760,0.0
7761,0.0
7762,0.09922774324139762
7763,0.1806829436605085
7764,0.5111541775882197
7765,0.6514840995306754
7766,0.21784647123287226
7767,0.1539577403374438
7768,0.13681358002739874
7769,0.0
7770,0.0
7771,0.0
7772,0.0
7773,0.0
7774,0.0
7775,0.0
7776,0.0
7777,0.0
7778,0.0
7779,0.0
7780,0.0
7781,0.0
7782,0.0
7783,0.0
7784,0.0
7785,0.0
7786,0.1541646202994863
7787,0.23574274285551966
7788,0.2780886677337413
7789,0.186059930946728
7790,0.19087063252153832
7791,0.08021620896746645
7792,0.07897488866492934
7793,0.08985216409122085
7794,0.0
7795,0.0
7796,0.0
7797,0.20190561948035524
7798,0.36701183398529247
7799,0.0406311177163477
7800,0.0
7801,0.0
7802,0.0
7803,0.0
7804,0.0
7805,0.0
7806,0.0
7807,0.0
7808,0.0
7809,0.0
7810,0.25129349495115283
7811,0.11896635154723369
7812,0.05515116884762285
7813,0.0
7814,0.0
7815,0.0
7816,0.0
7817,0.0
7818,0.0
7819,0.0
7820,0.0
7821,0.0
7822,0.0
7823,0.0
7824,0.0
7825,0.0
7826,0.0
7827,0.0
7828,0.0
7829,0.0
7830,0.0
7831,0.0
7832,0.0
7833,0.0294068083088932
7834,0.09122587756672297
7835,0.08494867696239804
7836,0.0
7837,0.0
7838,0.0
7839,0.0
7840,0.0
7841,0.0
7842,0.0
7843,0.0
7844,0.0
7845,0.0
7846,0.0
7847,0.0
7848,0.0
7849,0.0
7850,0.0
7851,0.0
7852,0.0
7853,0.0
7854,0.0
7855,0.0
7856,0.0
7857,0.0
7858,0.03457222870477522
7859,0.0
7860,0.0
7861,0.148269893320802
7862,0.06138630194127577
7863,0.0
7864,0.0
7865,0.0
7866,0.0
7867,0.0
7868,0.0
7869,0.0
7870,0.0
7871,0.0
7872,0.0
7873,0.0
7874,0.0
7875,0.0
7876,0.0
7877,0.0
7878,0.0
7879,0.0
7880,0.0
7881,0.0
7882,0.0
7883,0.0
7884,0.0
7885,0.0
7886,0.0
7887,0.0
7888,0.0
7889,0.0
7890,0.0
7891,0.0
7892,0.0
7893,0.0
7894,0.0
7895,0.0
7896,0.0
7897,0.0
7898,0.0
7899,0.0
7900,0.0
7901,0.0
7902,0.0
7903,0.0
7904,0.0
7905,0.0
7906,0.0
7907,0.0
7908,0.0
7909,0.0
7910,0.0
7911,0.0
7912,0.0
7913,0.0
7914,0.0
7915,0.0
7916,0.0
7917,0.0
7918,0.0
7919,0.0
7920,0.0
7921,0.0
7922,0.0
7923,0.0
7924,0.0
7925,0.0
7926,0.0
7927,0.0
7928,0.0
7929,0.0
7930,0.0
7931,0.020111230985010074
7932,0.0391703616117931
7933,0.1031385137363121
7934,0.08455195324637552
7935,0.04269397284481467
7936,0.0
7937,0.0
7938,0.03384915704087926
7939,0.11166304796290821
7940,0.14528483110951992
7941,0.0
7942,0.0
7943,0.17486199133549535
7944,0.1905802692065326
7945,0.20219827071061316
7946,0.17752376708216314
7947,0.11759913480461577
7948,0.09018022132998776
7949,0.07689302653970462
7950,0.038119348743451985
7951,0.0
7952,0.0
7953,0.06689563079233948
7954,0.3667569998435859
7955,1.5117876558508576
7956,1.217776367000059
7957,1.1069223634443617
7958,0.322399916152937
7959,0.3766068303417653
7960,0.3286519234164494
7961,0.7377367298152131
7962,0.16787873912048346
7963,0.011843680832483114
7964,0.0
7965,0.0
7966,0.0
7967,0.0
7968,0.0
7969,0.0
7970,0.0
7971,0.0
7972,0.0
7973,0.0
7974,0.0
7975,0.0
7976,0.0
7977,0.25471853469401007
7978,1.5739864607302672
7979,0.8800606040061212
7980,3.0402735406586503
7981,1.137751775244935
7982,0.5846716305336865
7983,0.258851430596282
7984,0.11639077262993838
7985,0.09703865070121007
7986,0.0
7987,0.0
7988,0.0
7989,0.0
7990,0.0
7991,0.0
7992,0.04809974458804829
7993,0.0
7994,0.046576753917473276
7995,0.0
7996,0.0
7997,0.0
7998,0.0
7999,0.0
8000,0.0
8001,0.037893075962065655
8002,0.397710907097536
8003,2.774003782308964
8004,4.639819070658346
8005,1.3016005836898685
8006,5.599190995531707
8007,3.7993642724170327
8008,0.3290982092386781
8009,0.16480994710287003
8010,0.08842327843952076
8011,0.0
8012,0.0
8013,0.0
8014,0.14370144643870425
8015,0.17660222446011956
8016,0.1384081060257149
8017,0.1315967653859182
8018,0.13082090122464282
8019,0.14111446645468334
8020,0.12133731722201319
8021,0.05762080751979626
8022,0.0
8023,0.0
8024,0.0
8025,0.0
8026,0.1456062821611829
8027,0.17800950183587516
8028,0.15515450246695223
8029,0.0646796390384293
8030,0.0
8031,0.0
8032,0.0
8033,0.0
8034,0.0
8035,0.0
8036,0.0
8037,0.0
8038,0.0
8039,0.0
8040,0.0
8041,0.0
8042,0.0
8043,0.0
8044,0.0
8045,0.0
8046,0.0
8047,0.0
8048,0.0
8049,0.0
8050,0.0
8051,0.0
8052,0.0
8053,0.0
8054,0.0
8055,0.0
8056,0.0
8057,0.0
8058,0.0
8059,0.0
8060,0.0
8061,0.0
8062,0.0
8063,0.0
8064,0.0
8065,0.0
8066,0.0
8067,0.0
8068,0.0
8069,0.0
8070,0.0
8071,0.0
8072,0.0
8073,0.0
8074,0.0
8075,0.0
8076,0.0
8077,0.5236586192570841
8078,2.228342702989771
8079,0.2228478072951333
8080,0.17204022015274265
8081,0.0099290809698536
8082,0.0
8083,0.0
8084,0.0
8085,0.0
8086,0.0
8087,0.0
8088,0.0
8089,0.0
8090,0.0
8091,0.0
8092,0.0
8093,0.0
8094,0.0
8095,0.0
8096,0.0
8097,0.0
8098,0.0
8099,0.21875888498992582
8100,0.4372523913979914
8101,0.31811512185937646
8102,0.2002256577503686
8103,0.18295243812227527
8104,0.0
8105,0.0
8106,0.0
8107,0.0
8108,0.027522280601512402
8109,3.100607939575128
8110,0.8891827329649059
8111,0.28767950992997293
8112,0.05437652982543735
8113,0.0
8114,0.0
8115,0.0
8116,0.0
8117,0.27032668182210595
8118,0.38504206469180324
8119,0.5869768026629838
8120,0.6457059244316087
8121,0.19311390702772852
8122,0.3970786571479993
8123,0.48862927946816953
8124,0.23847266775071801
8125,0.11568519902301598
8126,0.26881040681950297
8127,0.2545480425303526
8128,0.10802347788138589
8129,0.13675210253625847
8130,0.0
8131,0.0
8132,0.0
8133,0.09635115935329597
8134,0.0
8135,0.03866468121696628
8136,0.0
8137,0.0
8138,0.0
8139,0.0
8140,0.0
8141,0.07831569316300503
8142,0.04903389567933472
8143,0.0403596889600658
8144,0.0
8145,0.0
8146,0.0
8147,0.07718247682687539
8148,0.14135392707749894
8149,0.8901148389563189
8150,1.196132959922925
8151,0.7014576147228726
8152,0.10740180344053696
8153,0.02130111277399957
8154,0.010552418685264322
8155,0.0
8156,0.047147088545408895
8157,0.018457266256652585
8158,0.11807129050825206
8159,0.07359809516473137
8160,0.07973683974385609
8161,0.048957909104075464
8162,0.07594544314639866
8163,0.0
8164,0.0
8165,0.0
8166,0.0
8167,0.0
8168,0.0
8169,0.016968713761186777
8170,0.09174169203957784
8171,0.18454535571014205
8172,0.18413008420944824
8173,0.10581261441389093
8174,0.16649305630608524
8175,0.22765410964916746
8176,0.5411078334406183
8177,0.35890015201126163
8178,0.5648137339771523
8179,0.036042784391204986
8180,0.0
8181,0.0
8182,0.0
8183,0.03978789554743016
8184,0.0
8185,0.0
8186,0.0
8187,0.0
8188,0.0
8189,0.0
8190,0.0
8191,0.0
8192,0.0
8193,0.0
8194,0.053244881677720866
8195,0.7357427748258455
8196,2.5869318442376508
8197,3.7591833079488786
8198,0.4272808955067136
8199,0.12121440198653648
8200,0.6772447764922905
8201,0.05058918517766073
8202,0.08386542799698181
8203,0.10026866150594571
8204,0.06093835774826141
8205,0.5866462465295269
8206,0.4043763700919544
8207,0.06149054092379108
8208,0.09067982436050315
8209,0.6537112628730493
8210,0.21782719822740784
8211,1.0446007498121639
8212,0.16497042964270134
8213,0.0960461439043493
8214,0.0631743326477454
8215,0.0
8216,0.058055922735333824
8217,0.044602048648553695
8218,0.07493298818057902
8219,0.11734298701579536
8220,0.036315771357039665
8221,0.0
8222,0.0059160276774162
8223,0.0
8224,0.0
8225,0.0
8226,0.0
8227,0.0
8228,0.0
8229,0.0
8230,0.0
8231,0.0
8232,0.0
8233,0.0
8234,0.0
8235,0.0
8236,0.0
8237,0.0
8238,0.0
8239,0.0
8240,0.0
8241,0.0
8242,0.020080063138207396
8243,0.17209891496072388
8244,0.2471459003751077
8245,0.1852781473254873
8246,0.33036220615488143
8247,3.2081177556541327
8248,3.458434783265472
8249,0.30650463780665893
8250,0.0
8251,0.06748339707975579
8252,0.04233900211060671
8253,0.0020671015863082446
8254,0.21397874846630288
8255,0.0939694619914244
8256,0.07823071178641196
8257,0.08289493029230068
8258,0.10719495988927205
8259,1.529494706848558
8260,1.8539646063494872
8261,2.3395581208259766
8262,0.2897561295367192
8263,0.15013660483315677
8264,0.023106186123673884
8265,2.1476294359620898
8266,1.2133194015032789
8267,1.9100839269625502
8268,0.906494141217106
8269,0.26903092816920476
8270,0.23695857974396725
8271,0.05267349606813545
8272,0.000301334685876008
8273,0.0
8274,0.0
8275,0.0
8276,0.0
8277,0.0
8278,0.0
8279,0.0
8280,0.0
8281,0.0
8282,0.0
8283,0.0
8284,0.0
8285,0.0
8286,0.0
8287,0.0
8288,0.0
8289,0.0
8290,0.03360127978560242
8291,0.10461391832035531
8292,0.10444508932390877
8293,0.14039121023017365
8294,0.09490299742860918
8295,0.2114404634900501
8296,0.05865474215615844
8297,0.0
8298,0.02279586788440548
8299,0.11231325402889837
8300,0.0863518850506442
8301,0.0
8302,0.0
8303,0.0
8304,0.0
8305,0.0
8306,0.0
8307,0.0
8308,0.0
8309,0.0
8310,0.0
8311,0.0
8312,0.0
8313,0.0
8314,0.0
8315,0.13911252435877544
8316,0.15143754424743638
8317,0.10678140727652069
8318,0.15633462796588507
8319,0.30773013353145445
8320,1.6669848992809135
8321,0.5917014414186579
8322,0.0
8323,0.0
8324,0.0
8325,0.0
8326,0.0
8327,0.0
8328,0.0
8329,0.0
8330,0.0
8331,0.0
8332,0.0
8333,0.0
8334,0.0
8335,0.0
8336,0.0
8337,0.03692672136195536
8338,0.10515941040633517
8339,0.28314096687007
8340,0.3272619357096663
8341,0.06617966726779778
8342,0.03458697407700358
8343,1.4445211983408557
8344,0.0
8345,0.0
8346,0.0
8347,0.0
8348,0.0
8349,0.0
8350,0.0
8351,0.0
8352,0.0
8353,0.0
8354,0.0
8355,0.0
8356,0.0
8357,0.0
8358,0.0
8359,0.0
8360,0.0
8361,0.0
8362,0.027847231581462715
8363,0.09240056922146393
8364,0.16193503705861048
8365,0.4354459097590874
8366,0.4445945962869177
8367,0.1971619303335997
8368,0.0692503971744153
8369,0.04935376439737557
8370,0.0
8371,0.0
8372,0.0
8373,0.17587359084258503
8374,0.11051344560810025
8375,0.06624046365761573
8376,0.07398499800867314
8377,0.0
8378,0.0
8379,0.0
8380,0.0
8381,0.0
8382,0.0
8383,0.0
8384,0.0
8385,0.0
8386,0.16196532483783005
8387,0.22442714628545182
8388,0.2283724661707127
8389,0.12801471586934968
8390,0.3838084107181893
8391,0.6354802533860683
8392,1.4634114369959534
8393,0.3204667510104706
8394,0.0
8395,0.0
8396,0.0
8397,0.0
8398,0.0
8399,0.0
8400,0.0
8401,0.0
8402,0.0
8403,0.0
8404,0.0
8405,0.0
8406,0.0
8407,0.0
8408,0.0
8409,0.0
8410,0.15746686059598983
8411,0.6039035030357076
8412,0.4234937244835711
8413,0.11676723277564031
8414,0.03745938732927415
8415,0.0
8416,0.0
8417,0.0
8418,0.0
8419,0.0
8420,0.0
8421,0.0
8422,0.0
8423,0.0
8424,0.0
8425,0.0
8426,0.0
8427,0.0
8428,0.0
8429,0.0
8430,0.0
8431,0.0
8432,0.0
8433,0.0
8434,0.19935322949469383
8435,0.327592850091528
8436,0.44232510238172595
8437,0.3930232259995192
8438,0.24877254427950413
8439,0.23848332508954204
8440,0.18504763260286528
8441,0.1671772907121102
8442,0.01567216782070044
8443,0.0
8444,0.3618191741126409
8445,0.05075306336370971
8446,0.0
8447,0.0
8448,0.08774383844855917
8449,0.08259780675344885
8450,0.07503845543243853
8451,0.0576622511097839
8452,0.0
8453,0.0
8454,0.0
8455,0.0
8456,0.0
8457,0.0
8458,0.0
8459,0.0
8460,0.04503659779719488
8461,0.05899185903240446
8462,0.13551375241715136
8463,0.13415788986229377
8464,0.14579406449816995
8465,0.2054216340956277
8466,0.10595660936606457
8467,0.07045492414983487
8468,0.3758202513188792
8469,1.2341323314001384
8470,2.454688317015518
8471,0.5832083914725122
8472,1.1902775430681203
8473,1.4428633406331417
8474,0.8917603020280435
8475,0.7583201736540831
8476,0.7497203621500866
8477,0.3087534591532366
8478,1.4572797872454544
8479,2.147270987891348
8480,1.8206832620087463
8481,2.6797275617674687
8482,1.60232417337479
8483,1.518974754637745
8484,1.985046811052785
8485,2.708762664913583
8486,3.1611778814009694
8487,3.1210940095910815
8488,3.9754537019493417
8489,2.825189830389044
8490,1.7713689363925265
8491,1.4958348147703124
8492,2.2956816196952814
8493,0.41260913635202884
8494,0.2905579988163058
8495,1.3798827503136497
8496,9.77321284394062
8497,7.084697788947848
8498,0.20926240048666228
8499,0.6678886768311966
8500,0.7708378909339679
8501,0.37118834398107836
8502,0.7037400286777923
8503,0.819072719539035
8504,3.6094771513927597
8505,0.10744007619327016
8506,0.14390844184303803
8507,0.2311151445143543
8508,0.19765228636473647
8509,0.2748129340710605
8510,0.24416614549098362
8511,0.5993595326371418
8512,2.4615932094775252
8513,0.10526167454496876
8514,0.06796789423218326
8515,0.06336371042155715
8516,0.12492574866236378
8517,0.08316878130072895
8518,0.0
8519,0.0
8520,0.0
8521,0.0
8522,0.0
8523,0.0
8524,0.03510854534686791
8525,0.0
8526,0.02891261899457287
8527,0.0
8528,0.0
8529,0.010588658306098215
8530,0.06867826908946949
8531,0.13733366681795786
8532,0.3358051455075502
8533,0.23898228181227144
8534,0.21042750135595942
8535,0.15980769298271497
8536,0.21634023774182692
8537,2.0424507051106255
8538,0.517346523898216
8539,0.2583230445858693
8540,0.0
8541,0.0
8542,0.0
8543,0.0
8544,0.0
8545,0.0
8546,0.0
8547,0.0
8548,0.0
8549,0.0
8550,0.0
8551,0.0
8552,0.0
8553,0.0
8554,0.0
8555,0.13682162630661118
8556,0.22382356835004447
8557,1.0685917603978632
8558,0.0
8559,0.0907981632079499
8560,0.5516646333065769
8561,0.470197776688699
8562,0.992286402996757
8563,0.0
8564,0.0
8565,0.0
8566,0.0
8567,0.0
8568,0.0
8569,0.0
8570,0.0
8571,0.0
8572,0.0
8573,0.0
8574,0.0
8575,0.0
8576,0.0
8577,0.0
8578,0.0326297007835667
8579,0.0
8580,0.00841188623461408
8581,0.08533431545888429
8582,0.14609408087848166
8583,0.18730747470858247
8584,0.06948378598161016
8585,0.0
8586,0.0
8587,0.0
8588,0.0
8589,0.0
8590,0.0
8591,0.0
8592,0.0
8593,0.0
8594,0.0
8595,0.0
8596,0.0
8597,0.0
8598,0.0
8599,0.0
8600,0.0
8601,0.0
8602,0.0
8603,0.0
8604,0.09232616225605955
8605,0.13915522117647947
8606,0.16951439771701748
8607,0.07995615898894094
8608,0.019874656270544865
8609,0.0
8610,0.0
8611,0.0
8612,0.0
8613,0.0
8614,0.0
8615,0.0
8616,0.0
8617,0.0
8618,0.0
8619,0.0
8620,0.0
8621,0.0
8622,0.0
8623,0.0
8624,0.0
8625,0.0
8626,0.0
8627,0.21956538004138776
8628,0.3357808915722845
8629,0.18676867275066847
8630,0.044382893747515584
8631,0.03950396230537466
8632,0.0
8633,0.0
8634,0.0
8635,0.0
8636,0.0
8637,0.0
8638,0.0
8639,0.0
8640,0.0
8641,0.0
8642,0.0
8643,0.0
8644,0.0
8645,0.0
8646,0.0
8647,0.0
8648,0.0
8649,0.038954628007952394
8650,0.15953745274216874
8651,0.287209551134824
8652,0.37881529218958215
8653,0.4975372334160431
8654,0.24680152991214657
8655,0.12520936546054362
8656,0.1912887450342595
8657,0.43827922171244615
8658,0.0
8659,0.0
8660,0.0
8661,1.119536796633331
8662,1.4920936165232048
8663,1.8934045264930157
8664,2.322860479124932
8665,1.979183732121582
8666,1.5844799998610493
8667,0.7809140423177748
8668,0.3507710652130622
8669,0.1548039634533146
8670,0.37697223182010264
8671,0.8210378485563714
8672,1.8760854274825358
8673,9.79440378078565
8674,7.13798856917464
8675,9.330957714035003
8676,14.827366262901197
8677,5.305074756751829
8678,1.4129712449418041
8679,0.8732001804249274
8680,0.39915221944460527
8681,0.18840534177344023
8682,0.23100924369046597
8683,0.3289859233837393
8684,0.19082734335299073
8685,0.401369187077295
8686,0.5431409428092564
8687,0.5019256108928041
8688,0.42643328306054434
8689,0.34742325232675814
8690,0.5346500170228161
8691,0.6790780457801051
8692,0.21021858953694714
8693,0.2196761504785871
8694,0.041530471964042574
8695,0.0
8696,0.0
8697,0.0
8698,0.028353873717597088
8699,0.0
8700,0.10325448207236106
8701,0.13155396500479702
8702,0.04833962241057801
8703,0.0
8704,0.013977226044303554
8705,0.15543758414109504
8706,0.07072675978300307
8707,0.0
8708,0.0
8709,0.0
8710,0.0
8711,0.0
8712,0.0
8713,0.0
8714,0.0
8715,0.0
8716,0.0
8717,0.0
8718,0.0
8719,0.0
8720,0.0
8721,0.0
8722,0.028414581262614553
8723,0.08355524110782155
8724,0.11628865247179453
8725,0.1576882835752036
8726,0.10887581793385948
8727,0.1409311914470851
8728,0.044884204078957206
8729,0.0
8730,0.0
8731,0.0
8732,0.0
8733,0.0
8734,0.0
8735,0.0
8736,0.7920875062395889
8737,0.18013054071481546
8738,0.261974280130688
8739,0.12257538814073551
8740,0.07405716232627242
8741,0.0
8742,0.0
8743,0.0
8744,0.0
8745,0.0
8746,0.0
8747,0.10381148740058668
8748,0.17389054995219572
8749,0.19203051642080413
8750,0.2906173017006244
8751,0.3622761205622043
8752,0.12983819259973606
8753,0.1311091507629372
8754,0.0756800695045841
8755,0.2950003473255462
8756,0.10984564766850659
8757,0.0
8758,0.0
8759,0.0
8760,0.0
8761,0.3520472630364939
8762,0.3193551923833925
8763,0.23994214320165272
8764,1.1227136826572226
8765,3.1660448993596755
8766,1.3028407870668965
8767,0.11462677379574393
8768,0.12008848227457443
8769,0.04041996380595123
8770,0.0
8771,0.0
8772,0.0
8773,0.0
8774,0.0
8775,0.0
8776,0.0
8777,0.0
8778,0.0
8779,0.0
8780,0.0
8781,0.25790584771433833
8782,0.5095123202077816
8783,0.46375329425466644
8784,0.16868412958366172
8785,0.0
8786,0.0
8787,0.0
8788,0.0
8789,0.0
8790,0.0
8791,0.0
8792,0.0
8793,0.0
8794,0.0532896265931983
8795,0.0
8796,0.0
8797,0.0
8798,0.0
8799,0.0
8800,0.0
8801,0.0
8802,0.0
8803,0.0
8804,0.0
8805,0.0
8806,0.0
8807,0.0
8808,0.0
8809,0.0
8810,0.0
8811,0.0
8812,0.0
8813,0.0
8814,0.0
8815,0.0
8816,0.0
8817,0.0
8818,0.0
8819,0.0
8820,0.0
8821,0.0
8822,0.0
8823,0.0
8824,0.0
8825,0.0
8826,0.2353233967346622
8827,0.4349044929760967
8828,0.7104724973467097
8829,0.0
8830,0.0
8831,0.0
8832,0.0
8833,1.030842844820799
8834,1.2717501563650315
8835,0.12042738732348815
8836,0.0
8837,0.0
8838,0.0
8839,0.0
8840,0.0
8841,0.4367685485387456
8842,0.6316089371289031
8843,5.009706859125998
8844,13.155644198972874
8845,2.1410582100243283
8846,0.5380371767145363
8847,1.8126296043195211
8848,1.2827736164290846
8849,0.8362257080691428
8850,0.345990005865754
8851,0.00797262176136647
8852,0.0
8853,0.0
8854,0.0
8855,0.0
8856,0.0
8857,0.0
8858,0.0
8859,0.0
8860,0.0
8861,0.0
8862,0.0
8863,0.0
8864,0.0
8865,0.0
8866,0.08674324342986739
8867,0.2723893595494197
8868,0.1045116204938158
8869,0.0864356229423728
8870,0.1023157014540779
8871,0.18368929827758398
8872,0.25786555484752344
8873,0.10727419714079171
8874,0.0
8875,0.0
8876,0.0
8877,0.0
8878,0.0
8879,0.0
8880,0.0
8881,0.0
8882,0.0
8883,0.0
8884,0.0
8885,0.0
8886,0.0
8887,0.0
8888,0.0
8889,0.0
8890,0.07331329967727956
8891,0.1144976333111473
8892,0.07626376674203263
8893,0.08011786191635474
8894,0.11561585889370458
8895,0.21795102204408418
8896,0.26849563904220897
8897,0.1561053161557055
8898,0.0
8899,0.0
8900,0.0
8901,0.0
8902,0.0
8903,0.0
8904,0.0
8905,0.0
8906,0.0
8907,0.0
8908,0.0
8909,0.0
8910,0.0
8911,0.0
8912,0.0
8913,0.0
8914,0.0
8915,0.0
8916,0.0
8917,0.07690139445777709
8918,0.11479489256387868
8919,0.14232073616432353
8920,0.10330871362224125
8921,0.0
8922,0.0
8923,0.0
8924,0.0
8925,0.0
8926,0.0
8927,0.0
8928,0.0
8929,0.0
8930,0.0
8931,0.0
8932,0.0
8933,0.0
8934,0.0
8935,0.0
8936,0.0
8937,0.0
8938,0.05692347458424083
8939,0.16573528904168874
8940,0.12015174689097505
8941,0.07274212838590802
8942,0.06522546155374638
8943,0.09668657989164393
8944,0.09287264767372351
8945,0.0779717334650894
8946,0.0
8947,0.0
8948,0.0
8949,0.0
8950,0.0
8951,0.0
8952,0.0
8953,0.0
8954,0.0
8955,0.0
8956,0.0
8957,0.0
8958,0.0
8959,0.0
8960,0.0
8961,0.0
8962,0.034126198131389146
8963,0.11831115912622955
8964,0.13811684626722745
8965,0.07377280940545737
8966,0.0384140802770359
8967,0.020838776171018168
8968,0.0697226764790286
8969,0.0
8970,0.0
8971,0.0
8972,0.0
8973,0.0
8974,0.034895900107635026
8975,0.0
8976,0.0
8977,0.0
8978,0.0
8979,0.0
8980,0.0
8981,0.0
8982,0.0
8983,0.0
8984,0.0
8985,0.0
8986,0.0403652982398413
8987,0.028016982394634824
8988,0.0
8989,0.0
8990,0.0
8991,0.0
8992,0.0
8993,0.0
8994,0.0
8995,0.0
8996,0.0
8997,0.0
8998,0.0
8999,0.0
9000,0.0
9001,0.0
9002,0.0
9003,0.0
9004,0.0
9005,0.0
9006,0.0
9007,0.0
9008,0.0
9009,0.0
9010,0.0
9011,0.05124389230040843
9012,0.0
9013,0.0
9014,0.0
9015,0.0
9016,0.0
9017,0.0
9018,0.0
9019,0.0
9020,0.0
9021,0.0
9022,0.0
9023,0.0
9024,0.0
9025,0.0
9026,0.0
9027,0.0
9028,0.0
9029,0.0
9030,0.0
9031,0.0
9032,0.0
9033,0.0
9034,0.0
9035,0.0
9036,0.0
9037,0.0
9038,0.0
9039,0.0
9040,0.0
9041,0.0
9042,0.0
9043,0.0
9044,0.0
9045,0.07364609894213718
9046,0.0
9047,0.023292813593020587
9048,0.1105432021793115
9049,0.06322529039798351
9050,0.022626653016934607
9051,0.0
9052,0.0
9053,0.0
9054,0.0
9055,0.0
9056,0.0
9057,0.0
9058,0.0
9059,0.0
9060,0.0
9061,0.0
9062,0.0
9063,0.0
9064,0.0
9065,0.0
9066,0.0
9067,0.0
9068,0.0
9069,0.0
9070,0.0
9071,0.0
9072,0.0
9073,0.0
9074,0.0
9075,0.0
9076,0.0
9077,0.0
9078,0.0
9079,0.0
9080,0.0
9081,0.0
9082,0.0
9083,0.0
9084,0.0
9085,0.11979082702108469
9086,0.10310401220478865
9087,0.07874380971217254
9088,0.0
9089,0.0
9090,0.0
9091,0.0
9092,0.0
9093,0.0
9094,0.0
9095,0.0
9096,0.0
9097,0.0
9098,0.0
9099,0.0
9100,0.0
9101,0.0
9102,0.0
9103,0.0
9104,0.0
9105,0.0
9106,0.0
9107,0.0
9108,0.0094486660302708
9109,0.0
9110,0.16934543528897353
9111,0.16658746868252122
9112,0.0
9113,0.0
9114,0.0
9115,0.0
9116,0.0
9117,0.0
9118,0.0
9119,0.0
9120,0.0
9121,0.0
9122,0.0
9123,0.0
9124,0.0
9125,0.0
9126,0.0
9127,0.0
9128,0.0
9129,0.0
9130,0.0
9131,0.0
9132,0.0
9133,0.06290125927928342
9134,0.08542074215038482
9135,0.0
9136,0.0
9137,0.0
9138,0.0
9139,0.0
9140,0.0
9141,0.0
9142,0.0
9143,0.0
9144,0.0
9145,0.0
9146,0.0
9147,0.0
9148,0.0
9149,0.0
9150,0.0
9151,0.0
9152,0.0
9153,0.0
9154,0.0
9155,0.06943832919121515
9156,0.13315912255984008
9157,0.09997548515767064
9158,0.0
9159,0.0
9160,0.0
9161,0.0
9162,0.0
9163,0.0
9164,0.0
9165,0.0
9166,0.0
9167,0.0
9168,0.0
9169,0.0
9170,0.0
9171,0.0
9172,0.0
9173,0.0
9174,0.0
9175,0.0
9176,0.0
9177,0.0
9178,0.0
9179,0.0
9180,0.09546995331698989
9181,0.04380956154462728
9182,0.0
9183,0.0
9184,0.0
9185,0.07027426983580529
9186,0.3243009425375177
9187,1.6611098753767513
9188,3.752156821578566
9189,2.191810863634665
9190,0.472256646837556
9191,0.20089841036851877
9192,0.08078026293791557
9193,0.09511682224754482
9194,0.07491688594868108
9195,0.023765207089198274
9196,0.0
9197,0.13056741488812396
9198,0.39825708067517795
9199,0.17814411615735873
9200,0.190079715195287
9201,0.0
9202,0.04286195299969816
9203,0.15439083421215571
9204,0.05291272606772209
9205,0.0
9206,0.053275277294102426
9207,0.1001350533469795
9208,0.07651229924101469
9209,0.0
9210,0.0
9211,0.0
9212,0.0
9213,0.0
9214,0.0
9215,0.0
9216,0.0
9217,0.061574179023223555
9218,0.21829198226850582
9219,0.030782349500209836
9220,0.0
9221,0.0
9222,0.0
9223,0.0
9224,0.0
9225,1.148989633873377
9226,1.0888325111289843
9227,0.4231740240330348
9228,0.5436835205256896
9229,0.45653892259552564
9230,0.3304716833058004
9231,0.28376322462748155
9232,0.15350951696923937
9233,0.17833143638031992
9234,0.19909777182779123
9235,0.4833186993018878
9236,0.6935092247872822
9237,0.1972447856803476
9238,0.058508618298798956
9239,0.0
9240,0.0
9241,0.0
9242,0.0
9243,0.0
9244,0.0
9245,0.0
9246,0.0
9247,0.0
9248,0.0
9249,0.17685706909683768
9250,0.6613175285866381
9251,1.678748337109718
9252,2.6565501299397147
9253,11.358913823847287
9254,9.944854718912053
9255,5.354016739318996
9256,2.043352686849671
9257,1.394356033056345
9258,3.1828144556513336
9259,2.276509879097997
9260,2.3373448422043954
9261,14.101040627339517
9262,4.209373323605017
9263,1.8170515930982234
9264,1.2962564961042362
9265,0.5165353040682272
9266,0.6125595834085742
9267,0.8135748769126102
9268,1.9617208954537348
9269,1.7320752843133105
9270,1.6422146864779115
9271,0.6868490093904752
9272,0.31552898207690244
9273,0.4218601835839667
9274,0.47759144666800457
9275,0.4101744076892845
9276,0.3417443605001363
9277,0.373193429336642
9278,0.13524191476739447
9279,0.25579709251609756
9280,0.16521807928473495
9281,0.12205633134230481
9282,0.39061199615477876
9283,0.3665741874051481
9284,0.12029494593404642
9285,0.01129127637498191
9286,0.3591461848446017
9287,2.082656847227827
9288,1.2142301024514752
9289,0.0
9290,0.266092851632807
9291,0.023542464078815103
9292,0.0
9293,0.0
9294,0.0
9295,0.0
9296,0.0
9297,0.08445955796796635
9298,0.06902788275019597
9299,0.08703611903818192
9300,0.1110706734838308
9301,0.05649430781860481
9302,0.06970320945115617
9303,0.0
9304,0.0
9305,0.0
9306,0.0
9307,0.0323046068964775
9308,0.26456739212742897
9309,0.7998203807546894
9310,0.26291447642794835
9311,0.06437352802084924
9312,0.0
9313,0.0
9314,0.025109974918343735
9315,0.0
9316,0.0
9317,0.0696721884165418
9318,0.0
9319,0.0
9320,0.0
9321,0.07333287610643582
9322,0.043637885457337044
9323,0.014312109505135305
9324,0.00520067616954172
9325,0.012335124960732857
9326,0.07131358241665145
9327,0.0
9328,0.0
9329,0.0
9330,0.0
9331,0.0
9332,0.0
9333,0.0
9334,0.0
9335,0.0
9336,0.0
9337,0.0
9338,0.0
9339,0.10189858386946932
9340,0.08384543128815487
9341,0.12398675033806161
9342,0.04662446431168535
9343,0.0
9344,0.0
9345,0.0
9346,0.0
9347,0.07639971633188854
9348,0.19894060311449377
9349,0.33203743940732827
9350,6.177443821456072
9351,1.0349207367263769
9352,0.06333476375164712
9353,0.0
9354,0.0
9355,0.0
9356,0.0
9357,0.0
9358,0.0
9359,0.0
9360,0.0
9361,0.0
9362,0.0
9363,0.0
9364,0.0
9365,0.0
9366,0.0
9367,0.0
9368,0.0
9369,0.0
9370,0.030124283513640205
9371,0.1357713809550115
9372,0.21335890096886714
9373,0.4251260442983822
9374,0.34070061189423995
9375,0.17888293883428905
9376,0.15727137171741493
9377,0.1765809226066961
9378,0.16778237292084414
9379,0.0929769907527018
9380,0.0
9381,0.0
9382,0.0
9383,0.0
9384,0.0
9385,0.0
9386,0.0
9387,0.0
9388,0.0
9389,0.0
9390,0.0
9391,0.0
9392,0.0
9393,0.0
9394,0.0
9395,0.24198495080337337
9396,0.4839252153959797
9397,0.6946926101727946
9398,0.5806914103913765
9399,0.18517309475459076
9400,0.06125679172314572
9401,0.0357354829991703
9402,0.0
9403,0.0
9404,0.0
9405,0.0
9406,0.0
9407,0.0
9408,0.0
9409,0.0
9410,0.0
9411,0.0
9412,0.0
9413,0.0
9414,0.0
9415,0.0
9416,0.0
9417,0.013278591510935264
9418,0.06859620978592254
9419,0.0026738670505253134
9420,0.12067301677010207
9421,0.1628156790860754
9422,0.16226469587843814
9423,0.4999054558187932
9424,1.375877003235059
9425,5.831047252570288
9426,0.10682711592765042
9427,0.07407955178143887
9428,0.1303717773912281
9429,0.13354450799932052
9430,0.0
9431,0.0
9432,0.0
9433,0.0
9434,0.0
9435,0.0
9436,0.0
9437,0.0
9438,0.0
9439,0.0
9440,0.0
9441,0.0
9442,0.0
9443,0.02409732256635498
9444,0.1650324548110494
9445,0.6107163936243908
9446,0.7969667721267422
9447,0.5502123866844048
9448,0.2112833211756069
9449,0.5565311350077637
9450,0.11030031152655394
9451,0.0
9452,0.0
9453,0.0
9454,0.0
9455,0.0
9456,0.0
9457,0.0
9458,0.0
9459,0.0
9460,0.0
9461,0.0
9462,0.0
9463,0.0
9464,0.0
9465,0.0
9466,0.0
9467,0.0
9468,0.0
9469,0.0
9470,0.0
9471,0.0
9472,0.0
9473,0.0
9474,0.0
9475,0.0
9476,0.0
9477,0.0
9478,0.0
9479,0.0
9480,0.0
9481,0.0
9482,0.0
9483,0.0
9484,0.0
9485,0.0
9486,0.0
9487,0.0
9488,0.0
9489,0.0
9490,0.0
9491,0.0
9492,0.0
9493,0.0
9494,0.0
9495,0.0
9496,0.0
9497,0.0
9498,0.0
9499,0.0
9500,0.0
9501,0.0
9502,0.0
9503,0.0
9504,0.0
9505,0.0
9506,0.0
9507,0.0
9508,0.0
9509,0.0
9510,0.0
9511,0.0
9512,0.0
9513,0.0
9514,0.0
9515,0.0
9516,0.0
9517,0.0
9518,0.0
9519,0.0
9520,0.0
9521,0.0
9522,0.0
9523,0.0
9524,0.0
9525,0.0
9526,0.0
9527,0.0
9528,0.0
9529,0.0
9530,0.0
9531,0.0
9532,0.0
9533,0.0
9534,0.0
9535,0.0
9536,0.0
9537,0.0
9538,0.0
9539,0.07646717985376372
9540,0.08699540363000942
9541,0.012072861615799041
9542,0.0
9543,0.0
9544,0.0
9545,0.0
9546,0.0
9547,0.0
9548,0.0
9549,0.0
9550,0.0
9551,0.0
9552,0.0
9553,0.0
9554,0.0
9555,0.0
9556,0.0
9557,0.0
9558,0.0
9559,0.0
9560,0.0
9561,0.0
9562,0.0
9563,0.0
9564,0.27555714264314973
9565,0.3604123383347198
9566,0.33853431264658346
9567,0.44133602042307246
9568,0.5276554514534911
9569,0.30449770318040265
9570,0.08907080142411973
9571,0.0
9572,0.0
9573,0.0
9574,0.0
9575,0.0
9576,0.0
9577,0.0
9578,0.0
9579,0.0
9580,0.0
9581,0.0
9582,0.0
9583,0.0
9584,0.0
9585,0.0
9586,0.03509034902236424
9587,0.07237029609725378
9588,0.00997779562453449
9589,0.03884061842488998
9590,0.06867939691019435
9591,0.025759805177797596
9592,0.0
9593,0.0
9594,0.0
9595,0.0
9596,0.0
9597,0.0
9598,0.0
9599,0.0
9600,0.0
9601,0.0
9602,0.0
9603,0.0
9604,0.0
9605,0.0
9606,0.0
9607,0.0
9608,0.0
9609,0.0
9610,0.0
9611,0.0
9612,0.0
9613,0.012566775851457384
9614,0.08941440853940409
9615,0.0
9616,0.0
9617,0.0
9618,0.0
9619,0.0
9620,0.0
9621,0.0
9622,0.0
9623,0.0
9624,0.0
9625,0.0
9626,0.0
9627,0.0
9628,0.0
9629,0.0
9630,0.0
9631,0.0
9632,0.0
9633,0.013294851157462196
9634,0.12477961332658905
9635,0.21803823598463
9636,0.17327656488185153
9637,0.06601888733049026
9638,0.0
9639,0.0
9640,0.0
9641,0.0
9642,0.0
9643,0.0
9644,0.0
9645,0.0
9646,0.0
9647,0.0
9648,0.0
9649,0.0
9650,0.17472025533417365
9651,0.0
9652,0.0
9653,0.0
9654,0.0
9655,0.0
9656,0.0
9657,0.0
9658,0.08010385816403905
9659,0.09349346061758601
9660,0.019524700090744418
9661,0.08622389979424297
9662,0.27584629014493317
9663,0.3708670769522811
9664,0.15094685084513454
9665,0.060869968159829896
9666,0.10919162938933615
9667,0.0
9668,0.0
9669,0.0
9670,0.0
9671,0.0
9672,0.0
9673,0.0
9674,0.0
9675,0.0
9676,0.0
9677,0.0
9678,0.0
9679,0.0
9680,0.0
9681,0.0
9682,0.07507108701910685
9683,0.0766167233676753
9684,0.0
9685,0.0
9686,0.0
9687,0.0
9688,0.0
9689,0.0
9690,0.0
9691,0.0
9692,0.0
9693,0.0
9694,0.0
9695,0.0
9696,0.0
9697,0.0
9698,0.0
9699,0.0
9700,0.0
9701,0.0
9702,0.0
9703,0.0
9704,0.0
9705,0.031057952929642054
9706,0.15379822230330115
9707,0.21008225009229772
9708,0.13303337014536065
9709,0.11844458714277586
9710,0.051084349786739154
9711,0.0
9712,0.0
9713,0.0
9714,0.0
9715,0.0
9716,0.0
9717,0.0
9718,0.0
9719,0.0
9720,0.0
9721,0.14921370082679047
9722,0.0
9723,0.0
9724,0.0
9725,0.07820460896995429
9726,0.1450583608476566
9727,0.0
9728,0.0
9729,0.023700614048595303
9730,0.14454824139269765
9731,0.14504258554736588
9732,0.10969819419776691
9733,0.12109848199000542
9734,0.12389089122361611
9735,0.17754946596081272
9736,0.3993192378122767
9737,0.2906784051667451
9738,1.2390994322873785
9739,2.429135386865019
9740,0.8459390909803399
9741,0.5381386710905758
9742,0.35299823373418393
9743,0.457711039449637
9744,0.06085933616690797
9745,0.0
9746,0.2628900222290408
9747,0.21145718740928976
9748,0.0
9749,0.0
9750,0.0
9751,0.0
9752,0.0
9753,0.04678683524440763
9754,0.022088696059199213
9755,0.0
9756,0.060342511300446676
9757,0.3841022339891862
9758,0.4885137653083246
9759,0.1517533538320922
9760,0.1445886478707334
9761,0.11157609510684374
9762,0.05948884561094429
9763,0.0
9764,0.0
9765,0.369127097882808
9766,0.33558774268836183
9767,0.3099616152365658
9768,0.8570309720673664
9769,0.6780097449073504
9770,0.20165380486141316
9771,0.09668032381969255
9772,0.04119598375298935
9773,0.0
9774,0.0
9775,0.0
9776,0.0
9777,0.0
9778,0.05322568646287465
9779,0.14408681406706528
9780,0.03910158149103258
9781,0.07645914528339197
9782,0.0
9783,0.0
9784,0.0
9785,0.0
9786,0.0018031848363602723
9787,0.0024137182658872953
9788,0.12792813754832463
9789,0.061628656346001044
9790,0.08387644601717326
9791,0.07618123760150891
9792,0.06550097568244367
9793,0.0
9794,0.0
9795,0.0
9796,0.0
9797,0.0
9798,0.0
9799,0.0
9800,0.0
9801,0.0
9802,0.0
9803,0.0
9804,0.0
9805,0.17781630459326156
9806,0.15274379524760923
9807,0.18862797782029936
9808,0.03308992334794249
9809,0.0
9810,0.0
9811,0.5495443684923758
9812,0.9578479969003479
9813,0.964500464353568
9814,0.5142534638799756
9815,0.45485121191933986
9816,0.942405990246293
9817,1.3971309500232838
9818,1.2258062525306852
9819,0.6165411716293584
9820,0.3785260933114866
9821,0.2889849313249473
9822,0.5432614305378598
9823,0.9701470341861844
9824,0.34358066274648974
9825,0.21083130924570584
9826,0.20216316836192674
9827,0.2747901784992563
9828,0.4937799578332964
9829,0.40936544053279256
9830,0.7591488404997969
9831,0.4921691766802353
9832,0.2879354753707953
9833,0.34367190100572503
9834,0.41277225439416493
9835,0.2119941869375646
9836,0.11221306871431971
9837,0.20583481923770994
9838,0.2222610669407092
9839,0.09445467701756743
9840,0.07556520231795705
9841,0.19831955586034303
9842,0.1041793444738604
9843,0.15983813388627263
9844,0.12518143448818522
9845,0.11142071521305216
9846,0.03257639360901157
9847,0.0
9848,0.0
9849,0.0
9850,0.23312131487380564
9851,0.4070409419181926
9852,0.4569958003737989
9853,0.2437654486816182
9854,0.15632664259265638
9855,0.1658234310960191
9856,0.16773523086745062
9857,0.0
9858,0.0
9859,0.0
9860,0.08828042286792596
9861,0.19221325002105033
9862,0.1607171651934383
9863,0.07830349550531109
9864,0.0
9865,0.0
9866,0.0
9867,0.0
9868,0.0
9869,0.0
9870,0.0
9871,0.0
9872,0.0
9873,0.052093796693643384
9874,0.1328707817206824
9875,0.06893826484201912
9876,0.15117690630357708
9877,1.1958815553928888
9878,1.0086154001671166
9879,0.672767884034114
9880,0.7632178264569159
9881,0.16660832648293628
9882,0.19888932045455682
9883,0.08228338241670573
9884,0.0
9885,0.0
9886,0.0
9887,0.0
9888,0.0
9889,0.0
9890,0.0
9891,0.0
9892,0.0
9893,0.0
9894,0.0
9895,0.0
9896,0.0
9897,0.0
9898,0.0
9899,0.21457698023098926
9900,0.3711570309778206
9901,0.6501282204936479
9902,0.3764791044313682
9903,0.3186655615811037
9904,0.44079518083052605
9905,0.5437914895286515
9906,0.9025037843430674
9907,0.016735412593444705
9908,0.0
9909,0.0
9910,0.0
9911,0.0
9912,0.0
9913,0.0
9914,0.0
9915,0.0
9916,0.0
9917,0.0
9918,0.0
9919,0.0
9920,0.0
9921,0.0
9922,0.0
9923,0.0416181248384421
9924,0.047016373667383905
9925,0.10415655200142342
9926,0.13910716052529346
9927,0.22044440762814416
9928,0.33464180111601705
9929,0.4111072982912023
9930,0.2177699864376292
9931,0.0
9932,0.0
9933,0.0
9934,0.0
9935,0.0
9936,0.0
9937,0.0
9938,0.0
9939,0.0
9940,0.0
9941,0.0
9942,0.0
9943,0.0
9944,0.0
9945,0.0
9946,0.11108935301859889
9947,0.0
9948,0.0
9949,0.061281833347807166
9950,0.02627807122323312
9951,0.0
9952,0.0
9953,0.0
9954,0.0
9955,0.0
9956,0.0
9957,0.0
9958,0.0
9959,0.0
9960,0.0
9961,0.0
9962,0.0
9963,0.0
9964,0.0
9965,0.0
9966,0.0
9967,0.0
9968,0.0
9969,0.0
9970,0.0
9971,0.0
9972,0.06580902357330272
9973,0.046247444754885216
9974,0.0
9975,0.0
9976,0.0
9977,0.0
9978,0.0
9979,0.0
9980,0.0
9981,0.0
9982,0.0
9983,0.0
9984,0.0
9985,0.0
9986,0.0
9987,0.0
9988,0.0
9989,0.0
9990,0.0
9991,0.0
9992,0.0
9993,0.0
9994,0.0
9995,0.0
9996,0.0
9997,0.0
9998,0.0
9999,0.0
10000,0.0
10001,0.0
10002,0.0
10003,0.0
10004,0.0
10005,0.0
10006,0.0
10007,0.0
10008,0.0
10009,0.0
10010,0.0
10011,0.0
10012,0.0
10013,0.0
10014,0.0
10015,0.0
10016,0.0
10017,0.0
10018,0.0
10019,0.0
10020,0.0
10021,0.0
10022,0.0
10023,0.0
10024,0.4313754670748791
10025,0.09977751826024202
10026,0.0
10027,0.0
10028,0.0
10029,0.0
10030,1.4624768138845694
10031,0.18404615354310208
10032,0.0
10033,0.0
10034,0.0
10035,0.0
10036,0.0
10037,0.0
10038,0.0
10039,0.0
10040,0.0
10041,0.0
10042,0.0
10043,0.0
10044,0.0
10045,0.0
10046,0.1511155449850857
10047,0.39697137065622246
10048,0.9779085408278465
10049,1.6027142395639573
10050,0.5048512565907665
10051,0.07793539499980276
10052,0.0
10053,1.709525817411245
10054,6.393805525449489
10055,5.453576821631312
10056,3.5998416043893804
10057,3.3957561155832368
10058,2.6791421704668092
10059,3.0080588649727544
10060,6.2049977098082545
10061,9.741858819571851
10062,10.702888486475334
10063,7.64857408862767
10064,4.101420424675875
10065,0.8157365055136815
10066,0.6928197356438959
10067,0.07418259952347844
10068,0.0
10069,0.1267046549547278
10070,0.16933020749846808
10071,0.4623241851885163
10072,1.8112362522694647
10073,0.8811553200722586
10074,0.03875040816092297
10075,0.1457400670985994
10076,0.06978490734032951
10077,0.0
10078,0.0
10079,0.0
10080,0.0
10081,0.0
10082,0.0
10083,0.0
10084,0.0
10085,0.0
10086,0.0
10087,0.0
10088,0.0
10089,0.0
10090,0.10958790976648063
10091,0.4070575320802718
10092,0.4483271872690073
10093,0.11642180697600335
10094,0.02581560221695852
10095,0.035536747847123684
10096,0.15146216687367198
10097,0.014993125646164037
10098,0.0
10099,0.0
10100,0.0
10101,0.0
10102,0.0
10103,0.0
10104,0.0
10105,0.0
10106,0.0
10107,0.0
10108,0.0
10109,0.0
10110,0.0
10111,0.0
10112,0.0
10113,0.0
10114,0.0
10115,0.0
10116,0.0
10117,0.0
10118,0.0
10119,0.0
10120,0.0
10121,0.0
10122,0.0
10123,0.0
10124,0.0
10125,0.0
10126,0.0
10127,0.0
10128,0.0
10129,0.0
10130,0.0
10131,0.0
10132,0.0
10133,0.0
10134,0.0
10135,0.0
10136,0.0
10137,0.0
10138,0.0
10139,0.0
10140,0.0
10141,0.0
10142,0.03685549661250403
10143,0.0014205069161398521
10144,0.0
10145,0.0
10146,0.0
10147,0.0
10148,0.0
10149,0.0
10150,0.0
10151,0.0
10152,0.0
10153,0.0
10154,0.0
10155,0.0
10156,0.0
10157,0.0
10158,0.0
10159,0.0
10160,0.0
10161,0.0
10162,0.0
10163,0.0561401253655098
10164,0.10957710351393905
10165,0.27144205252120046
10166,0.14712201234816294
10167,0.038818474027082606
10168,0.01828281332312548
10169,0.0
10170,0.0
10171,0.0
10172,0.0
10173,0.0
10174,0.0
10175,0.0
10176,0.0
10177,0.0
10178,0.0
10179,0.0
10180,0.0
10181,0.0
10182,0.0
10183,0.0
10184,0.0
10185,0.0
10186,0.0
10187,0.06257982391937403
10188,0.10659512337948929
10189,0.19774871550429524
10190,0.3865388812378113
10191,0.29935729348123474
10192,0.28657111531428264
10193,0.45723698352399
10194,0.06693279442715656
10195,0.0
10196,0.0
10197,0.0
10198,0.0
10199,0.0
10200,0.0
10201,0.0
10202,0.0
10203,0.0
10204,0.0
10205,0.0
10206,0.0
10207,0.0
10208,0.0
10209,0.0
10210,0.10436499944465244
10211,0.22128947921253103
10212,0.09250692517887292
10213,0.2007158590149102
10214,0.9054970378565393
10215,0.3973662110829145
10216,0.12996386109969574
10217,0.0
10218,0.0
10219,0.0
10220,0.0
10221,0.0
10222,0.0
10223,0.11320590656789918
10224,0.0
10225,0.0
10226,0.0
10227,0.0
10228,0.0
10229,0.0
10230,0.0
10231,0.0
10232,0.0
10233,0.0
10234,0.0
10235,0.09792370623213091
10236,0.15144502606222687
10237,0.1970376435757719
10238,0.033130398211431045
10239,0.0573476299577467
10240,0.0
10241,0.0
10242,0.0
10243,0.0
10244,0.0
10245,0.0
10246,0.0
10247,0.0
10248,0.0
10249,0.0
10250,0.0
10251,0.0
10252,0.0
10253,0.0
10254,0.0
10255,0.0
10256,0.0
10257,0.04738047379333455
10258,0.14122427169858945
10259,0.05598876393519064
10260,0.03418129914997224
10261,0.0896691083020934
10262,0.21325482146249333
10263,0.1322103725002212
10264,0.12054623325796322
10265,0.13377087097419005
10266,0.0
10267,0.0
10268,0.0
10269,0.0
10270,0.0
10271,0.0
10272,0.0
10273,0.0
10274,0.0
10275,0.0
10276,0.0
10277,0.0
10278,0.0
10279,0.0
10280,0.0
10281,0.0
10282,0.05920801759469815
10283,0.019838326018710217
10284,0.0
10285,0.05916505022168231
10286,0.08468526660437618
10287,0.08226745807146624
10288,0.0
10289,0.0
10290,0.0
10291,0.0
10292,0.0
10293,0.0
10294,0.0
10295,0.0
10296,0.0
10297,0.0
10298,0.0
10299,0.0
10300,0.0
10301,0.0
10302,0.0
10303,0.0
10304,0.0
10305,0.0
10306,0.1273020197500452
10307,0.19060088746791812
10308,0.06247706745674777
10309,0.0
10310,0.0
10311,0.0
10312,0.0
10313,0.0
10314,0.0
10315,0.0
10316,0.0
10317,0.0
10318,0.0
10319,0.0
10320,0.0
10321,0.0
10322,0.0
10323,0.0
10324,0.0
10325,0.0
10326,0.0
10327,0.0
10328,0.0
10329,0.0
10330,0.0
10331,0.0
10332,0.0
10333,0.0
10334,0.0
10335,0.0
10336,0.0
10337,0.0
10338,0.0
10339,0.0
10340,0.0
10341,0.0
10342,0.0
10343,0.0
10344,0.0
10345,0.0
10346,0.0
10347,0.0
10348,0.0
10349,0.0
10350,0.0
10351,0.0
10352,0.0
10353,0.0
10354,0.08869687839702352
10355,0.08067683426549466
10356,0.0
10357,0.0
10358,0.0
10359,0.0
10360,0.0
10361,0.0
10362,0.0
10363,0.0
10364,0.0
10365,0.0
10366,0.0
10367,0.0
10368,0.0
10369,0.0
10370,0.0
10371,0.0
10372,0.0
10373,0.0
10374,0.0
10375,0.0
10376,0.0
10377,0.0
10378,0.0
10379,0.0
10380,0.0
10381,0.04449597042532422
10382,0.029393366703227043
10383,0.0
10384,0.0
10385,0.0
10386,0.0
10387,0.0
10388,0.0
10389,0.0
10390,0.0
10391,0.0
10392,0.0
10393,0.05940006178101041
10394,0.0
10395,0.0
10396,0.0
10397,0.0
10398,0.0
10399,0.0
10400,0.0
10401,0.03156569863898189
10402,0.12992869028785323
10403,0.4655286504835786
10404,0.25424198405429754
10405,0.26672674601324764
10406,0.2462714342207558
10407,0.0715705123692917
10408,0.0
10409,0.0
10410,0.0
10411,0.0
10412,0.0
10413,0.0
10414,0.0
10415,0.0
10416,0.0
10417,0.0
10418,0.0
10419,0.0
10420,0.0
10421,0.0
10422,0.0
10423,0.0
10424,0.0
10425,0.0
10426,0.0
10427,0.0
10428,0.0
10429,0.0
10430,0.0
10431,0.0
10432,0.0
10433,0.0
10434,0.0
10435,0.0
10436,0.0
10437,0.0
10438,0.0
10439,0.0
10440,0.0
10441,0.0
10442,0.0
10443,0.0
10444,0.0
10445,0.0
10446,0.0
10447,0.0
10448,0.0
10449,0.0
10450,0.08980822096678166
10451,0.10343138570449255
10452,0.06369880472877441
10453,0.0
10454,0.0
10455,0.0
10456,0.0
10457,0.0
10458,0.0
10459,0.0
10460,0.0
10461,0.0
10462,0.0
10463,0.0
10464,0.0
10465,0.0
10466,0.0
10467,0.0
10468,0.0
10469,0.0
10470,0.0
10471,0.0
10472,0.0
10473,0.06934068673535031
10474,0.20070474983135114
10475,0.1881052243929484
10476,0.060066897122963085
10477,0.05796497360395091
10478,0.08434154554382023
10479,0.08706021290478091
10480,0.0
10481,0.0
10482,0.0
10483,0.0
10484,0.0
10485,0.0
10486,0.0
10487,0.0
10488,0.0
10489,0.0
10490,0.0
10491,0.0
10492,0.0
10493,0.0
10494,0.0
10495,0.0
10496,0.0
10497,0.12023712057482074
10498,0.4023737016684998
10499,0.24743465047469293
10500,0.0
10501,0.0
10502,0.0
10503,0.06438459046625011
10504,0.10377600945557355
10505,0.0
10506,0.0
10507,0.0
10508,0.0
10509,0.0
10510,0.7407964804354477
10511,0.6294691478897294
10512,0.5000035052549218
10513,0.42130105366686266
10514,0.2927209967995537
10515,0.23066748000904433
10516,0.12847045875250282
10517,0.08551040738617165
10518,0.0
10519,0.10681718688866403
10520,0.07551119873198336
10521,0.0021547354908862558
10522,0.032213562112992616
10523,0.05242230941864742
10524,0.0
10525,0.0
10526,0.0
10527,0.039970319596601286
10528,0.0
10529,0.0
10530,0.0
10531,0.0
10532,0.0
10533,0.19644954368593098
10534,0.20613791509507898
10535,0.49972775512017276
10536,0.04037168381608135
10537,0.0
10538,0.0
10539,0.0
10540,0.0
10541,0.0
10542,0.0
10543,0.0
10544,0.0
10545,0.05133717462167522
10546,0.10697438571341067
10547,0.17426250881704364
10548,0.25807692054553977
10549,0.2650030267655828
10550,0.07955917258969665
10551,0.03728377075284049
10552,0.27949100492553874
10553,0.6583110573940727
10554,0.3582288988758814
10555,0.07736217292404665
10556,0.0
10557,0.0644067225982217
10558,0.048651698450652
10559,0.484853069665188
10560,0.3333562035293844
10561,0.21251247513816274
10562,0.05083286080012457
10563,0.0
10564,0.0
10565,0.0
10566,0.0
10567,0.0
10568,0.0
10569,0.0864664529807083
10570,0.20462251277758114
10571,0.10989890278476121
10572,0.06479267479672281
10573,0.0
10574,0.041110623105714846
10575,0.05371705563949704
10576,0.41014658417839733
10577,0.43639165468251356
10578,0.006327020554136444
10579,0.020493411729126363
10580,0.1458606791745276
10581,0.23259010951764267
10582,0.1547499962134078
10583,0.049353740303842666
10584,0.0
10585,0.0
10586,0.0
10587,0.0
10588,0.0
10589,0.0
10590,0.0
10591,0.03135871440866539
10592,0.0
10593,0.0
10594,0.046131678366207386
10595,0.08036322075382835
10596,0.08116914208672023
10597,0.10439878448451143
10598,0.08045629300661183
10599,0.0
10600,0.0
10601,0.6368117372119005
10602,0.13691966527512725
10603,0.07517126243554015
10604,0.021841352337634276
10605,0.20675248137002675
10606,0.21152699192346794
10607,0.1151541278858237
10608,0.0
10609,0.0
10610,0.0
10611,0.0
10612,0.0
10613,0.0
10614,0.0
10615,0.0
10616,0.0
10617,0.0
10618,0.0
10619,0.10614489524346761
10620,0.17175179571434854
10621,0.18741862085569713
10622,0.1474248317395813
10623,0.10556052439624825
10624,0.08736859888636535
10625,0.053435093713115604
10626,0.0
10627,0.0
10628,0.0
10629,0.0
10630,0.0
10631,0.0
10632,0.0
10633,0.0
10634,0.0
10635,0.0
10636,0.0
10637,0.0
10638,0.0
10639,0.0
10640,0.0
10641,0.0002482813549174683
10642,0.040801413195491354
10643,0.1285094085414814
10644,0.6384589685041345
10645,0.24052631854374576
10646,0.1467507055782083
10647,0.04551965113507817
10648,0.21033610427118382
10649,0.7484717731297756
10650,0.0
10651,0.0
10652,0.0
10653,0.0
10654,0.0
10655,0.0
10656,0.0
10657,0.0
10658,0.0
10659,0.0
10660,0.0
10661,0.0
10662,0.0
10663,0.0
10664,0.0
10665,0.033465697779025985
10666,0.23782546849939348
10667,0.1341282797004656
10668,0.29894557052875714
10669,0.29421421184462077
10670,0.19432556161300163
10671,0.04136124262164291
10672,1.067601817199298
10673,0.12506792474473122
10674,0.0
10675,0.0
10676,0.0
10677,0.0
10678,0.0
10679,0.0
10680,0.0
10681,0.0
10682,0.0
10683,0.0
10684,0.0
10685,0.0
10686,0.0
10687,0.0
10688,0.0
10689,0.040039161768216175
10690,0.08946724447773248
10691,0.12831788453665438
10692,0.7297358861387043
10693,0.5636061722166866
10694,0.23113000203183656
10695,0.804119918888156
10696,1.628442864980901
10697,0.00013805360330317553
10698,0.0
10699,0.0
10700,0.0
10701,0.0
10702,0.0
10703,0.0
10704,0.0
10705,0.0
10706,0.08581407008929576
10707,0.06220717360353683
10708,0.06355952804695435
10709,0.0
10710,0.0
10711,0.07818528751338248
10712,0.0
10713,0.0
10714,0.07343902802455525
10715,0.07808555509886357
10716,0.6141209146803775
10717,0.3628220988728628
10718,0.1666277522437615
10719,0.13265640494982453
10720,0.09915140376371596
10721,0.037658070305330506
10722,0.0
10723,0.0
10724,0.0
10725,0.0
10726,0.0
10727,0.0
10728,0.0
10729,0.0
10730,0.0
10731,0.0
10732,0.0
10733,0.0
10734,0.0
10735,0.0
10736,0.050807879337759085
10737,0.055111698648664484
10738,0.11355827017870099
10739,0.14766803971555606
10740,0.09757165167502276
10741,0.02731851684298848
10742,0.058010071700461116
10743,0.023395589119789804
10744,0.04358595170765432
10745,0.07263304659753182
10746,0.0
10747,0.0
10748,0.0
10749,0.0
10750,0.0
10751,0.0
10752,0.0
10753,0.0
10754,0.0
10755,0.0
10756,0.0
10757,0.0
10758,0.0
10759,0.0
10760,0.0
10761,0.04450724100773404
10762,0.10172490841104723
10763,0.14835398266890149
10764,0.19907925356603767
10765,0.2690813769536751
10766,0.26577416248247504
10767,0.21597360115250308
10768,0.10172592648280314
10769,0.05713628611799026
10770,0.027338166418643752
10771,0.0
10772,0.0
10773,0.0
10774,0.0
10775,0.0
10776,0.0
10777,0.0
10778,0.0
10779,0.0
10780,0.0
10781,0.0
10782,0.0
10783,0.0
10784,0.0
10785,0.0
10786,0.05694830387654939
10787,0.09935855090175814
10788,0.11440150725850691
10789,0.0972829993680097
10790,0.05475713556971554
10791,0.0
10792,0.0
10793,0.0
10794,0.0
10795,0.0
10796,0.0
10797,0.0
10798,0.0
10799,0.0
10800,0.0
10801,0.0
10802,0.0
10803,0.0
10804,0.0
10805,0.0
10806,0.0
10807,0.0
10808,0.0
10809,0.0
10810,0.0414774077633588
10811,0.10194365061502413
10812,0.21438040253372873
10813,0.22673430211159404
10814,0.16733201462977712
10815,0.0639582720144335
10816,0.0
10817,0.0
10818,0.0
10819,0.0
10820,0.0
10821,0.0
10822,0.0
10823,0.0
10824,0.0
10825,0.0
10826,0.0
10827,0.0
10828,0.0
10829,0.0
10830,0.0
10831,0.0
10832,0.0
10833,0.0
10834,0.06877274528647856
10835,0.1723948132823541
10836,0.21615754427743114
10837,0.12239275010482656
10838,0.07966753145917896
10839,0.03642507531269327
10840,0.0
10841,0.0
10842,0.0
10843,0.0
10844,0.0
10845,0.0
10846,0.0
10847,0.0
10848,0.0
10849,0.0
10850,0.0
10851,0.0
10852,0.0
10853,0.0
10854,0.0
10855,0.0
10856,0.0
10857,0.0
10858,0.04039017000963986
10859,0.051850049940779436
10860,0.11337975356689574
10861,0.31965396179374156
10862,0.3902442752924612
10863,0.18605588816600518
10864,0.0
10865,0.0
10866,0.0
10867,0.0
10868,0.0
10869,0.25867041286748504
10870,0.1832349495338512
10871,0.0
10872,0.0
10873,0.0
10874,0.0
10875,0.0
10876,0.0
10877,0.0
10878,0.0
10879,0.0
10880,0.0
10881,0.0
10882,0.045613599334298684
10883,0.15477686203532728
10884,0.11508421944949287
10885,0.014472762954814157
10886,0.0
10887,0.0
10888,0.0
10889,0.0
10890,0.0
10891,0.0
10892,0.0
10893,0.0
10894,0.0
10895,0.0
10896,0.0
10897,0.0
10898,0.0
10899,0.0
10900,0.0
10901,0.0
10902,0.0
10903,0.0
10904,0.0
10905,0.0
10906,0.0
10907,0.0
10908,0.0
10909,0.0
10910,0.0
10911,0.0
10912,0.0
10913,0.0
10914,0.0
10915,0.0
10916,0.0
10917,0.0
10918,0.0
10919,0.0
10920,0.0
10921,0.0
10922,0.0
10923,0.0
10924,0.0
10925,0.0
10926,0.0
10927,0.0
10928,0.0
10929,0.0
10930,0.03243656408852065
10931,0.06347864237938762
10932,0.08361349167616358
10933,0.022286411976519618
10934,0.0
10935,0.0
10936,0.0
10937,0.0
10938,0.0
10939,0.0
10940,0.0
10941,0.0
10942,0.0
10943,0.0
10944,0.0
10945,0.0
10946,0.0
10947,0.0
10948,0.0
10949,0.0
10950,0.0
10951,0.0
10952,0.0
10953,0.03951714816323948
10954,0.0
10955,0.0
10956,0.0
10957,0.0
10958,0.0
10959,0.0
10960,0.0
10961,0.0
10962,0.0
10963,0.0
10964,0.0
10965,0.0
10966,0.0
10967,0.0
10968,0.0
10969,0.0
10970,0.0
10971,0.0
10972,0.0
10973,0.0
10974,0.0
10975,0.0
10976,0.0
10977,0.0
10978,0.0
10979,0.0
10980,0.0
10981,0.0
10982,0.0
10983,0.0
10984,0.0
10985,0.0
10986,0.0
10987,0.0
10988,0.0
10989,0.0
10990,0.0
10991,0.0
10992,0.0
10993,0.0
10994,0.0
10995,0.0
10996,0.0
10997,0.0
10998,0.0
10999,0.0
11000,0.0
11001,0.0
11002,0.0
11003,0.0
11004,0.0
11005,0.0
11006,0.0
11007,0.0
11008,0.0
11009,0.0
11010,0.0
11011,0.0
11012,0.0
11013,0.0
11014,0.0
11015,0.0
11016,0.0
11017,0.0
11018,0.0
11019,0.0
11020,0.0
11021,0.0
11022,0.0
11023,0.0
11024,0.0
11025,0.0
11026,0.049188294262794835
11027,0.04296706301798839
11028,0.23424188802784196
11029,0.4716340159265178
11030,0.2226243280206252
11031,0.09640931259156493
11032,0.0
11033,0.0
11034,0.0
11035,0.0
11036,0.0
11037,0.0
11038,0.0
11039,0.0
11040,0.0
11041,0.0
11042,0.0
11043,0.0
11044,0.0
11045,0.0
11046,0.07893548998003516
11047,0.0
11048,0.08562295943345369
11049,0.10463833894247565
11050,0.08962324918629273
11051,0.04167351346272925
11052,0.0
11053,0.0
11054,0.2386761638899352
11055,0.0660165275444034
11056,0.0
11057,0.0
11058,0.0
11059,0.0
11060,0.0
11061,0.0
11062,0.0
11063,0.0
11064,0.0
11065,0.0
11066,0.0
11067,0.0
11068,0.0
11069,0.0
11070,0.0
11071,0.0
11072,0.0
11073,0.05189259949647257
11074,0.054404432968965556
11075,0.07917342576036054
11076,0.1483634905257853
11077,0.27508736308581605
11078,0.2951873855749229
11079,0.27148713967060745
11080,0.2696196641042094
11081,0.1004445196988952
11082,0.0
11083,0.0
11084,0.0
11085,0.0
11086,0.0
11087,0.0
11088,0.0
11089,0.0
11090,0.0
11091,0.0
11092,0.0
11093,0.0
11094,0.0
11095,0.0
11096,0.0
11097,0.0
11098,0.17206399471626102
11099,0.5376603430248759
11100,1.1608585087859065
11101,0.7982524149069533
11102,0.26143493374674254
11103,0.029439810745234066
11104,0.0
11105,0.0
11106,0.0
11107,0.0
11108,0.0
11109,0.0
11110,0.0
11111,0.0
11112,0.0
11113,0.0
11114,0.0
11115,0.0
11116,0.0
11117,0.0
11118,0.0
11119,0.0
11120,0.0
11121,0.03629667121376611
11122,0.2260936985591866
11123,0.6583927879536811
11124,0.22545189003719224
11125,0.0
11126,0.0
11127,0.0
11128,0.0
11129,0.0
11130,0.0
11131,0.0
11132,0.0
11133,0.0
11134,0.0
11135,0.0
11136,0.0
11137,0.0
11138,0.0
11139,0.028095651047989535
11140,0.0
11141,0.0
11142,0.0
11143,0.0
11144,0.0
11145,0.03208050581494595
11146,0.10432486139331978
11147,0.2322990298317619
11148,0.30434650254857626
11149,0.2103193538558285
11150,0.14987538583486393
11151,0.2188114527479858
11152,0.20284926658987473
11153,0.05711015208267907
11154,0.0
11155,0.0
11156,0.0
11157,0.0
11158,0.0
11159,0.0
11160,0.0
11161,0.0
11162,0.0
11163,0.0
11164,0.0
11165,0.0
11166,0.0
11167,0.0
11168,0.0
11169,0.06538307957336892
11170,0.13203434041246692
11171,0.0
11172,0.028573470861975574
11173,0.0
11174,0.0
11175,0.0
11176,0.0
11177,0.0
11178,0.0
11179,0.0
11180,0.0
11181,0.0
11182,0.0
11183,0.0
11184,0.0
11185,0.0
11186,0.0
11187,0.0
11188,0.0
11189,0.0
11190,0.0
11191,0.0
11192,0.0
11193,0.05996893963704771
11194,0.08669210470901738
11195,0.08298342211649397
11196,0.0
11197,0.0
11198,0.0
11199,0.0
11200,0.0
11201,0.0
11202,0.0
11203,0.0
11204,0.0
11205,0.0
11206,0.0
11207,0.0
11208,0.0
11209,0.0
11210,0.0
11211,0.0
11212,0.0
11213,0.0
11214,0.0
11215,0.0
11216,0.0
11217,0.10351672280371592
11218,0.4329710657767689
11219,0.7288515987831518
11220,0.7123213797991054
11221,0.31936780249417734
11222,0.16823235987273175
11223,0.02093674236998821
11224,0.0
11225,0.0
11226,0.0
11227,0.0
11228,0.0
11229,0.0
11230,0.0
11231,0.0
11232,0.0
11233,0.0
11234,0.0
11235,0.0
11236,0.0
11237,0.0
11238,0.0
11239,0.0
11240,0.0
11241,0.20062045484748828
11242,0.06938363031970958
11243,0.05795745908269497
11244,0.8826132015249083
11245,1.4477007448392119
11246,0.19481677629836228
11247,0.09828609267260364
11248,0.10244803669465892
11249,0.14389681629819082
11250,0.050460057989391544
11251,0.0
11252,0.0
11253,0.0
11254,0.0
11255,0.0
11256,0.0
11257,0.0
11258,0.0
11259,0.0
11260,0.0
11261,0.0
11262,0.0
11263,0.0
11264,0.0
11265,0.0
11266,0.08985864727690487
11267,0.19720380137107024
11268,0.04108826986863997
11269,0.0
11270,1.140636823342877
11271,0.8308434888736734
11272,0.01192020555328075
11273,0.0
11274,0.0
11275,0.08854813140618162
11276,0.0
11277,0.0
11278,0.0
11279,0.0
11280,0.0
11281,0.0
11282,0.0
11283,0.0
11284,0.0
11285,0.0
11286,0.0
11287,0.0
11288,0.0
11289,0.056490180859624255
11290,0.10721207391692317
11291,0.1877997588947365
11292,0.10526411384050238
11293,0.34026829091369304
11294,0.26505054966598146
11295,0.16865412206200198
11296,0.25084964284898176
11297,0.2399448471887216
11298,0.150622764150848
11299,0.12062780990266647
11300,0.0
11301,0.0
11302,0.0
11303,0.0
11304,0.0
11305,0.0
11306,0.0
11307,0.0
11308,0.0
11309,0.0
11310,0.0
11311,0.0
11312,0.0
11313,0.0
11314,0.05929174073882233
11315,0.06111477590863899
11316,0.03478598618283128
11317,0.0
11318,0.0
11319,0.0
11320,0.08585946939842354
11321,0.066126329250644
11322,0.0
11323,0.0
11324,0.0
11325,0.0
11326,0.0
11327,0.0
11328,0.0
11329,0.0
11330,0.0
11331,0.0
11332,0.0
11333,0.0
11334,0.0
11335,0.0
11336,0.0
11337,0.0
11338,0.0
11339,0.0
11340,0.0
11341,0.0
11342,0.0
11343,0.0
11344,0.0
11345,0.0
11346,0.0
11347,0.0
11348,0.0
11349,0.0
11350,0.0
11351,0.0
11352,0.0
11353,0.0
11354,0.0
11355,0.0
11356,0.0
11357,0.0
11358,0.0
11359,0.0
11360,0.0
11361,0.0
11362,0.0
11363,0.0
11364,0.0
11365,0.0
11366,0.08415023287716834
11367,0.12429016278822654
11368,0.0
11369,0.0
11370,0.06290116090361368
11371,0.11486697293576188
11372,0.12414310690556286
11373,0.06739278533089231
11374,0.0
11375,0.0
11376,0.18971568453804913
11377,0.07708458567068346
11378,0.0
11379,0.0
11380,0.0
11381,0.0
11382,0.0
11383,0.0
11384,0.0
11385,0.0
11386,0.0
11387,0.0
11388,0.0
11389,0.0
11390,0.0177405584108271
11391,0.07586286687206945
11392,0.0
11393,0.12269572973218783
11394,0.0
11395,0.1543603422439302
11396,0.3998013197707598
11397,1.4286609664050904
11398,0.209284520835858
11399,0.0
11400,0.12703003381417846
11401,0.0
11402,0.0
11403,0.0
11404,0.0
11405,0.0
11406,0.0
11407,0.0
11408,0.0
11409,0.0
11410,0.0
11411,0.0
11412,0.0
11413,0.0
11414,0.0
11415,0.0
11416,0.018127858595657815
11417,0.09358651906769047
11418,0.07533089188649905
11419,0.058172854994903885
11420,0.1966128160807372
11421,0.158336188818203
11422,0.6953367210540164
11423,0.37409047757627545
11424,0.018063267616829623
11425,0.0
11426,0.0
11427,0.0
11428,0.0
11429,0.0
11430,0.0
11431,0.0
11432,0.06617002559828905
11433,0.08735813255087922
11434,0.09604689619638215
11435,0.06843565691804217
11436,0.0
11437,0.0
11438,0.0
11439,0.0
11440,0.0
11441,0.0
11442,0.2564368581433588
11443,0.45315843084824126
11444,0.32946012629223115
11445,0.21384015408719378
11446,0.35614148655296896
11447,0.3853250961029134
11448,0.16077494452256907
11449,0.1331341329448229
11450,0.17898878513649408
11451,0.19635809452089323
11452,0.002824247686042996
11453,0.0
11454,0.0
11455,0.0
11456,0.13803658458978982
11457,0.11341978849015998
11458,0.09763842964102926
11459,0.0
11460,0.0
11461,0.0
11462,0.0
11463,0.0
11464,0.0
11465,0.0059076108768342465
11466,0.02093354681283589
11467,0.7427256030663808
11468,0.3881363952791629
11469,0.0
11470,0.0
11471,0.2730190854286645
11472,0.03921635249739224
11473,0.0
11474,0.0
11475,0.0
11476,0.0
11477,0.0
11478,0.0
11479,0.0
11480,0.0
11481,0.0
11482,0.0
11483,0.0
11484,0.0
11485,0.0
11486,0.0
11487,0.0
11488,0.0
11489,0.0
11490,0.0061078881463887316
11491,0.01543624133033611
11492,0.0
11493,0.0
11494,0.0
11495,0.0
11496,0.0
11497,0.0
11498,0.0
11499,0.0
11500,0.0
11501,0.0
11502,0.0
11503,0.0
11504,0.0
11505,0.0
11506,0.0
11507,0.0
11508,0.0
11509,0.0
11510,0.0
11511,0.0
11512,0.0
11513,0.0
11514,0.0
11515,0.0
11516,0.0
11517,0.0
11518,0.0
11519,0.116860841826674
11520,0.0
11521,0.0
11522,0.0
11523,0.0
11524,0.0
11525,0.0
11526,0.0
11527,0.10247053266202041
11528,0.0
11529,0.045390500671401206
11530,0.10767822322516946
11531,0.06952077800851156
11532,0.10094977650121893
11533,0.0
11534,0.0
11535,0.0
11536,0.0
11537,0.0
11538,0.0
11539,0.0
11540,0.0
11541,0.07660902261698026
11542,0.09922620515386751
11543,0.0
11544,0.0
11545,0.0
11546,0.0
11547,0.0
11548,0.07188839102863095
11549,0.0
11550,0.0
11551,0.0
11552,0.12265217582714324
11553,0.08718484199296235
11554,0.15707588467933242
11555,0.12577786934370022
11556,0.5705868806976446
11557,1.878799789687746
11558,0.1816061762065041
11559,0.07431863575774708
11560,0.0
11561,0.0
11562,0.0
11563,0.0
11564,0.0
11565,0.0
11566,0.0
11567,0.0
11568,0.0
11569,0.0
11570,0.0
11571,0.0
11572,0.0
11573,0.0
11574,0.0
11575,0.0
11576,0.0
11577,0.02953317349536004
11578,0.012317443643802106
11579,0.19851719355297187
11580,0.5612782189081528
11581,0.0
11582,0.3773160335448155
11583,0.4690094622108538
11584,0.046722016848568845
11585,0.0
11586,0.0
11587,0.0
11588,0.0
11589,0.0
11590,0.0
11591,0.0
11592,0.0
11593,0.0
11594,0.0
11595,0.0
11596,0.0
11597,0.0
11598,0.0
11599,0.0
11600,0.0
11601,0.03504330728131047
11602,0.03364183280374754
11603,0.1796540142168235
11604,0.10287516357432377
11605,0.10165576251967984
11606,0.042619962480091096
11607,0.17835832148493738
11608,0.34837975328332393
11609,0.18642669041637525
11610,0.08440747694523204
11611,0.0
11612,0.0
11613,0.0
11614,0.0
11615,0.0
11616,0.0
11617,0.0
11618,0.0
11619,0.0
11620,0.0
11621,0.0
11622,0.0
11623,0.0
11624,0.0
11625,0.0
11626,0.0
11627,0.0
11628,0.0
11629,0.08017951475678213
11630,0.057787560957939285
11631,0.0
11632,0.0
11633,0.0
11634,0.0
11635,0.0
11636,0.0
11637,0.0
11638,0.09894463901268183
11639,0.036834392093882604
11640,0.04160743034884209
11641,0.5502835665413119
11642,0.07508967731443879
11643,0.08658198622598427
11644,0.0
11645,0.08133927415392705
11646,0.0
11647,0.0
11648,0.0
11649,0.020001759727748297
11650,0.10502749825363557
11651,0.08101343829119621
11652,0.04937407772308892
11653,0.07362494819595772
11654,0.16786248833128378
11655,0.10780210708991574
11656,0.01708256147493352
11657,0.0
11658,0.0
11659,0.07393987755428078
11660,0.0
11661,0.031100792741143423
11662,0.07492978480084449
11663,0.04931680118607159
11664,0.0
11665,0.0
11666,0.0
11667,0.0
11668,0.0
11669,0.0
11670,0.0
11671,0.0
11672,0.0
11673,0.0
11674,0.0
11675,0.0
11676,0.0
11677,0.0
11678,0.0
11679,0.0
11680,0.0
11681,0.0
11682,0.0
11683,0.0
11684,0.0
11685,0.0
11686,0.0
11687,0.0
11688,0.0
11689,0.0
11690,0.0
11691,0.0
11692,0.0
11693,0.0
11694,0.0
11695,0.0
11696,0.0
11697,0.0
11698,0.0
11699,0.0
11700,0.0
11701,0.0
11702,0.0
11703,0.0
11704,0.0
11705,0.0
11706,0.0
11707,0.0
11708,0.0
11709,0.0
11710,0.0
11711,0.0
11712,0.0
11713,0.0
11714,0.0
11715,0.0
11716,0.0
11717,0.0
11718,0.0
11719,0.0
11720,0.0
11721,0.0
11722,0.0
11723,0.0
11724,0.0
11725,0.0
11726,0.0
11727,0.0
11728,0.0
11729,0.0
11730,0.0
11731,0.0
11732,0.0
11733,0.0
11734,0.0
11735,0.0
11736,0.0
11737,0.0
11738,0.0
11739,0.0
11740,0.0
11741,0.0
11742,0.0
11743,0.0
11744,0.0
11745,0.03269473406472849
11746,0.10252867519363633
11747,0.07822584698045339
11748,0.09629730479097673
11749,0.07854167904955282
11750,0.026006294176136962
11751,0.0
11752,0.0
11753,0.0
11754,0.0
11755,0.0
11756,0.0
11757,0.0
11758,0.0
11759,0.0
11760,0.0
11761,0.0
11762,0.0
11763,0.0
11764,0.0
11765,0.0
11766,0.0
11767,0.0
11768,0.0
11769,0.0
11770,0.0
11771,0.0
11772,0.0
11773,0.0
11774,0.0
11775,0.0
11776,0.0
11777,0.0
11778,0.0
11779,0.0
11780,0.0
11781,0.0
11782,0.0
11783,0.0
11784,0.0
11785,0.0
11786,0.0
11787,0.0
11788,0.0
11789,0.0
11790,0.0
11791,0.0
11792,0.0
11793,0.0
11794,0.0
11795,0.0
11796,0.0
11797,0.0
11798,0.0
11799,0.0
11800,0.0
11801,0.0
11802,0.0
11803,0.0
11804,0.0
11805,0.0
11806,0.0
11807,0.0
11808,0.0
11809,0.0
11810,0.0
11811,0.0
11812,0.0
11813,0.0
11814,0.0
11815,0.0
11816,0.0
11817,0.2289163572686552
11818,0.39103048248043387
11819,0.004374562204217243
11820,0.07766323848557619
11821,0.13429633602774999
11822,0.0680897838755569
11823,0.025525997702229925
11824,0.0
11825,0.0
11826,0.0
11827,0.0
11828,0.0
11829,0.0
11830,0.0
11831,0.0
11832,0.0
11833,0.0
11834,0.0
11835,0.0
11836,0.0
11837,0.0
11838,0.0
11839,0.0
11840,0.0
11841,0.0
11842,0.0
11843,0.0
11844,0.0
11845,0.0
11846,0.0
11847,0.0
11848,0.0
11849,0.0
11850,0.0
11851,0.0
11852,0.0
11853,0.0
11854,0.0
11855,0.0
11856,0.0
11857,0.0
11858,0.0
11859,0.0
11860,0.0
11861,0.0
11862,0.0
11863,0.0
11864,0.0
11865,0.0
11866,0.0
11867,0.061082142225331815
11868,0.0740954083826252
11869,0.10595181510783716
11870,0.04222306750056734
11871,0.0
11872,0.0
11873,0.0
11874,0.0
11875,0.0
11876,0.0
11877,0.0
11878,0.0
11879,0.0
11880,0.0
11881,0.0
11882,0.0
11883,0.0
11884,0.06415442701594352
11885,0.04313704186588802
11886,0.0
11887,0.0
11888,0.0
11889,0.05099710252647405
11890,0.0
11891,0.0
11892,0.0
11893,0.0
11894,0.0
11895,0.0
11896,0.0
11897,0.0
11898,0.0
11899,0.0
11900,0.0
11901,0.0
11902,0.0
11903,0.0
11904,0.0
11905,0.0
11906,0.0
11907,0.0
11908,0.0
11909,0.0
11910,0.0
11911,0.0
11912,0.0
11913,0.06391961098995191
11914,0.08073142563948882
11915,0.05977496553753608
11916,0.0
11917,0.0
11918,0.0
11919,0.07013670820856747
11920,0.041879114958220894
11921,0.0
11922,0.0
11923,0.0
11924,0.0
11925,0.0
11926,0.0
11927,0.0
11928,0.0
11929,0.0
11930,0.0
11931,0.0
11932,0.0
11933,0.0
11934,0.0
11935,0.0
11936,0.0
11937,0.0
11938,0.0
11939,0.02868373216521566
11940,0.0665277582103914
11941,0.05525367208408264
11942,0.033934892575814425
11943,0.027381906032502814
11944,0.0
11945,0.0
11946,0.0
11947,0.0
11948,0.0
11949,0.0
11950,0.0
11951,0.0
11952,0.0
11953,0.0
11954,0.0
11955,0.0
11956,0.0
11957,0.0
11958,0.0
11959,0.0
11960,0.0
11961,0.0
11962,0.0
11963,0.0
11964,0.0
11965,0.0
11966,0.0
11967,0.0
11968,0.0
11969,0.0
11970,0.0
11971,0.0
11972,0.0
11973,0.0
11974,0.0
11975,0.0
11976,0.0
11977,0.0
11978,0.0
11979,0.0
11980,0.0
11981,0.0
11982,0.0
11983,0.0
11984,0.0
11985,0.0722190326762834
11986,0.11954110383394934
11987,0.10233779658737008
11988,0.0314415479275572
11989,0.0
11990,0.0
11991,0.0
11992,0.0
11993,0.0
11994,0.0
11995,0.0
11996,0.0
11997,0.0
11998,0.0
11999,0.0
12000,0.0
12001,0.0
12002,0.0
12003,0.0
12004,0.0
12005,0.0
12006,0.0
12007,0.0
12008,0.0
12009,0.05323007274238886
12010,0.08187333105867707
12011,0.06054090036604787
12012,0.0
12013,0.0
12014,0.0
12015,0.0
12016,0.0
12017,0.0
12018,0.0
12019,0.0
12020,0.0
12021,0.0
12022,0.0
12023,0.0
12024,0.0
12025,0.0
12026,0.0
12027,0.0
12028,0.0
12029,0.0
12030,0.0
12031,0.0
12032,0.0
12033,0.0
12034,0.0
12035,0.04702517459452126
12036,0.08570403562177892
12037,0.09288716933235554
12038,0.24606379293107997
12039,0.2990351799559309
12040,0.07419208150610598
12041,0.0
12042,0.0
12043,0.0
12044,0.0
12045,0.0
12046,0.0
12047,0.0
12048,0.0
12049,0.0
12050,0.0
12051,0.0
12052,0.0
12053,0.0
12054,0.0
12055,0.0
12056,0.0
12057,0.0
12058,0.0
12059,0.0
12060,0.0
12061,0.0
12062,0.08936175810185581
12063,0.301517276351653
12064,0.22324549952961936
12065,0.07787648782903804
12066,0.0
12067,0.0
12068,0.0
12069,0.0
12070,0.0
12071,0.0
12072,0.0
12073,0.0
12074,0.0
12075,0.0
12076,0.0
12077,0.0
12078,0.0
12079,0.0
12080,0.07000527054218451
12081,0.10129788196970903
12082,0.09491560692904409
12083,0.0
12084,0.0
12085,0.0
12086,0.0
12087,0.06639775712691816
12088,0.049330024549382095
12089,0.0
12090,0.0
12091,0.0
12092,0.0
12093,0.0
12094,0.0
12095,0.0
12096,0.0
12097,0.0
12098,0.0
12099,0.0
12100,0.0
12101,0.0
12102,0.0
12103,0.0
12104,0.0
12105,0.0
12106,0.0
12107,0.07121629649406105
12108,0.0
12109,0.0
12110,0.0
12111,0.0
12112,0.0
12113,0.0
12114,0.0
12115,0.0
12116,0.0
12117,0.0
12118,0.0
12119,0.0
12120,0.0
12121,0.0
12122,0.0
12123,0.0
12124,0.0
12125,0.0
12126,0.0
12127,0.0
12128,0.0
12129,0.04680289442347494
12130,0.21167965890770588
12131,0.15058811419145504
12132,0.046143897709337134
12133,0.0
12134,0.0
12135,0.09249602292132798
12136,0.15202605162333668
12137,0.15683895272848383
12138,0.0441157998254136
12139,0.0
12140,0.0
12141,0.0
12142,0.0
12143,0.057019642552726145
12144,0.3407040673284044
12145,0.3085602782970281
12146,0.30642747255550806
12147,0.6920333506442744
12148,0.17240218635899343
12149,0.48324450058548113
12150,0.11444832839039036
12151,0.057112067373929216
12152,0.0
12153,0.0
12154,0.0
12155,0.0
12156,0.0
12157,0.0
12158,0.0
12159,0.18577033041780708
12160,0.6921055020456823
12161,0.26977217086873756
12162,0.049727952590837836
12163,0.0
12164,0.0
12165,0.0
12166,0.0
12167,0.0
12168,0.0
12169,0.0788662364167852
12170,0.06673761905114091
12171,0.11086605789783205
12172,0.3354591414958269
12173,0.8518984599046677
12174,0.2106294729106759
12175,0.0
12176,0.0
12177,0.0
12178,0.22091315786943821
12179,0.05999714663316984
12180,0.0
12181,0.0
12182,0.21471899509552467
12183,0.42148255941271
12184,0.3960953455596688
12185,0.34199384298676294
12186,0.3709431706527632
12187,0.8177266732819928
12188,0.3270835051349446
12189,0.39232143570065026
12190,0.4171012794323972
12191,0.5225164168570359
12192,0.10984261865839287
12193,0.0
12194,0.0
12195,0.0
12196,0.0
12197,0.0
12198,0.0
12199,0.0
12200,0.0
12201,0.0
12202,0.0
12203,0.0
12204,0.024195559737656327
12205,0.041372083003873975
12206,0.004323506039908883
12207,0.0574516803675788
12208,0.7734096905335063
12209,0.5324086125992482
12210,0.20566862048261836
12211,0.16103935627474253
12212,0.15380739257585913
12213,0.3918221526029604
12214,0.12464700741811399
12215,0.05912114211778306
12216,0.0
12217,0.0
12218,0.0
12219,0.0
12220,0.0
12221,0.0
12222,0.0
12223,0.0
12224,0.0
12225,0.01891808639877323
12226,0.038199724008344246
12227,0.0
12228,0.03977873578312696
12229,0.0
12230,0.04099140925046179
12231,1.646040068656477
12232,0.9737506201573385
12233,0.1338322211851586
12234,0.143152499919972
12235,0.0360220192129891
12236,0.0
12237,0.0
12238,0.4836339621201749
12239,0.6976649571677369
12240,0.04521606247372915
12241,0.0
12242,0.0
12243,0.0
12244,0.0
12245,0.0
12246,0.0
12247,0.0
12248,0.0
12249,0.0
12250,0.0
12251,0.0
12252,0.0
12253,0.0
12254,0.0
12255,0.0
12256,0.0
12257,0.09097142664773145
12258,0.031258327519994196
12259,0.0
12260,0.0
12261,0.0
12262,0.0
12263,0.0
12264,0.0
12265,0.1299742415525521
12266,0.05608220136794556
12267,0.0750499770761778
12268,0.0
12269,0.0
12270,0.0
12271,0.0
12272,0.0
12273,0.0
12274,0.02373554495257796
12275,0.05195773234550077
12276,0.08004134400078063
12277,0.0751682020596629
12278,0.04570846764933046
12279,0.05889694156780804
12280,0.05923407270339523
12281,0.0
12282,0.0
12283,0.0
12284,0.018261109710242213
12285,0.06897338031668337
12286,0.29410246071456936
12287,0.4014188131233659
12288,0.6169941916610603
12289,0.5011237963418648
12290,0.1624268906820052
12291,0.17993523035910244
12292,0.2268877100566772
12293,0.11078291339847367
12294,0.028614721638041463
12295,0.0
12296,0.04343160424599772
12297,0.0
12298,0.0
12299,0.03378947703483315
12300,0.0
12301,0.0
12302,0.0
12303,0.026051686495460434
12304,0.031645490519865246
12305,0.0
12306,0.0
12307,0.0
12308,0.0
12309,0.0
12310,0.0
12311,0.0
12312,0.0
12313,0.0
12314,0.0
12315,0.0
12316,0.0
12317,0.0
12318,0.0
12319,0.0
12320,0.0
12321,0.06220587992582534
12322,0.09612645541970653
12323,0.0907244912486022
12324,0.2206120202068165
12325,0.29048216862189913
12326,0.1240803988493098
12327,0.019681439147206
12328,0.45766221723096984
12329,0.032042251488190225
12330,0.0
12331,0.0
12332,0.0
12333,0.5494653389759884
12334,0.3475162675595661
12335,0.0
12336,0.0
12337,0.12419891502701166
12338,0.030030303276575684
12339,0.0
12340,0.0
12341,0.0
12342,0.0
12343,0.0
12344,0.0
12345,0.0
12346,0.0
12347,0.0
12348,0.038050847637412934
12349,0.0
12350,0.0
12351,0.01630841928348897
12352,0.1445580033121428
12353,0.20423760033097732
12354,0.025243301203300702
12355,0.26019434014201037
12356,0.2549263590558959
12357,0.4362138525438441
12358,0.17031862516429336
12359,0.19625440319489137
12360,0.33442316219932994
12361,0.36543413357778987
12362,0.341363933537438
12363,0.44776310625220556
12364,0.04774633020235476
12365,0.0
12366,0.0
12367,0.0
12368,0.1263483456440869
12369,0.04489061655265529
12370,0.0
12371,0.0
12372,0.0995601957040982
12373,0.023184002395535246
12374,0.0
12375,0.02346572461716193
12376,0.10629736821991119
12377,0.5523594022785159
12378,0.979770957222771
12379,0.1145464355936528
12380,0.03023146648104306
12381,0.0
12382,0.07230552669145025
12383,0.9002833647841667
12384,0.7498490992139679
12385,0.1708871294759594
12386,0.0
12387,0.0
12388,0.0
12389,0.0
12390,0.0
12391,0.0
12392,0.0
12393,0.0
12394,0.0
12395,0.18990186707519977
12396,0.14157542168367487
12397,0.028375535351434708
12398,0.0
12399,0.12205563650716458
12400,0.21479138992874297
12401,0.46374656659519475
12402,1.0322631195570644
12403,1.046976201607657
12404,0.3062430374414679
12405,0.1174152692280111
12406,0.04841723005927367
12407,0.0
12408,0.0
12409,0.0
12410,0.0
12411,0.15514273888430058
12412,0.716119184864526
12413,0.39974531612182035
12414,0.0
12415,0.0
12416,0.0
12417,0.09976462734539111
12418,0.06782857960657523
12419,0.0
12420,0.0
12421,0.20505551679823192
12422,0.22380783860469344
12423,0.04071109177745626
12424,0.0
12425,0.1199298980512852
12426,0.40188898655422683
12427,0.08645542137905042
12428,0.003458430953645021
12429,0.0
12430,0.04880760058894068
12431,0.0
12432,0.0
12433,0.0
12434,0.05572733337048782
12435,0.13730806216133198
12436,0.08793164942423116
12437,0.0
12438,0.07067966792098584
12439,0.07465895401222773
12440,0.08793594327477282
12441,2.373947354927623
12442,3.4759030212741875
12443,0.38641613327636304
12444,0.5794348993743412
12445,0.6051391791385894
12446,0.2932071322776747
12447,0.0034924810205695937
12448,0.38395124038986883
12449,1.4309126163728692
12450,1.1032619938807287
12451,1.7773440373395188
12452,3.5751369350670132
12453,1.7549314613109654
12454,6.796940177281851
12455,21.142552339755373
12456,7.827843274395946
12457,4.847621006849084
12458,2.714192678450389
12459,1.9065661282707245
12460,0.7873489556045552
12461,0.2470843837452431
12462,0.9268942307054842
12463,2.403934062789325
12464,0.6332252782485523
12465,6.763426492391219
12466,0.4001970930721539
12467,0.2541404770949834
12468,0.11909299947255365
12469,0.11276358851442086
12470,0.7477711164413134
12471,0.8309104949080677
12472,0.9042275677974736
12473,0.5422938454465804
12474,0.1605691622479041
12475,0.028361028312092175
12476,0.041831065898399446
12477,0.10147578828836877
12478,0.2751013857610624
12479,0.25993084436500635
12480,0.12050544500307918
12481,0.04299484192132663
12482,0.03619465727264358
12483,0.02750272158233403
12484,0.08219237416058196
12485,0.06007878685727058
12486,0.13232328123379128
12487,0.09001469799289782
12488,0.12008541447727458
12489,0.3515970153786639
12490,0.38280013796435336
12491,0.2635572886518192
12492,0.19507819896403825
12493,2.0583618298246336
12494,4.214261763799552
12495,4.27911492403393
12496,0.41550531247184713
12497,0.09878791728849809
12498,0.191661421283167
12499,1.1530307139251903
12500,0.7299493835750822
12501,0.03230669616140712
12502,0.04190956436954296
12503,0.08887341706025556
12504,0.0
12505,0.03354878716270257
12506,0.027548224799628974
12507,0.05860928164381835
12508,0.0
12509,0.0
12510,0.2198947718267156
12511,1.020419275889361
12512,0.29441892712939954
12513,0.08761820029679476
12514,0.009169812084194462
12515,0.0
12516,0.0
12517,0.08484748986971524
12518,0.5172969255169367
12519,0.09225165326550833
12520,0.13127708539953428
12521,0.12703579340796572
12522,0.021965075494446602
12523,0.0
12524,0.0
12525,0.04880813104611087
12526,0.0
12527,0.0
12528,0.13534796230638993
12529,0.08285122984220672
12530,0.0
12531,0.3700249619313918
12532,0.48537111901971697
12533,0.38170766287602087
12534,0.8846080356521744
12535,0.28768424711862933
12536,0.24364624646703495
12537,0.17419472540020597
12538,0.21406066527930095
12539,0.07914543472695901
12540,0.0
12541,0.0
12542,0.6344723934958876
12543,1.0845071015832248
12544,0.0070790502483372465
12545,0.11568099520455132
12546,0.0
12547,0.0
12548,0.235959279621231
12549,0.5449431194956058
12550,0.5850363170354743
12551,0.12792458525921238
12552,1.7426861498595645
12553,0.7325110327544874
12554,0.49941146263581815
12555,0.13810420893773223
12556,0.09994266456489781
12557,0.10382487531603793
12558,0.15580727966775088
12559,0.18691120586079096
12560,0.538234593340897
12561,0.10311705806286373
12562,0.06543265573605501
12563,0.041577509676784065
12564,0.08869524628526827
12565,1.1350199263881198
12566,0.34547559971054115
12567,7.220474669218694
12568,5.199272085017878
12569,10.286502024451444
12570,1.7636577712254453
12571,0.24839236809082577
12572,0.11831011374849296
12573,1.5391888281178585
12574,0.0
12575,1.888329649965884
12576,2.009133868515836
12577,0.9804096226013145
12578,1.1605243098175222
12579,0.8414157733168256
12580,0.8190010822624075
12581,0.38418689044474746
12582,0.15096398907016711
12583,0.14963046621772907
12584,0.09040369605603188
12585,0.10324232888202446
12586,0.10583667742455413
12587,0.19980411402359138
12588,0.275207946394242
12589,4.74572421943766
12590,3.691730794197133
12591,4.286043741790264
12592,0.2136038303093049
12593,0.72929623551173
12594,3.696532167614247
12595,1.410382972443279
12596,0.3299108804147806
12597,1.2736278657408302
12598,0.8681659375448313
12599,1.7075803847727806
12600,1.7739639311714621
12601,1.059594509203268
12602,0.42493399343467025
12603,0.31315851354037
12604,0.14539685936511093
12605,0.0025717301890691743
12606,0.0
12607,0.0
12608,0.0
12609,0.056261224330333044
12610,0.11847704376150948
12611,0.12416793501909792
12612,0.09610697507548312
12613,1.8626600970154117
12614,2.9812276655923733
12615,0.32878504607182574
12616,0.5171449331246979
12617,0.26374967551479905
12618,0.274799492928336
12619,0.3295393356028714
12620,0.265736051740493
12621,1.3335705224361134
12622,1.8887183119246433
12623,0.6921419555093703
12624,0.3681365323510739
12625,0.21735800407301373
12626,0.16253619879586037
12627,0.19506267302518177
12628,0.24816866107010394
12629,0.3278548929997736
12630,0.15337674920540953
12631,0.03854202149898005
12632,0.0
12633,0.0
12634,0.023685994702512016
12635,0.0
12636,0.0
12637,0.05702452310528502
12638,0.014012224870064965
12639,0.6621341789625772
12640,2.09998713285284
12641,5.804279935341707
12642,1.6120955880666825
12643,2.949776441407603
12644,0.4222362461213531
12645,0.17506164078148925
12646,0.0
12647,0.0
12648,0.0
12649,0.0
12650,0.0
12651,0.0
12652,0.0
12653,0.0
12654,0.0
12655,0.0
12656,0.0
12657,0.032382511140129216
12658,0.0492205863518654
12659,0.11365983478405706
12660,1.5780770060177787
12661,0.987206254801803
12662,0.4521587206017991
12663,0.9259635607675704
12664,0.474344597560348
12665,0.5156731095211309
12666,0.583996492036646
12667,0.6152792122846934
12668,0.40442119790412034
12669,0.36183428965977965
12670,0.22229091771792422
12671,0.11368204600176653
12672,0.0
12673,0.0
12674,0.0
12675,0.0
12676,0.0
12677,0.0
12678,0.0
12679,0.0
12680,0.0
12681,0.06472532945263697
12682,0.08472255001385785
12683,0.053238447921004815
12684,0.0
12685,0.5496559666767534
12686,0.10075930043898387
12687,0.18378431677828583
12688,0.10672081400568358
12689,1.282477602708161
12690,0.14067104230681776
12691,0.032411087274715845
12692,0.0
12693,0.0
12694,0.0
12695,0.0
12696,0.0
12697,0.0
12698,0.0
12699,0.057539922967423766
12700,0.07360654842758478
12701,0.1879787374620713
12702,0.15676519898436583
12703,0.11528478725705854
12704,0.0
12705,0.039465136974320844
12706,0.054461883268465704
12707,0.0037709558235046537
12708,0.0
12709,0.003986467464916781
12710,0.1667584869576343
12711,0.07906428277882871
12712,0.1406299377554503
12713,0.3259604294654312
12714,0.20979157879303048
12715,0.05338961497639689
12716,0.1945251952442849
12717,0.21871817479424135
12718,0.10126975623998623
12719,0.10324999773048904
12720,0.0981807338017669
12721,0.13737094888410617
12722,0.19510522755677648
12723,0.09680482539284054
12724,0.12005667664418698
12725,0.1912150667797335
12726,0.0724459454929064
12727,0.09621611785277391
12728,0.2377447166965921
12729,0.10941619952870284
12730,0.08672980216299322
12731,0.0
12732,0.0
12733,0.0
12734,0.0
12735,0.0
12736,0.0
12737,0.0
12738,0.0
12739,0.0
12740,0.0
12741,0.0
12742,0.0
12743,0.0
12744,0.08013040362709711
12745,0.06331421742094945
12746,0.07241949868347107
12747,0.03642414067823292
12748,0.0
12749,0.0
12750,0.0
12751,0.0
12752,0.07753649606213409
12753,0.11728645451798202
12754,0.10868847979123501
12755,0.015959065259627488
12756,0.04288919810170203
12757,0.09181298636354975
12758,0.0
12759,0.0
12760,0.03385713190422586
12761,0.0
12762,0.0
12763,0.0
12764,0.0
12765,0.0
12766,0.0
12767,0.0
12768,0.0
12769,0.0
12770,0.0
12771,0.0
12772,0.10658237645594071
12773,0.14559638246509973
12774,0.07677329148572051
12775,0.0637290017677194
12776,0.15132476130871694
12777,0.12556844731761552
12778,0.03550231553545962
12779,0.0
12780,0.0
12781,0.0
12782,0.0
12783,0.0
12784,0.0
12785,0.0
12786,0.0
12787,0.0
12788,0.0
12789,0.0
12790,0.0
12791,0.0
12792,0.0
12793,0.0
12794,0.0
12795,0.0
12796,0.0
12797,0.0
12798,0.0
12799,0.0
12800,0.02095406255530716
12801,0.0713566203859527
12802,0.04424758409917286
12803,0.0
12804,0.0
12805,0.0
12806,0.0
12807,0.0
12808,0.0
12809,0.0
12810,0.0
12811,0.0
12812,0.0
12813,0.025976891614461668
12814,0.0
12815,0.0
12816,0.0
12817,0.0
12818,0.0
12819,0.0
12820,0.0
12821,0.0
12822,0.0
12823,0.0
12824,0.0
12825,0.0
12826,0.0
12827,0.0
12828,0.0
12829,0.0
12830,0.0
12831,0.0
12832,0.1303702283875864
12833,0.0
12834,0.0
12835,0.0
12836,0.018358618011603614
12837,0.4334807829655216
12838,0.11741255237133516
12839,0.0
12840,0.0
12841,0.0
12842,0.0
12843,0.0
12844,0.0
12845,0.0
12846,0.10863969758109215
12847,0.09046878149669137
12848,0.08125026084743295
12849,0.05606499373729766
12850,0.0
12851,0.0
12852,1.7457211078548707
12853,0.6335585552421684
12854,0.2964547142705773
12855,0.5369568074214831
12856,0.6584370129911671
12857,0.1204230585115967
12858,0.09670920327103617
12859,0.3755033697647722
12860,0.24116217953451202
12861,0.1197664275286893
12862,0.14687351741214522
12863,0.06740374509682807
12864,0.0
12865,0.0
12866,0.07143698249077553
12867,0.04441076430479083
12868,0.0
12869,0.0
12870,0.0
12871,0.07408592315915784
12872,0.16162748793107365
12873,0.23335950496262897
12874,0.2069319239928405
12875,0.3534426005680169
12876,0.27180550918723106
12877,0.4582176899216726
12878,1.9387708953819953
12879,3.7675502229390627
12880,0.19679842566511382
12881,1.045975526014743
12882,1.9876182269238376
12883,0.28832332812343603
12884,0.216619304011717
12885,1.2153412032350326
12886,0.12082655154347256
12887,0.22621824675498223
12888,0.19537516491215545
12889,0.2494535903961608
12890,0.25121066961386007
12891,0.08288656422670382
12892,0.4339565555923385
12893,0.3572722298612223
12894,0.25639775754101307
12895,3.053281644846995
12896,0.3726861966600751
12897,0.6227694902206641
12898,2.06543734924823
12899,0.17432297565269234
12900,1.8241770844575138
12901,0.36196526370553866
12902,2.803880294091884
12903,1.6635171728042473
12904,1.125550567017496
12905,0.38844618716892176
12906,0.025657933872602613
12907,0.0
12908,0.0
12909,0.21845799571290814
12910,0.4160570527724501
12911,0.578633429584051
12912,0.09765890493248838
12913,0.2739921903971095
12914,0.3983396986126148
12915,0.2893851330932942
12916,0.21513735396674333
12917,0.6534085765773014
12918,0.9501784259914142
12919,0.041509006974062276
12920,0.2009214666462504
12921,0.40399148516264793
12922,0.19155025346153035
12923,0.3916849483804603
12924,0.15298887054623003
12925,0.10028952510302526
12926,0.037349860736043475
12927,2.5351890730523516
12928,2.71951838685229
12929,0.1923796450976722
12930,0.07660472897559475
12931,0.04319756766423259
12932,0.22950622458057718
12933,1.5468492219606502
12934,0.6629395085228722
12935,0.19995910913087564
12936,0.0
12937,3.111240994950172
12938,0.22303886525345756
12939,0.04631897878726109
12940,0.09126042200485042
12941,1.0243941960046234
12942,0.1549638193474087
12943,0.2643379888225511
12944,0.31759134480403645
12945,0.18668135178235096
12946,0.2795689130617128
12947,0.09403370468446906
12948,0.228980134983556
12949,0.15137545499675517
12950,0.10974400822080692
12951,0.5144632092125757
12952,1.8639258784239716
12953,0.611008562749083
12954,0.2168837155424815
12955,1.4733777036006475
12956,0.3426369639336984
12957,0.8569294227167435
12958,0.5151251468338205
12959,0.351504879308629
12960,0.9331916107163458
12961,1.056712397884296
12962,0.3336449614660764
12963,0.19782430860737432
12964,0.10362962318984026
12965,0.07528723764437076
12966,0.07585525231768184
12967,0.047903203009193394
12968,0.13760134806305035
12969,0.0639196223674723
12970,0.07203819954708124
12971,0.12295742512344936
12972,0.09470139995415906
12973,0.04853654499305582
12974,0.7270568360369483
12975,0.09379703757210517
12976,0.1404245365958134
12977,0.6140758943011725
12978,0.2757225890212803
12979,0.040391748855185185
12980,0.0
12981,0.0
12982,0.16324042928547164
12983,0.05320253137029187
12984,0.0951512299405468
12985,0.005542613434295501
12986,0.14377696498945766
12987,0.05901587778941688
12988,0.02953938900756168
12989,0.0
12990,0.0
12991,0.13434480515289846
12992,0.24502462137952802
12993,0.19639927715079056
12994,0.15406197194235113
12995,0.19162794749696102
12996,0.14947086079967165
12997,0.05113324412511639
12998,0.13438013515234914
12999,0.0822682203024559
13000,0.0
13001,0.0
13002,0.0
13003,0.0
13004,0.0
13005,0.0
13006,0.0
13007,0.0
13008,0.0
13009,0.0
13010,0.0
13011,0.0
13012,0.0
13013,0.0
13014,0.0
13015,0.0
13016,0.0
13017,0.0
13018,0.0510909269149522
13019,0.08988900591478712
13020,0.04863333981833093
13021,0.0
13022,0.0
13023,0.0
13024,0.0
13025,0.0
13026,0.0
13027,0.0
13028,0.0
13029,0.0
13030,0.0
13031,0.0
13032,0.0
13033,0.0
13034,0.0
13035,0.0
13036,0.0
13037,0.0
13038,0.0
13039,0.0
13040,0.0
13041,0.04400642085188366
13042,0.1771667899532697
13043,0.17247374081732303
13044,0.3941780449576423
13045,0.4158436040161562
13046,0.1912411291818487
13047,0.16696893873747304
13048,0.28652902252383317
13049,2.3829440207489667
13050,0.047280032994251396
13051,0.4303597142099148
13052,0.05461660835668137
13053,0.0
13054,0.0
13055,0.0
13056,0.0
13057,0.0
13058,0.0
13059,0.0
13060,0.0
13061,0.0
13062,0.0
13063,0.0
13064,0.0
13065,0.18850378922805858
13066,0.26047122017766405
13067,0.234417235548957
13068,0.1486395546353304
13069,2.7355906976481084
13070,1.2120020995360223
13071,7.7456453929072415
13072,1.0161420268055479
13073,0.6107975007665509
13074,3.52047353434627
13075,0.21176184090331854
13076,1.0826725604567002
13077,4.560735650886646
13078,1.8824392185769006
13079,0.12117309474593455
13080,0.05730013434833393
13081,0.09003276866704946
13082,0.0
13083,0.0
13084,0.0
13085,0.0
13086,0.0
13087,0.0
13088,0.0
13089,0.06519556069385317
13090,0.03728498136559849
13091,0.0
13092,0.0
13093,0.0
13094,0.06584470257434225
13095,0.011888251249599087
13096,0.006555822080589783
13097,0.0
13098,0.0
13099,0.0
13100,0.0
13101,0.0
13102,0.0
13103,0.0
13104,0.0
13105,0.1536775128088494
13106,0.04579116068022717
13107,0.0
13108,0.03170273155223042
13109,0.0
13110,0.0
13111,0.0
13112,0.0
13113,0.03624729723319715
13114,0.07336838263928032
13115,0.04486308639517995
13116,0.0
13117,0.0
13118,0.07013921032421863
13119,0.05154136094285316
13120,0.06374959683490285
13121,0.08617468098881222
13122,0.02383128371147173
13123,0.0
13124,0.0
13125,0.0
13126,0.0
13127,0.07232533179452921
13128,0.026408346353004097
13129,0.10567341390043163
13130,0.09660142280033644
13131,0.0
13132,0.0
13133,0.0
13134,0.0
13135,0.0
13136,0.0
13137,0.0
13138,0.0
13139,0.034809677811724636
13140,0.03006725846893859
13141,0.01689371190013926
13142,0.2867673944107861
13143,0.09676258328237082
13144,0.0
13145,0.0
13146,0.0
13147,0.1308953325762162
13148,0.2637653884749359
13149,0.22707532356586793
13150,0.0
13151,0.0
13152,0.0
13153,0.0
13154,0.0
13155,0.0
13156,0.0
13157,0.0
13158,0.0
13159,0.0
13160,0.0
13161,0.0
13162,0.0
13163,0.04489711010498737
13164,0.0694706382180841
13165,0.100466715099573
13166,0.11155857258359174
13167,0.2858881698569674
13168,0.3437745705681586
13169,0.0621854761917008
13170,0.3182535117697763
13171,0.14594311065822593
13172,0.1411345253143793
13173,0.0
13174,0.0
13175,0.0
13176,0.0
13177,0.0
13178,0.0
13179,0.0
13180,0.0
13181,0.021583981382792914
13182,0.0
13183,0.47244232065875513
13184,0.501916110454572
13185,0.592456669490279
13186,0.45420238368541777
13187,0.03198943380293164
13188,0.006873031196266738
13189,0.18988614897818906
13190,0.5467198887799685
13191,4.0597574201950115
13192,1.5262143391019622
13193,0.6215822758233809
13194,0.4919731493200777
13195,0.5248680719406628
13196,0.37152356815614074
13197,0.1442154422608906
13198,0.2111735106880117
13199,0.6700488604095809
13200,0.34651689504407457
13201,0.1867073537137024
13202,0.13588239913374456
13203,1.1212799705548
13204,1.0064529713791688
13205,2.0670115252717083
13206,1.073484076275526
13207,0.08379811449766067
13208,0.121418840200071
13209,0.055554937886031955
13210,0.22009736673937821
13211,0.08984939994014803
13212,0.11479510874359287
13213,0.6558910012080842
13214,0.17921864119966688
13215,0.13511010773267118
13216,0.023945446905382296
13217,0.018009351748913764
13218,0.0
13219,0.0
13220,0.0
13221,0.0
13222,0.0
13223,0.0
13224,0.0
13225,0.0
13226,0.0
13227,0.0
13228,0.0
13229,0.0
13230,0.0
13231,0.0
13232,0.0
13233,0.16637620677050025
13234,0.13422786417859425
13235,0.2215154903023735
13236,1.3694457323291966
13237,0.8719849143629568
13238,3.401422878759655
13239,0.8175243764336765
13240,4.9609965552563375
13241,1.2660704358919614
13242,3.1824246821999864
13243,0.08361884778417447
13244,0.09732352860085679
13245,0.0
13246,0.08335749496837377
13247,0.08722588258699572
13248,0.02802188991796707
13249,0.01930163233567018
13250,0.05963968573664233
13251,0.21931891808698006
13252,0.13954613990583692
13253,0.15856875765397166
13254,0.1643794619446789
13255,0.22836243981957938
13256,0.20213488351092132
13257,0.21965424975028228
13258,0.3888859644397507
13259,0.7220776719801485
13260,0.3276007040266096
13261,0.23319471355478233
13262,0.25200294545210244
13263,0.8294737855632605
13264,5.412608352820524
13265,0.3969454819194033
13266,0.4176648812893407
13267,0.6047267081102734
13268,0.3111788320500598
13269,1.3610571161522913
13270,0.8551235443927494
13271,0.0536712979764805
13272,0.0
13273,0.0
13274,0.0
13275,0.0
13276,0.0
13277,0.0
13278,0.0
13279,0.0
13280,0.0
13281,0.0
13282,0.09360608085758777
13283,0.06448517102704557
13284,0.043758073745765055
13285,0.07900671684570783
13286,0.2897108728025579
13287,0.16210465828529938
13288,0.8704892987651278
13289,0.13104525445739168
13290,1.1065522122537415
13291,0.8404676249517946
13292,0.0
13293,0.0
13294,0.0
13295,0.0
13296,0.0
13297,0.0
13298,0.0
13299,0.0
13300,0.0
13301,0.0
13302,0.0
13303,0.0
13304,0.0
13305,0.033528754639102105
13306,0.0359223783491526
13307,0.08964786889717274
13308,0.17871739777969123
13309,1.0459814200676285
13310,0.6480755961496045
13311,0.09007927345418347
13312,0.6041050862690893
13313,0.7352343702193751
13314,0.08955204588758697
13315,0.5696044309719579
13316,0.0
13317,0.0
13318,0.0
13319,0.0
13320,0.0
13321,0.0
13322,0.0
13323,0.0
13324,0.0
13325,0.0
13326,0.0
13327,0.0
13328,0.0
13329,0.04894708922145294
13330,0.1026712909087953
13331,0.08886731630705236
13332,0.13132610703491027
13333,0.12546223494596645
13334,0.09387418934959606
13335,0.036367519565024986
13336,0.0
13337,0.03769747543848994
13338,0.0
13339,0.0
13340,0.0
13341,0.0
13342,0.0
13343,0.0
13344,0.0
13345,0.0
13346,0.0
13347,0.0
13348,0.0
13349,0.0
13350,0.0
13351,0.0
13352,0.0
13353,0.15213597517510452
13354,0.1498144866076673
13355,0.1272984494343791
13356,0.3113799246032904
13357,0.16964296684770178
13358,0.19546566174209995
13359,0.02078377954828267
13360,0.09850433532656513
13361,0.0
13362,0.0
13363,0.0
13364,0.0
13365,0.0
13366,0.0
13367,0.0
13368,0.0
13369,0.0
13370,0.0
13371,0.0
13372,0.0
13373,0.0
13374,0.0
13375,0.0
13376,0.0
13377,0.14778075221675682
13378,0.2611046587029243
13379,0.14583159232342016
13380,0.11632519046534419
13381,0.08239932329405136
13382,0.09991379585447159
13383,0.1020587606824394
13384,0.08669659909698275
13385,0.12316613016826843
13386,0.13414205173689447
13387,0.0
13388,0.0
13389,0.0
13390,0.0
13391,0.12675100191269364
13392,0.0
13393,0.0
13394,0.0
13395,0.0
13396,0.0
13397,0.0
13398,0.0
13399,0.0
13400,0.0
13401,0.07501096572188717
13402,0.28088871473894467
13403,0.25087306314346747
13404,0.13628031727537218
13405,0.12908896313364332
13406,1.6058767977306032
13407,0.004156964821164719
13408,0.049978750634400645
13409,0.0
13410,0.09570936306347412
13411,0.0
13412,0.0
13413,0.0
13414,0.0
13415,0.0
13416,0.0
13417,0.0
13418,0.0
13419,0.0
13420,0.0
13421,0.0
13422,0.0
13423,0.0
13424,0.0
13425,0.054633446130910784
13426,0.07972826706766993
13427,0.23395995899592856
13428,0.11394308246315786
13429,0.09318538393905972
13430,0.2924098534153929
13431,6.182436331215225
13432,0.19509926072856312
13433,0.0
13434,0.0
13435,0.0
13436,0.1352640993442826
13437,0.0
13438,0.0
13439,0.0
13440,0.0
13441,0.0
13442,0.0
13443,0.0
13444,0.0
13445,0.0
13446,0.0
13447,0.0
13448,0.0
13449,0.08865786254151754
13450,0.2105427373869467
13451,0.1469417054501626
13452,0.4870278049089814
13453,1.161968389089907
13454,4.466610672847361
13455,0.5087487548818398
13456,0.32159258973863836
13457,0.0646158122377002
13458,0.21463309239759026
13459,0.1541347681925104
13460,0.2588307827689389
13461,0.14360093738430768
13462,0.019063837566866002
13463,0.0
13464,0.0
13465,0.0
13466,0.0
13467,0.0
13468,0.0
13469,0.0
13470,0.0
13471,0.0
13472,0.0
13473,0.03308775717140595
13474,0.09915189217663117
13475,0.06352254422428354
13476,0.0
13477,2.468447705377979
13478,0.295155561377219
13479,1.5209316610123313
13480,1.6447367128640895
13481,1.652549190407075
13482,3.3904933031627857
13483,1.0896253340900706
13484,0.2881436913805555
13485,0.8273225509504374
13486,3.0052721617757463
13487,1.052791657330936
13488,1.1761562147310207
13489,0.3000099050868666
13490,1.0595678930513488
13491,0.40021027236708573
13492,0.08351791740568876
13493,0.005466465548786342
13494,0.07435232332778824
13495,0.09240101195312082
13496,0.08568047372455723
13497,0.06803976696604085
13498,0.02681192126916073
13499,0.03215202507864269
13500,0.026796495599503003
13501,0.03650975009599996
13502,0.06586742507682483
13503,0.243922320775696
13504,0.6155223691437953
13505,0.37179495361247444
13506,0.6315722163604378
13507,0.9286054608195522
13508,0.38671471825434606
13509,1.6329381497851987
13510,2.5089231596571677
13511,2.8137140074654075
13512,2.8747554834400346
13513,1.402216594824255
13514,0.6112989839773129
13515,0.9413813681528538
13516,0.1752675630894814
13517,0.2874459389256468
13518,0.42502808233392253
13519,0.10992140210886546
13520,0.1231604418959911
13521,0.23267559562707313
13522,0.17688581706452278
13523,0.1689297064235303
13524,0.160783218782101
13525,0.0318605650710686
13526,0.012736383590367157
13527,0.5525641821171182
13528,2.3042179312280195
13529,1.8069074784195103
13530,0.9720498879682065
13531,1.1430081844510687
13532,0.15978212852778556
13533,3.424037023367232
13534,0.8199084384967169
13535,0.5420082191135643
13536,1.3461464256432008
13537,1.2493240278502595
13538,0.5172858618371284
13539,0.4452016151572924
13540,0.23613643356677644
13541,0.16317101059704922
13542,0.026987227496342938
13543,0.22325975365027156
13544,0.13738856493449564
13545,0.4773103226882739
13546,0.44100352903211487
13547,0.3174607615282847
13548,0.4025688386638617
13549,2.023937056703925
13550,2.095698962441889
13551,0.20276643578877698
13552,0.15920811738323692
13553,0.854593954681041
13554,0.4864812722962699
13555,0.16730067101924737
13556,0.2512073111353291
13557,0.25069570637032473
13558,0.19401266198181435
13559,0.6903123642600408
13560,1.0269014664424112
13561,0.5519004301169178
13562,0.2782206854190998
13563,0.29867096371718904
13564,0.1402062887438735
13565,0.08099603940785356
13566,0.12867973029679258
13567,0.20046733472578093
13568,0.3635264896021902
13569,0.1527324888374978
13570,0.2777625394721566
13571,0.16998374685618622
13572,0.6967787559568833
13573,5.8363393514824065
13574,4.511601315373001
13575,1.7146443809823968
13576,6.422091648477373
13577,1.5955528624893767
13578,0.7275976986450582
13579,0.9858935681783068
13580,0.5000022947049867
13581,2.48320574955152
13582,1.2095858759687048
13583,0.380224170719732
13584,0.3884298946291499
13585,0.12048319971682744
13586,0.210654678171309
13587,0.17190185709944306
13588,0.13440042456997525
13589,0.5572493011887484
13590,0.9986825673242371
13591,0.2806282867220731
13592,0.27322706620581233
13593,1.4058108128830389
13594,1.6419152745521235
13595,0.38559763563340305
13596,0.2913100233455837
13597,0.3080042595858685
13598,0.397909704697561
13599,1.2438605557884015
13600,0.8873849104075019
13601,0.9019264666440828
13602,0.9512325956321932
13603,0.944381573411096
13604,0.5627895225406504
13605,1.6118536860707935
13606,0.6185001025150696
13607,0.4895295969372197
13608,0.18034881940009465
13609,0.12724524259655948
13610,0.13083203292132048
13611,0.1121455092140316
13612,0.2383504233688084
13613,0.16667577305694908
13614,0.1979960738226369
13615,0.25525461146968936
13616,0.2602465799553298
13617,1.4524979239079974
13618,1.2943589573436334
13619,3.7038355826406884
13620,2.6602870582005704
13621,5.8381858840738765
13622,2.406822486384266
13623,1.4070101687856196
13624,1.3097418976598303
13625,1.5129642593089234
13626,0.7972720194309368
13627,0.35796626016607264
13628,0.4482578347933206
13629,0.6039955060118389
13630,0.34093915842057376
13631,0.9435687069992987
13632,1.9939543338626071
13633,1.4050968004708206
13634,0.8145747319750724
13635,0.8254392363360709
13636,0.6418814230387335
13637,0.4052761242564007
13638,0.6261194069418041
13639,0.49429802886408947
13640,0.4963754547808507
13641,1.5782242498399577
13642,0.933277202532762
13643,1.636215611156581
13644,2.2206336584753994
13645,2.0347626942025596
13646,2.3301146011159157
13647,1.2921556676712949
13648,0.6845067286379627
13649,0.34321053559331616
13650,0.21849675459955084
13651,0.14501580125463165
13652,0.4261532104374854
13653,1.015306697364421
13654,3.717373841556987
13655,2.0122212515831612
13656,1.1459232411194145
13657,1.4247759812940028
13658,2.137441196564308
13659,2.395480728018351
13660,4.451419736841874
13661,5.484628587370179
13662,1.6937781495458932
13663,1.4085618925135233
13664,1.2206215415786867
13665,1.285772845644182
13666,1.1962873417504372
13667,1.2217806043355866
13668,1.5372873900087167
13669,1.4186359005429419
13670,1.6481480535118465
13671,0.6024956160384384
13672,0.4187730664541242
13673,0.5196086877785244
13674,0.978728185596892
13675,1.554498631304963
13676,1.213469806677149
13677,0.7731927336197713
13678,0.9909853425893062
13679,0.41616896162792777
13680,0.25560693480677765
13681,0.39171320773264784
13682,0.5176625796164243
13683,1.559889785841471
13684,1.7755043453045773
13685,0.49154526073131566
13686,1.0138516652548892
13687,0.8994596115053654
13688,1.4144773419265944
13689,3.2794341429745533
13690,4.550186079872232
13691,4.23653588972348
13692,0.9502238088877665
13693,0.5352532188236959
13694,0.8725612393552737
13695,0.35200949390939673
13696,0.46779857017680865
13697,0.31914469916556987
13698,0.34256057427247305
13699,0.46473355484615986
13700,0.18152831664063077
13701,1.3204040214692359
13702,0.6048724145464991
13703,0.8399209664585514
13704,1.3315054974174112
13705,0.4114507899579643
13706,0.7141175150371307
13707,0.6043102459384753
13708,0.5050878983475496
13709,1.0914073646470606
13710,0.5131275784938977
13711,0.3748786989029966
13712,0.31598768854419423
13713,0.42356876695107165
13714,0.48810636779521216
13715,0.7054230077736651
13716,0.7129289685411616
13717,0.5177560210725262
13718,0.427345933054122
13719,1.060335297934391
13720,0.4612443396068017
13721,0.40763499027884037
13722,0.27153017428988985
13723,0.27212539123248214
13724,0.27962775224569436
13725,0.18270326769522055
13726,0.24581752784511693
13727,0.26173327135506586
13728,0.21231125697779152
13729,0.2429144257622717
13730,0.30091282848505946
13731,0.21741156590289082
13732,0.16158081235076743
13733,0.22038323920583633
13734,0.23095049415419516
13735,0.3234358075062801
13736,0.4752084464691724
13737,0.26996968483837896
13738,0.19110061103396037
13739,0.47453361817512923
13740,0.32296872200388965
13741,0.31355864522823174
13742,0.5379771947713504
13743,0.42466155167861797
13744,0.3035763614961417
13745,0.4405940129477119
13746,0.7701657817396607
13747,0.4416332360939641
13748,0.1915003038057669
13749,0.8621574826431515
13750,0.2655909735040176
13751,0.24451846287116052
13752,0.15724397439502194
13753,0.17718096094961172
13754,0.20838607104510262
13755,0.2660871274167287
13756,0.2646604209024454
13757,0.26401512053949044
13758,0.27652280746580876
13759,0.3119319792965672
13760,0.2149843530995367
13761,0.3137596183513105
13762,0.2110703697034278
13763,0.2619476699869734
13764,0.13189478783306635
13765,0.48431951349277613
13766,0.0710154857763026
13767,0.507309448149171
13768,0.9834151570964635
13769,1.4516873790640539
13770,0.1892215461504432
13771,0.4276407285319575
13772,0.3231710245449237
13773,0.5590621826265157
13774,0.36056403156430106
13775,0.4778290646604579
13776,1.50049686968593
13777,0.6604951128350889
13778,1.0919026394671065
13779,1.5010295156748927
13780,0.584217809725937
13781,1.2205234212375395
13782,0.6083898923744425
13783,0.3701041835467458
13784,0.38684697955336944
13785,0.3091320194041945
13786,0.20016170193175925
13787,0.2771875481932942
13788,1.2349217336446243
13789,0.6364017037250179
13790,2.384600865954256
13791,1.5206744012538587
13792,1.6937196896227145
13793,0.49800972421839446
13794,0.4601203204698223
13795,0.40147587647482824
13796,0.25022171503375285
13797,0.2510607563555685
13798,1.2057624260671413
13799,0.5803179095191112
13800,0.29614177683195775
13801,0.12321480684085083
13802,0.12831995826034523
13803,0.21286457484057209
13804,0.3220889909710614
13805,0.2536989041024721
13806,0.1607610051021282
13807,0.29002127895261065
13808,1.3526205929318924
13809,1.0035065089047117
13810,0.7857866807815672
13811,1.2263694551122055
13812,1.2697837884677212
13813,0.7611157083035602
13814,0.4963144616921104
13815,10.806820334868902
13816,1.2504055009548742
13817,0.6822706562084327
13818,1.2574883970687758
13819,3.4752516152805892
13820,0.49779687855267557
13821,0.6278773373949214
13822,1.1431061242741811
13823,0.2566620597353227
13824,0.17136621415547615
13825,0.7751344030008513
13826,0.46923748763825585
13827,0.24835008665745661
13828,0.32379505153442073
13829,0.5490728921015288
13830,1.1724166003815037
13831,0.21390200175368296
13832,0.2805845080106749
13833,0.698791309780578
13834,0.3570992217002852
13835,1.112478504029533
13836,0.3007005223174066
13837,0.20074026888935573
13838,0.23472163720865163
13839,0.2737013500684879
13840,0.33387354993853396
13841,1.0532106233347265
13842,0.3058205892368412
13843,0.536002391970047
13844,0.1576987227133566
13845,0.10797310849225286
13846,0.2680646362429952
13847,0.1837775929994771
13848,0.590475501630022
13849,0.2057271992660194
13850,0.2298335772809385
13851,0.10008997041835455
13852,0.1191555332678979
13853,0.14833930426199185
13854,0.1772684792085845
13855,0.1368558245263522
13856,0.12488221328025793
13857,0.19057259283373948
13858,0.161665600970887
13859,0.06769706518543081
13860,0.23701673773617993
13861,0.6100958747110894
13862,0.3451674869509407
13863,1.6846718232979687
13864,1.7163279324007112
13865,0.9897494414914362
13866,0.3295195011778819
13867,0.20700694165955338
13868,0.4236158870036667
13869,0.15450553046897672
13870,0.16977090235381198
13871,0.31117177709792987
13872,0.3240649850458011
13873,0.2215675776328096
13874,0.10865612929116836
13875,0.20438300377983343
13876,0.297928932754047
13877,0.22604216113704126
13878,0.1368270504835076
13879,0.117798401080833
13880,0.11125034866060671
13881,0.10451654299780302
13882,0.10524236890767917
13883,0.4838598383724536
13884,0.22054930246559892
13885,0.13417938501513668
13886,0.18474999125580976
13887,0.5453771740640028
13888,0.9710772742275442
13889,0.9075740287870914
13890,0.3182019634678816
13891,0.19146519217333965
13892,0.3181121339850233
13893,0.9977825822904689
13894,0.41055753030104514
13895,0.9145554652293124
13896,0.7739247459232571
13897,0.5060964149257404
13898,0.3909937620821236
13899,0.22601422699083298
13900,0.23638932279185312
13901,0.24295165944793037
13902,0.3097340237213928
13903,0.33875592733892
13904,0.277518887941922
13905,0.2925530655673601
13906,0.29474900540738264
13907,0.21293183435007795
13908,0.2128730188534402
13909,0.3150206854066693
13910,0.8299217892775483
13911,1.393912230949541
13912,2.13613261886238
13913,0.7919320416584534
13914,0.21862603744782574
13915,0.1401344078439016
13916,0.2120092741145463
13917,0.7447422120213377
13918,0.33460990504264715
13919,0.31728908852596305
13920,0.20229215712120838
13921,0.19913649336801117
13922,0.1945742403765643
13923,0.3018859125427485
13924,0.28778733488439506
13925,0.30484706213747564
13926,0.40107926986118475
13927,0.3566688098035387
13928,0.3077336134435636
13929,0.38333051038794436
13930,0.3055469597588283
13931,0.17650728647462263
13932,0.521961311431397
13933,0.18223329500396387
13934,0.6524417227439602
13935,0.5370725871183596
13936,0.5996172879560967
13937,0.1495223862048522
13938,0.2445126586294807
13939,0.39091291229668396
13940,0.3831799339311371
13941,0.15935152182948695
13942,0.5191581641755572
13943,0.2268546858880934
13944,0.40330902711633276
13945,0.3600259324662631
13946,1.0758168293206771
13947,0.7112833512742304
13948,0.4115118670930947
13949,0.4208390087024764
13950,0.21339946113076208
13951,0.15748595717435904
13952,0.1664257260503335
13953,0.12347917700627914
13954,0.12130028293471751
13955,0.1108768519150323
13956,0.09815113754776233
13957,0.4386063359826787
13958,0.11544562282992066
13959,0.5644766504960097
13960,0.44272301675585823
13961,1.0364796045824967
13962,0.06636822180900935
13963,0.21618061991432744
13964,0.17748339009488764
13965,0.10127090504229963
13966,0.035176617625932396
13967,0.13431894892787924
13968,0.17136560764993822
13969,0.16409942897099877
13970,0.1326668358950521
13971,0.14367580959814386
13972,0.16531753994030365
13973,0.13721453396709643
13974,0.22170205891535036
13975,0.41366481676306
13976,0.7359845782177092
13977,1.73673129555468
13978,0.5181816631376879
13979,0.3984193874892427
13980,0.591153244563652
13981,0.2907303294898446
13982,0.9575439147929296
13983,0.42979778765239823
13984,0.6956105872961468
13985,0.6133940441592672
13986,0.7362378485387848
13987,0.5302856394253224
13988,0.3225024719307882
13989,0.18438272086347499
13990,0.3009374844527559
13991,0.20151304364852599
13992,0.16866770546569426
13993,0.28246896630101476
13994,0.22898979090802032
13995,0.18813373273579487
13996,0.23628468876821712
13997,0.23153194167429253
13998,0.1737872113602692
13999,0.13885529196026183
14000,0.6024469101890391
14001,0.4098753635985053
14002,0.2063699352000767
14003,0.08624793250659005
14004,0.24143439308538678
14005,0.7405888411142878
14006,0.4773541411918642
14007,0.8144258104546113
14008,0.8906610451684243
14009,0.27054114574697385
14010,0.07613266576081112
14011,0.17683786618885178
14012,0.0650146533586612
14013,0.12384654680694646
14014,0.13517553490625983
14015,0.16157442254533508
14016,0.1974033687813912
14017,0.2525488748211721
14018,0.2934304245100288
14019,0.22219847018419606
14020,0.17968841317314777
14021,0.15874360873867763
14022,0.178853355136751
14023,0.17242818133776316
14024,0.23632969709880416
14025,0.14830334013492152
14026,0.0999948264851085
14027,0.06486887097100476
14028,0.0973663791124577
14029,0.1253174194575493
14030,0.10087577982520943
14031,0.01142609341636931
14032,0.12010473033356012
14033,0.17749851274203768
14034,0.1852132927724121
14035,0.0
14036,0.14515606453491586
14037,0.18833504824681147
14038,0.10532799669340391
14039,0.07016841368312218
14040,0.0
14041,0.05660379893466845
14042,0.03142185966865138
14043,0.13923851467098675
14044,0.12726311000981397
14045,0.08344977600400436
14046,0.02773426166254279
14047,0.0
14048,0.03965609952699926
14049,0.0733549166949743
14050,0.11981149054437226
14051,0.12579036204645735
14052,0.09725213190142669
14053,0.10934804007102211
14054,0.09200498279640316
14055,0.15835232459187587
14056,0.32611170128607436
14057,0.10821317853866998
14058,0.4179033749199635
14059,0.13709257032104477
14060,0.2118256239848395
14061,0.038708092006578355
14062,0.0
14063,0.0
14064,0.0
14065,0.0
14066,0.0
14067,0.0
14068,0.0
14069,0.0
14070,0.0
14071,0.0
14072,0.0
14073,0.03991548920193941
14074,0.055157272621388635
14075,0.10516501842340688
14076,0.13281606310498892
14077,0.14436962065437295
14078,0.4665122745916384
14079,0.27469239297380116
14080,0.6501807101038732
14081,0.2516107756166869
14082,0.13579566610244428
14083,0.026295390484646682
14084,0.0
14085,0.8609953172168883
14086,0.814604470849596
14087,0.37372434410025723
14088,0.0
14089,0.0
14090,0.20484677222557734
14091,0.8848410323623372
14092,0.16070662927488266
14093,0.13743242876189007
14094,0.08164111656650021
14095,0.0778209000193842
14096,0.0
14097,0.035767181840253834
14098,0.08470231482719859
14099,0.1668456673059013
14100,0.21724516551935744
14101,0.998063995387176
14102,0.25788111610504016
14103,0.33192596397184865
14104,0.25326243656912967
14105,0.4881642662889849
14106,0.31642547996544035
14107,0.5656729764564791
14108,1.6509444121630654
14109,0.21294967459232278
14110,0.3154827377319102
14111,1.4210658594666414
14112,1.878092835688475
14113,0.30064966009597394
14114,0.09539142069172891
14115,0.12036553782651895
14116,0.07549629556329109
14117,0.0
14118,0.0
14119,0.0
14120,0.17420233182349254
14121,1.1196310741215492
14122,1.0941193833353664
14123,0.7104827698683948
14124,0.299426875394456
14125,0.4354596425174561
14126,0.3442000128978422
14127,0.42065363777660847
14128,0.15249537062515356
14129,0.09104252226490676
14130,0.0
14131,0.0
14132,0.0
14133,0.0
14134,0.0
14135,0.0
14136,0.0
14137,0.0
14138,0.0
14139,0.0
14140,0.0
14141,0.0
14142,0.0
14143,0.0
14144,0.0
14145,0.0
14146,0.0
14147,0.01736227450108499
14148,0.0723378136691366
14149,0.04817886206136152
14150,0.0560084240041615
14151,0.07489569046947457
14152,0.08682118194214772
14153,0.0
14154,0.0
14155,0.0
14156,0.0
14157,0.0
14158,0.0
14159,0.0
14160,0.0
14161,0.0
14162,0.35898325888272425
14163,1.2344168977418681
14164,0.14974201888530492
14165,0.0
14166,0.0
14167,0.0
14168,0.0
14169,0.0
14170,0.06638885699207453
14171,0.07273242492654729
14172,0.10493760792061763
14173,0.03384429226092956
14174,0.6480378005446912
14175,0.09605739856620218
14176,0.0
14177,0.0
14178,1.5409786583263139
14179,0.14334976123723145
14180,0.05734878275050402
14181,0.20936162410193562
14182,0.20326885926540675
14183,2.678983851512108
14184,0.22586190604901724
14185,0.09414855510234511
14186,0.0
14187,0.0
14188,0.0
14189,0.0
14190,0.0
14191,0.0
14192,0.0
14193,0.0
14194,0.0
14195,0.052208573507557365
14196,0.004392745684810076
14197,0.9491837474865276
14198,0.08451898705492827
14199,0.16910278439729812
14200,2.0011345130522407
14201,0.2858775363745786
14202,0.0
14203,0.0
14204,0.0
14205,0.6010339838916482
14206,0.657875438091172
14207,0.0462525000252762
14208,0.0
14209,0.0
14210,0.0
14211,0.0
14212,0.0
14213,0.0
14214,0.13794768406017333
14215,0.09686700461606218
14216,0.16886174504832213
14217,0.7167260267280449
14218,0.9862912671294384
14219,1.0905520330073315
14220,1.2796035740051606
14221,1.5347442475666035
14222,1.1476694876285294
14223,1.4246089090366416
14224,0.77630573507098
14225,0.3819163166683142
14226,0.24241099169045927
14227,0.0715090859569109
14228,0.0
14229,0.0
14230,0.0
14231,0.0
14232,0.0
14233,0.0
14234,0.0
14235,0.0
14236,0.0
14237,0.0
14238,0.0
14239,0.0
14240,0.0
14241,0.03619831934750594
14242,0.10913843727641087
14243,0.2261617473487916
14244,0.22871431164655442
14245,0.14548581556960133
14246,0.12018270146310663
14247,0.07005775247658015
14248,0.010884430506874338
14249,0.0
14250,0.0
14251,0.0
14252,0.0
14253,0.0
14254,0.0
14255,0.0
14256,0.0
14257,0.0
14258,0.0
14259,0.0
14260,0.0
14261,0.0
14262,0.0
14263,0.0
14264,0.0
14265,0.0
14266,0.0
14267,0.03368397809281132
14268,0.04104813144575563
14269,0.229437653396992
14270,0.17909077965740436
14271,0.09467301805974172
14272,4.41682149632243
14273,0.10905050359681023
14274,0.0
14275,0.0
14276,0.0
14277,0.0
14278,0.0
14279,0.060843645119472524
14280,0.0
14281,0.1993507270367682
14282,0.4182250387383938
14283,0.2936592567645559
14284,0.1434600889622035
14285,0.0
14286,0.0
14287,0.0
14288,0.0
14289,0.0
14290,0.10488726385619118
14291,0.20882807650303462
14292,0.2960851858010585
14293,0.45665403116567826
14294,0.5804489072378766
14295,5.880940275426998
14296,0.1120482988661773
14297,0.41957839097249944
14298,0.9762581526727472
14299,2.4971109424105173
14300,0.21112201287010565
14301,2.6383294029969404
14302,1.6986908729233765
14303,0.698617568195316
14304,0.036084548638345114
14305,0.0
14306,0.07031330444313334
14307,2.18859167668136
14308,0.0
14309,0.0
14310,0.0
14311,0.0
14312,0.0
14313,0.0
14314,0.06186513980959091
14315,0.0
14316,0.10524805424154966
14317,0.09123135010709114
14318,0.0
14319,0.025372619170328535
14320,0.0
14321,0.0
14322,0.049778529914741854
14323,0.0
14324,0.5793047308905138
14325,3.4070956487691664
14326,0.5585907083519489
14327,0.0
14328,0.0
14329,0.0
14330,0.0
14331,0.0
14332,0.0
14333,0.0
14334,0.0
14335,0.0
14336,0.0
14337,0.06184310000859479
14338,0.1678284892219719
14339,0.21121769386638542
14340,0.3550779840165252
14341,9.018759608655163
14342,0.27670205559370314
14343,0.8454182393774125
14344,0.22301299082086287
14345,1.3070132396068939
14346,1.125995894816684
14347,0.051134608960422684
14348,0.0
14349,0.0
14350,0.0
14351,0.0
14352,0.0
14353,0.0
14354,0.0
14355,0.0
14356,0.0
14357,0.0
14358,0.0
14359,0.0
14360,0.0
14361,0.0656057456789655
14362,0.19464115404131946
14363,0.3013461058130603
14364,4.5410403619263935
14365,0.7101350996758437
14366,3.3137996735401476
14367,0.016476752981337137
14368,0.33502238791384703
14369,0.35945773757925886
14370,0.39706824414362696
14371,0.31514451244159125
14372,1.731934970263596
14373,2.5035334350028546
14374,0.1293913057957593
14375,0.294008114528398
14376,0.0
14377,0.0
14378,0.0
14379,0.0
14380,0.0
14381,0.0
14382,0.42208861249805424
14383,0.028285483301617394
14384,0.0
14385,0.003694309650341784
14386,0.1067022802033496
14387,0.1772103901075054
14388,0.17724975453556027
14389,0.11772611059740808
14390,0.7521432154486561
14391,1.0506191107356397
14392,2.7792945656311683
14393,2.213684829756207
14394,0.24750651380431915
14395,1.1526097712562062
14396,3.5502699442515904
14397,1.1620267731041063
14398,0.0481902381139934
14399,0.0
14400,0.0
14401,0.0
14402,0.0
14403,0.0
14404,0.0
14405,0.0
14406,2.2041042058349896
14407,0.08437415001203394
14408,0.015588914578600909
14409,0.1269933082526253
14410,0.020758419982722993
14411,0.029225612113200367
14412,0.0
14413,0.02013559456864748
14414,0.18464069926756688
14415,3.4202097500833677
14416,0.11143465302404758
14417,1.6247383669160416
14418,1.17104996334206
14419,0.21378458093349845
14420,0.09920108418554592
14421,0.8543104874204244
14422,0.9422361581604635
14423,1.9312395641232847
14424,0.931724270615211
14425,0.8712771432913751
14426,0.2793695187018695
14427,1.3793720298862102
14428,1.0429882358645401
14429,1.0833927971943647
14430,0.20065044199647886
14431,0.22285703480320582
14432,0.11144062816236304
14433,0.2508644138736423
14434,0.05210687659654965
14435,0.07188178997413208
14436,0.07824795567846174
14437,0.11730386741531633
14438,0.12065234124782623
14439,0.16666811330739487
14440,1.447731941830883
14441,0.42226625568086446
14442,0.07414593675112957
14443,0.0
14444,0.0
14445,0.0
14446,0.0
14447,0.0
14448,0.0
14449,0.0
14450,0.0
14451,0.0
14452,0.0
14453,0.0
14454,0.0
14455,0.0
14456,0.0
14457,0.0
14458,0.18020199350467633
14459,0.37819911225450586
14460,0.25905269253843183
14461,0.2587943572327087
14462,0.5275028963498646
14463,2.4659639417892487
14464,0.34007821966031354
14465,0.08168782672804378
14466,0.0
14467,0.0
14468,0.0
14469,0.03671309067963578
14470,0.05326116159773721
14471,1.1080180545527267
14472,0.9080125430643984
14473,0.03418015248921321
14474,0.027310846742478218
14475,0.13118308421674987
14476,0.015297833524768496
14477,0.0
14478,0.0
14479,0.0
14480,0.0
14481,0.04498753710583015
14482,0.17776020643176396
14483,0.32982304466351137
14484,0.3459729473468907
14485,0.23282598323230458
14486,0.3056202852790876
14487,0.22961782000315145
14488,0.32610165447731365
14489,0.07317443276795314
14490,0.0
14491,0.0
14492,0.0
14493,0.0
14494,0.0
14495,0.0
14496,0.0
14497,0.0
14498,0.0
14499,0.0636268594456133
14500,0.0
14501,0.0
14502,0.0
14503,0.0
14504,0.0
14505,0.053729380823269564
14506,0.06060987574402161
14507,0.20784582031033683
14508,0.2703963498003899
14509,17.688854621327224
14510,3.824691965704047
14511,0.0
14512,0.029523123059485155
14513,0.0
14514,0.0
14515,0.0
14516,0.0
14517,0.0
14518,0.0
14519,0.0
14520,0.0
14521,0.0
14522,0.0
14523,0.0
14524,0.0
14525,0.0
14526,0.0
14527,0.0
14528,0.0
14529,0.0
14530,0.1862702590420296
14531,0.32907377461116355
14532,1.3412667686275823
14533,1.2150530104985116
14534,0.22739067022243614
14535,5.308023347182425
14536,0.04498337033284415
14537,0.12189367881699209
14538,0.3907987343458513
14539,0.0740758355587882
14540,0.0
14541,0.0
14542,0.0
14543,0.0
14544,0.0
14545,0.0
14546,0.0
14547,0.0
14548,0.07789181735821112
14549,0.0
14550,0.0
14551,0.0
14552,0.04737500045985348
14553,0.14216578849247016
14554,0.2410531546558305
14555,0.24637233651269644
14556,0.20320591302750196
14557,0.33345331920567833
14558,0.3632616741142351
14559,0.7068145345612609
14560,0.2922042444349299
14561,1.7472101550449908
14562,0.9626436303532508
14563,0.2147381833808456
14564,0.15082027110429763
14565,1.8921311890112238
14566,0.7899493327407204
14567,1.2812295684149204
14568,0.5067230686924608
14569,0.9154978769672426
14570,0.2496798651663224
14571,0.11649809387909203
14572,0.0
14573,0.0
14574,0.0
14575,0.0
14576,0.0
14577,0.0
14578,0.0
14579,0.10939035993602371
14580,0.1365948555080475
14581,0.25715165474066226
14582,0.27347629591831313
14583,0.35916902950474744
14584,0.5522360469203922
14585,1.4842911054772394
14586,0.11225340131258746
14587,0.1695369588136608
14588,0.07201150416276263
14589,0.00038898562049512653
14590,0.0
14591,0.0
14592,0.0
14593,0.0
14594,0.0
14595,0.0
14596,0.0
14597,0.0
14598,0.0
14599,0.0
14600,0.0
14601,0.0
14602,0.10285739084290768
14603,0.16091433807850414
14604,1.984625105081833
14605,2.862395142747841
14606,0.0074222414974225775
14607,0.059590931064923594
14608,0.10038752423536944
14609,0.0
14610,0.0
14611,0.0
14612,0.0977494552665048
14613,0.3680276736518293
14614,0.7198097391804842
14615,0.5613750200830676
14616,0.35638559546400306
14617,0.19220441960963977
14618,0.11146783392041014
14619,0.0
14620,0.0
14621,0.1373948987462758
14622,3.2706708623796157
14623,4.962216252404433
14624,1.3166109476474865
14625,0.47894107432269123
14626,0.30830366986658325
14627,0.4810338441317424
14628,0.6401911943581673
14629,0.5394046563139804
14630,0.3797755294331089
14631,0.39379980843797285
14632,0.5034171782965013
14633,1.393455651752965
14634,0.2305960455416798
14635,0.06062575122444058
14636,0.0
14637,0.0
14638,0.0
14639,2.4328366765340665
14640,1.9148335753029886
14641,0.22191248598541113
14642,0.07112492513535994
14643,0.0
14644,0.0
14645,0.0
14646,0.0
14647,0.0
14648,0.0
14649,0.0
14650,0.01674678516858586
14651,0.031107602837409067
14652,0.11605833819159753
14653,1.9783720424841889
14654,1.8058551737048925
14655,0.008372690143586567
14656,0.4161291191207489
14657,0.12974209514491028
14658,1.130010479827471
14659,0.22733697410146497
14660,0.2033784747810836
14661,0.6175423757465381
14662,0.19507736625718944
14663,0.023241655072919108
14664,0.0
14665,0.0
14666,0.0
14667,0.0
14668,0.0
14669,0.0
14670,0.0
14671,0.0
14672,0.0
14673,0.0
14674,0.0
14675,0.0
14676,0.0
14677,0.0
14678,0.0
14679,0.29456896496256757
14680,0.404150433088198
14681,0.08548928102663138
14682,0.5040941081218503
14683,0.05781502691133131
14684,0.0
14685,0.18623286046976648
14686,0.4590283700537467
14687,0.24909675330429415
14688,0.6557274258414795
14689,0.09899060123843707
14690,0.1498472076814354
14691,0.2589574384811642
14692,0.07671533267802015
14693,0.0
14694,0.0
14695,0.0
14696,0.027833669607699372
14697,0.06338879077538014
14698,0.03327678342789384
14699,0.0
14700,0.03805673907690058
14701,0.06959942627190206
14702,0.11324708877634135
14703,0.106921471598883
14704,0.22651693172214754
14705,4.538793094823938
14706,3.2907010698034154
14707,0.2779819328074342
14708,0.1913031508465578
14709,0.03704736938435947
14710,0.0
14711,0.044431975906119046
14712,0.11270081013660026
14713,0.0
14714,0.0
14715,0.0
14716,0.0
14717,0.0
14718,0.0
14719,0.0
14720,0.0
14721,0.0
14722,0.055345103112141594
14723,0.10890711908414391
14724,0.04939652835530226
14725,0.0
14726,0.0
14727,1.259135977563895
14728,0.1988396390407538
14729,0.5232360533343843
14730,0.3877837335402518
14731,0.30436929646561645
14732,0.10360340891289814
14733,0.0
14734,0.0
14735,0.0
14736,0.0
14737,0.0
14738,0.0
14739,0.0
14740,0.0
14741,0.0
14742,0.0
14743,0.0
14744,0.0
14745,0.062218596832627496
14746,0.10830463417833208
14747,0.1362757943409647
14748,0.11834204134333487
14749,0.22342283099203003
14750,0.2201270757098165
14751,3.5595014691367584
14752,0.11724955955060411
14753,0.15533910965718345
14754,0.032870713207279786
14755,0.07953024845595452
14756,0.0
14757,0.0
14758,0.0
14759,0.0
14760,0.0
14761,0.0
14762,0.0
14763,0.0
14764,0.0
14765,0.0
14766,0.0
14767,0.0
14768,0.039541218609206966
14769,0.6523180597312944
14770,0.5947746433637666
14771,0.9778908636299495
14772,1.2905986857020273
14773,1.9089857531500132
14774,0.1116587192316963
14775,0.24652790630517935
14776,0.1501564230414526
14777,0.3498182552660285
14778,0.12279186700436348
14779,0.0
14780,0.0
14781,0.11117491137324874
14782,0.11678499096349136
14783,0.9057131589658391
14784,0.94853643311395
14785,1.5532333306995547
14786,1.1129700019354403
14787,0.9341411397523787
14788,3.4736032937703705
14789,5.871125857854015
14790,5.040809150497782
14791,4.86404003772202
14792,4.343920684382959
14793,14.508798335924233
14794,6.8634758906734685
14795,7.0109973617714445
14796,8.819071598709884
14797,5.7874936800780805
14798,4.192834716220874
14799,13.194123526880333
14800,8.655701472262374
14801,2.874443775251436
14802,6.815466283485602
14803,4.654233240345368
14804,3.1202035456525983
14805,1.810891829368015
14806,0.8118283503427915
14807,1.0446673871865215
14808,0.46616437123251725
14809,0.4180128239693074
14810,0.19945977095240344
14811,0.29573535956986124
14812,0.08058617429025547
14813,0.06476688069259524
14814,0.05380574837393241
14815,0.10356792345365069
14816,0.022346936224349058
14817,0.12528637254556402
14818,0.08001244915464326
14819,0.03579773147355581
14820,0.0
14821,0.10489015019620558
14822,0.05104054876875307
14823,3.2275892752395596
14824,0.05831514668901293
14825,0.3156271237141034
14826,1.7180596871913887
14827,0.021102981587899194
14828,0.8608090685619407
14829,0.11894085366510712
14830,0.047730889164645705
14831,0.03332029672652028
14832,0.0
14833,0.0
14834,0.0
14835,0.6105054336616896
14836,0.29983346249069986
14837,0.15631186412891432
14838,0.2120078815597139
14839,0.1673117882700109
14840,0.1117436634887549
14841,0.2099168279871446
14842,0.24207070425547378
14843,0.09288739658728139
14844,0.1978154690098072
14845,0.07040231683362755
14846,0.03141124922990534
14847,0.25986455791000534
14848,1.6830882717732296
14849,0.21444934815104497
14850,0.8647099264777536
14851,0.21577479300225885
14852,0.28170335992843454
14853,0.7431253786899225
14854,0.7091130791618792
14855,0.9934140937896235
14856,2.11759591144622
14857,0.7376608606145307
14858,1.5678957061821428
14859,1.5701873493867715
14860,1.5282887181745635
14861,2.489256440419871
14862,3.421175855495958
14863,2.2137545368678793
14864,1.7872854321660843
14865,2.4813026769210964
14866,2.8137075115317
14867,0.8682148318621744
14868,1.0279513740636392
14869,1.8855196572853596
14870,0.6206795062550025
14871,1.8008130126677522
14872,0.8533250742811653
14873,0.6714313934761992
14874,0.6628041758390343
14875,0.5016541412344913
14876,0.32263901631188646
14877,0.6913776053676909
14878,0.38456611888400805
14879,0.2728081594891176
14880,0.29139407332020756
14881,0.18044781022173703
14882,0.18481410468835455
14883,0.17675353558219037
14884,0.2115253381300364
14885,0.19943328711633626
14886,0.12509390173774979
14887,0.0
14888,0.012448075897637521
14889,0.18798319246448772
14890,0.34528767697893015
14891,3.1787340907064836
14892,0.20168746169249419
14893,0.2932803568244722
14894,0.3038276517131308
14895,0.5228431054704467
14896,0.4384516058622856
14897,0.2759261081570398
14898,0.11027861157101607
14899,0.0
14900,0.06464305711548383
14901,0.1690061703178683
14902,0.07991514884427779
14903,0.0
14904,0.0
14905,0.0
14906,0.0
14907,0.0
14908,0.0
14909,0.0
14910,0.0
14911,0.0
14912,0.0
14913,0.0
14914,0.06404430476232742
14915,0.09993400382727621
14916,0.04764141132226786
14917,0.02856297276671855
14918,0.0
14919,4.483093675108461
14920,5.232473448197696
14921,2.8164994224976363
14922,0.21213808621989014
14923,0.0
14924,0.0
14925,0.0
14926,0.0
14927,0.0
14928,0.0
14929,0.0
14930,0.0
14931,0.0
14932,0.0
14933,0.0
14934,0.0
14935,0.0
14936,0.0
14937,0.0
14938,0.0
14939,0.1371298930626888
14940,0.10676841178419459
14941,0.06809053685268357
14942,0.1504279654136731
14943,1.8710919385567293
14944,0.7186806204099223
14945,0.03737142314263195
14946,0.0
14947,0.0
14948,0.0
14949,0.0
14950,0.0
14951,0.0
14952,0.0
14953,0.0
14954,0.0
14955,0.0
14956,0.0
14957,0.0
14958,0.0
14959,0.0
14960,0.0
14961,0.0
14962,0.049139403968961826
14963,0.11209739502880953
14964,0.08764403284799999
14965,0.15278942229510664
14966,0.16697417325708905
14967,0.5011593867437881
14968,1.7149086616747409
14969,0.0
14970,0.0
14971,0.0
14972,0.0
14973,0.0
14974,0.0
14975,0.0
14976,0.0
14977,0.0
14978,0.0
14979,0.0
14980,0.0
14981,0.0
14982,0.0
14983,0.0
14984,0.0
14985,0.0
14986,0.10485377210114837
14987,0.18015954263600403
14988,0.9007306957167628
14989,6.473300916566618
14990,0.09354378936829097
14991,0.022667147880811814
14992,0.0
14993,0.041830031775350364
14994,0.14983164077434788
14995,0.0
14996,0.0
14997,0.9291570225649947
14998,1.5124443893856612
14999,0.6968155816314728
15000,0.26171445966222995
15001,0.10258941013481958
15002,0.0
15003,0.0
15004,0.0
15005,0.0
15006,0.07480196964276105
15007,0.14909558599871858
15008,0.12633272573298163
15009,0.056195858031034066
15010,0.13650621751710945
15011,0.4039415632727236
15012,0.32990527090237265
15013,1.8626523055017767
15014,0.2146901978628535
15015,0.24236723839602484
15016,0.17224210527286218
15017,0.7427539343346494
15018,0.5541447679883786
15019,0.1565312499499133
15020,0.0
15021,0.061350987984522765
15022,0.22961222293861605
15023,0.060657199817725556
15024,0.0
15025,0.0
15026,0.0
15027,0.0
15028,0.0
15029,0.0
15030,0.0
15031,0.0
15032,0.0
15033,0.08980846810822844
15034,0.1479312008731184
15035,0.3124392083254863
15036,0.019345659950237338
15037,0.12447188344974035
15038,0.06365781735264178
15039,0.15623549288040264
15040,0.12578088583595814
15041,0.012065807325339422
15042,0.26379195883867845
15043,0.22663733421332796
15044,0.0
15045,0.0
15046,0.0
15047,0.0
15048,0.0
15049,0.21809394895508252
15050,0.06397895693890115
15051,0.0
15052,0.14744962507902046
15053,0.28695875645546637
15054,0.0
15055,0.0
15056,0.0
15057,0.34704061485313964
15058,2.496233985073637
15059,7.511060314898166
15060,1.2964208551308012
15061,0.9613996132211055
15062,1.106042462604235
15063,1.055032588506968
15064,1.0300927885444644
15065,1.1832946335925667
15066,0.49208312269230803
15067,0.13769958146069636
15068,0.0
15069,0.05133364024981929
15070,0.08031787954208985
15071,0.09642776875883212
15072,0.07506332167735454
15073,0.08294455424272436
15074,0.258638515546141
15075,0.3228545405268013
15076,0.04202484709851556
15077,0.17846204119880701
15078,0.07387601646715058
15079,0.21228859471892964
15080,0.06394338761512008
15081,0.3166828840571997
15082,0.17660260623549678
15083,0.20347920919564652
15084,0.29334033693259237
15085,0.7511976516559897
15086,0.5714092964669288
15087,0.3967047726958389
15088,0.19339994284838666
15089,0.0625806850052059
15090,0.0
15091,0.0
15092,0.0
15093,0.0
15094,0.0
15095,0.0
15096,0.0
15097,0.0
15098,0.0
15099,0.0
15100,0.0
15101,0.0
15102,0.0
15103,0.0
15104,0.0
15105,0.1044191989635217
15106,0.40075740248093206
15107,0.451066422444753
15108,0.06364812080283695
15109,0.09802674136184605
15110,0.11511267471704285
15111,0.13474656379243072
15112,0.08314914235525253
15113,0.007568632112312352
15114,0.0
15115,0.0
15116,0.0
15117,0.8420184443817638
15118,0.12657587195058673
15119,0.0
15120,0.0
15121,0.09280642884717955
15122,0.15806028382779755
15123,0.1695142686486236
15124,0.15156456078931918
15125,0.0
15126,0.0
15127,0.0
15128,0.0
15129,0.029557460813654284
15130,0.017141698395440098
15131,0.029004184848457668
15132,0.0
15133,0.0
15134,0.0
15135,0.0
15136,0.0
15137,0.0
15138,0.0
15139,0.0
15140,0.0
15141,0.0
15142,0.0
15143,0.0
15144,0.0
15145,0.0
15146,0.0
15147,0.0
15148,0.0
15149,0.0
15150,0.0
15151,0.0
15152,0.0
15153,0.0
15154,0.0
15155,0.0
15156,0.0
15157,0.06520624364029284
15158,0.13811663874049995
15159,0.3109639893557999
15160,0.03257635559556357
15161,0.0
15162,0.0
15163,0.0
15164,0.46620107921555676
15165,0.0
15166,0.0
15167,0.0
15168,0.007243119857667033
15169,0.0
15170,0.0
15171,0.0
15172,0.0
15173,0.0
15174,0.0
15175,0.0
15176,0.0
15177,0.06902889951823804
15178,0.08831693411839077
15179,0.16519561535941907
15180,0.2450913642031461
15181,1.1872991444883847
15182,0.04042562600029808
15183,0.19806505216379724
15184,1.0342352391593117
15185,0.0
15186,0.0
15187,0.0
15188,0.0
15189,0.0
15190,0.0
15191,0.0
15192,0.0
15193,0.0
15194,0.0
15195,0.0
15196,0.0
15197,0.0
15198,0.0
15199,0.0
15200,0.0
15201,0.03865833598241038
15202,0.17733080743957236
15203,0.3713540132401428
15204,1.8619886345148786
15205,0.5210270362272517
15206,0.20105018197166252
15207,0.21847022634602567
15208,0.03921298816197365
15209,0.06638422866427648
15210,0.06814480974017754
15211,0.0
15212,0.058770784969009206
15213,0.0
15214,0.06399867631114894
15215,0.0
15216,0.0
15217,0.0
15218,0.0
15219,0.0
15220,0.11030538685997522
15221,0.0
15222,0.0
15223,0.0
15224,0.0
15225,0.07042643817621964
15226,0.5045250818690203
15227,0.33699802068507156
15228,0.2393739725887471
15229,2.1023407394846196
15230,0.09066577242986457
15231,0.0
15232,0.0
15233,0.0
15234,0.0
15235,0.0
15236,0.0
15237,0.0
15238,0.15037305862630893
15239,0.15706766536510072
15240,0.0
15241,0.0
15242,0.0
15243,0.0
15244,0.0
15245,0.0
15246,0.0
15247,0.0
15248,0.08451313482303648
15249,0.3381326511222715
15250,0.5198221532883303
15251,0.34249947210623144
15252,0.40517146728710335
15253,2.0277887546684012
15254,0.8905805673963064
15255,0.0
15256,0.029546165580545562
15257,0.1456848663318146
15258,0.12194230471877598
15259,0.11875258416664546
15260,0.1522380927796915
15261,1.1338444603684537
15262,0.7424382629956097
15263,0.5296241104657345
15264,0.15943694202199693
15265,0.12532480216055056
15266,0.1830260305868231
15267,0.22902253459245084
15268,0.07742753189958865
15269,0.0
15270,0.0
15271,0.0
15272,0.0
15273,0.0
15274,0.028755264664165288
15275,0.06766697766842165
15276,1.195480169038039
15277,0.5230171119745692
15278,0.0
15279,0.24940644800457326
15280,1.8853287709414421
15281,1.823601313517563
15282,1.1258994187966014
15283,0.5307415216469012
15284,0.4996832067688946
15285,0.874020249784484
15286,0.3182431066486523
15287,0.40107042812583144
15288,0.3968264256979995
15289,0.42080794064462085
15290,0.14514760700740137
15291,0.012754003699845593
15292,0.0
15293,0.0
15294,0.0
15295,0.0
15296,0.0
15297,0.04761342089704351
15298,0.06886741905983855
15299,0.0570627144947558
15300,0.07672669826719014
15301,0.051327532151733246
15302,0.0
15303,0.4386034015654603
15304,0.2352240085417414
15305,0.5704681088919723
15306,0.07102422234785793
15307,0.1608199910602365
15308,0.500635153173031
15309,0.41440078837840794
15310,1.2491648574233238
15311,0.9923673466090782
15312,0.6939609679396253
15313,0.3004572211522171
15314,0.2903282381339797
15315,0.3024011134788941
15316,0.11612476302769455
15317,0.05962248629575062
15318,0.030111623662163828
15319,0.024371895732579446
15320,0.07357764274912415
15321,0.18918860292983186
15322,2.474952435468464
15323,0.19699236417727947
15324,0.2769836156115096
15325,0.20699580292247954
15326,0.1310652825132977
15327,0.0967468290794396
15328,0.016436579840278596
15329,0.04239733427057209
15330,0.12093060531880022
15331,0.11956807356972184
15332,0.18241196538944474
15333,0.25290223665068723
15334,0.13241258913494444
15335,0.1777922316107562
15336,0.11593537395617778
15337,0.0650591416036117
15338,0.29893881145171763
15339,0.2539022147105333
15340,0.105461224732137
15341,0.08410962398201134
15342,0.1031281408414167
15343,0.05228331382690625
15344,0.022636591880448063
15345,0.038059648154505486
15346,0.0
15347,0.1371861649018015
15348,0.10523454370215213
15349,0.0
15350,0.0
15351,0.054824049021132554
15352,0.0
15353,0.2625353485555338
15354,0.4617853686906433
15355,0.2552253022498018
15356,0.24303848923373408
15357,0.27289020548454296
15358,0.06892315268148526
15359,0.0
15360,0.0
15361,0.0
15362,0.0
15363,0.0
15364,0.0
15365,0.0
15366,0.0
15367,0.0
15368,0.0
15369,0.0
15370,0.02199796771253659
15371,0.059516549288365805
15372,0.26952792539569903
15373,11.08803655987511
15374,0.36972048116456707
15375,0.2099009497931806
15376,0.0
15377,0.06681637349202245
15378,0.0
15379,0.0
15380,0.0011684547210004924
15381,0.02398457124633035
15382,0.0
15383,0.0
15384,0.023956761515267492
15385,0.36178917409287864
15386,0.31535120300731145
15387,0.06616993096624156
15388,0.0
15389,0.0
15390,0.0
15391,0.0
15392,0.0
15393,0.06601253695889928
15394,0.12763196968944757
15395,0.27574532542710356
15396,2.3047605758423213
15397,1.8869605655958603
15398,0.11065469976398538
15399,0.3120856161392444
15400,0.15097066153859304
15401,0.0
15402,0.0
15403,0.0
15404,0.0
15405,0.0
15406,0.0
15407,0.0
15408,0.08928515392622263
15409,0.1494025786742241
15410,0.14920808551453513
15411,0.6090418833556652
15412,0.33733610049139806
15413,0.25218960051680456
15414,0.3946415329298268
15415,0.4046464286306291
15416,0.17409735211513916
15417,0.1293138233602458
15418,0.11730791250998428
15419,0.2084278543620604
15420,0.20017150947778198
15421,0.25510508109087804
15422,0.23607993681193812
15423,0.1671412242659283
15424,0.11354219427768422
15425,0.06462476486932814
15426,0.0
15427,0.0
15428,0.0
15429,0.03961692024154513
15430,0.0
15431,0.08055260604899096
15432,0.0
15433,0.12887049761636277
15434,0.1739553042743414
15435,0.38740290445583103
15436,0.5742519474906238
15437,0.4843257313875039
15438,1.5194123036494807
15439,0.3873159225659556
15440,0.6095112813580978
15441,9.014613022356654
15442,4.313325268764213
15443,1.0947123623115347
15444,0.4913854457424626
15445,0.33611817516070597
15446,0.11874020018624054
15447,0.08008472356259713
15448,0.0
15449,0.0
15450,0.0
15451,0.017692083201737416
15452,0.11624574991919986
15453,0.8658241893037906
15454,0.5975704617605317
15455,0.30761009819591395
15456,0.20311285958042657
15457,0.17292231942465267
15458,0.07223307049984701
15459,0.12009356210759291
15460,0.08251670776271551
15461,0.02153150454817969
15462,0.0
15463,0.0
15464,0.0
15465,0.10476300185618632
15466,0.3387949865003104
15467,0.38627611006782875
15468,0.26120748024712853
15469,0.1232309539558959
15470,0.01986985536408916
15471,0.253563010773126
15472,0.419369848419461
15473,0.2625662254883067
15474,0.13967603482211938
15475,0.26472917077759267
15476,0.9559027678793802
15477,1.3199600113346606
15478,0.5625760585003502
15479,0.22541643263035913
15480,0.061040931678304225
15481,0.024000227223060163
15482,0.03971351970102254
15483,0.0
15484,0.0
15485,0.0
15486,0.0
15487,0.0
15488,0.0
15489,0.04592062735469031
15490,0.03238378951932139
15491,0.0
15492,0.5788590902315323
15493,0.07136033646856622
15494,0.06307907448894597
15495,0.047991165428079574
15496,0.050866676199025164
15497,0.0762932723973933
15498,0.08860486787208673
15499,0.049840945132948206
15500,0.0
15501,0.0
15502,0.0
15503,0.0
15504,0.0
15505,0.0
15506,0.0
15507,0.0
15508,0.0
15509,0.0
15510,0.0
15511,0.01644221890467829
15512,0.0
15513,0.0
15514,0.0
15515,0.0
15516,0.014603220789252054
15517,0.16947343494730394
15518,0.06323467543705663
15519,0.04323162784200563
15520,0.10881915851301126
15521,0.0
15522,0.0
15523,0.06545087562356333
15524,0.554271830027826
15525,0.8487546424085364
15526,0.21109909336952512
15527,0.07763547500737807
15528,0.0
15529,0.0
15530,0.13960193754465838
15531,0.1264865293545367
15532,0.0
15533,0.0
15534,0.0
15535,0.0
15536,0.0
15537,0.0
15538,0.06920666123499727
15539,0.02354465290738675
15540,0.03877567800427195
15541,0.0
15542,0.04354253015409379
15543,0.42221664098491296
15544,1.778517898095622
15545,5.638725951695888
15546,1.074461050266017
15547,0.23332264726764748
15548,0.5098143148094033
15549,0.09378433430187348
15550,0.11904249169557368
15551,0.1543616668750452
15552,0.2484021974097637
15553,0.48320703248877994
15554,0.1786764710958706
15555,0.0
15556,0.0
15557,0.0
15558,0.053001743354358595
15559,0.0
15560,0.0
15561,0.1206977059852431
15562,0.09300729710016248
15563,0.3882191983189247
15564,0.32994157226658505
15565,0.25555137189557064
15566,0.8480872407085683
15567,0.28633858962766
15568,0.09469609999486109
15569,0.0038303678541660034
15570,0.0
15571,0.0
15572,0.0
15573,0.0
15574,0.0
15575,0.0
15576,0.0
15577,0.0
15578,0.0
15579,0.0
15580,0.0
15581,0.0
15582,0.0
15583,0.0
15584,0.0
15585,0.005520563814844243
15586,0.0015541753026103592
15587,0.2670297120135642
15588,0.24238226761410261
15589,0.04020139972355305
15590,0.12619022861705048
15591,0.24599174201495758
15592,0.08661889945596603
15593,0.1761820941148226
15594,0.1559771206708639
15595,0.0
15596,0.14907752777936467
15597,0.9561478638425687
15598,1.6569040403910111
15599,1.4822160030176001
15600,1.5695823335176726
15601,0.964111665456867
15602,1.021683433985029
15603,0.378954805194012
15604,0.44758349886269433
15605,0.3933971791451466
15606,0.3955496712995449
15607,0.9205055986885038
15608,0.7070933458634581
15609,0.43557933442639074
15610,0.33977233430168635
15611,0.7361101970732894
15612,0.33287461410568076
15613,1.6248187383509844
15614,0.45834355516808944
15615,0.8435212627650115
15616,1.2598130292753358
15617,1.147723611677478
15618,0.7135325126483758
15619,0.481599526672548
15620,0.41594618697974145
15621,0.535282790133197
15622,0.6742004190517462
15623,0.8553125632069364
15624,0.5723398001538605
15625,0.41215001150016817
15626,0.9669251936354869
15627,0.10478505211127014
15628,0.14630862766633335
15629,0.2665959501489827
15630,0.13821589735877773
15631,0.006910487298571004
15632,0.0
15633,0.27759789196576873
15634,0.38858159646522017
15635,0.3934238152131019
15636,0.5024060921195037
15637,10.853361211045863
15638,0.49091531610803707
15639,0.8516613053162125
15640,1.1035540656952378
15641,0.38639384177279784
15642,0.2918178208641504
15643,0.23485862210824857
15644,0.0484566584020781
15645,0.0
15646,0.08322768638134727
15647,0.04182020777188735
15648,0.04062544493901423
15649,0.0857769550682415
15650,0.030427092771864228
15651,0.0
15652,0.30419184758889617
15653,0.22351995043174602
15654,0.124873285482899
15655,0.0
15656,0.18731359307554493
15657,0.2960917260859955
15658,0.3960403865750862
15659,0.11469208090805819
15660,0.023818592863950452
15661,0.6872373947421179
15662,0.6661903978425997
15663,9.246546455730071
15664,0.6524938421899443
15665,0.8273569005881586
15666,3.105198484539994
15667,0.5745500454911915
15668,1.998516958817435
15669,0.4995878099882166
15670,0.14032721408327792
15671,0.6340968286640349
15672,1.6017295761322932
15673,1.0928980304477944
15674,1.3607688451991211
15675,1.1036825173645035
15676,2.8894992494122813
15677,3.6955203548148026
15678,3.293145314455512
15679,3.0160357349681197
15680,1.5542557887186395
15681,0.04208098762364154
15682,0.07960219152783288
15683,0.08722498103720032
15684,0.7159250954402515
15685,19.49364662934044
15686,3.469118715556036
15687,7.074957179378162
15688,0.8049124330991843
15689,2.713947483411085
15690,0.257298769396238
15691,0.12810171846683396
15692,0.028468679169095647
15693,0.07229214721752693
15694,0.012016994853030505
15695,0.0
15696,0.0
15697,1.050397949273665
15698,1.021978390661411
15699,0.05607818431654303
15700,0.0
15701,0.0
15702,0.0
15703,0.0
15704,0.0
15705,0.0
15706,0.09946756083557365
15707,0.2802406353033325
15708,0.13229120177224035
15709,0.17335296747362428
15710,0.0890399203533758
15711,0.12401031981239222
15712,0.8924760301282807
15713,0.027680557601740766
15714,0.0
15715,0.0
15716,0.03128483936534222
15717,0.0
15718,0.0
15719,0.0
15720,0.0
15721,0.0
15722,0.0
15723,0.0
15724,0.0
15725,0.0
15726,0.0
15727,0.0
15728,0.0
15729,0.05818957703997524
15730,0.09853141951280903
15731,0.052671160345204804
15732,2.950489411648722
15733,7.352365714512021
15734,0.16215714264662168
15735,0.2680887169425999
15736,0.22049532030139274
15737,0.08173935372707468
15738,0.0
15739,0.0
15740,0.011472578100337817
15741,0.06788528053728914
15742,0.36597008024078126
15743,0.6956962799716625
15744,0.04723891745069105
15745,0.0021267524444533665
15746,0.0
15747,0.0
15748,0.0
15749,0.0
15750,0.0
15751,0.04881265728710473
15752,0.0
15753,0.14940376920683196
15754,0.12629638588397743
15755,0.2763063364638012
15756,1.0187752213669072
15757,0.5840258235100911
15758,0.4591325592070121
15759,0.05532612832502845
15760,0.0
15761,0.0
15762,0.0
15763,0.0
15764,0.0
15765,0.0
15766,0.0
15767,0.0
15768,0.0
15769,0.0
15770,0.0
15771,0.0
15772,0.0
15773,0.0
15774,0.0
15775,0.0
15776,0.0
15777,0.0
15778,0.07952551759896126
15779,0.14336417809516985
15780,0.13413465972962754
15781,0.16164363318184874
15782,0.13743807647193296
15783,0.08601244157382075
15784,0.14746908034527345
15785,0.12025250963751323
15786,0.0
15787,0.0
15788,0.0
15789,0.0
15790,0.0
15791,0.0
15792,0.0
15793,0.0
15794,0.0
15795,0.0
15796,0.0
15797,0.0
15798,0.0
15799,0.0
15800,0.0
15801,0.0
15802,0.07077091017420677
15803,0.15353786540393596
15804,0.2881725421866735
15805,0.653331672055979
15806,2.4257764561114454
15807,0.44880212714933576
15808,0.07932783746556243
15809,0.0
15810,0.08244141759185487
15811,0.0
15812,0.0
15813,0.0
15814,0.0
15815,0.0
15816,0.0
15817,0.0
15818,0.0
15819,0.0
15820,0.0
15821,0.0
15822,0.0
15823,0.0
15824,0.0
15825,0.054094970076090536
15826,0.0997617760891253
15827,0.26634849993049575
15828,0.353635877645386
15829,0.39783567637582407
15830,1.2183133149250214
15831,2.383227494372161
15832,0.1991889807360647
15833,0.445873038103126
15834,0.26683843496699
15835,0.09391286733857554
15836,0.131587129556479
15837,0.0
15838,0.0
15839,0.0
15840,0.0
15841,0.0
15842,0.0
15843,0.0
15844,0.0
15845,0.0
15846,0.0
15847,0.0
15848,0.0
15849,0.03546101092764835
15850,0.1449535098613563
15851,0.2145601369937084
15852,0.41842579494151944
15853,2.142575106385621
15854,0.8122361827414496
15855,0.11113105110694214
15856,0.15047502711675642
15857,0.05445574064526481
15858,0.0
15859,0.016361612208331246
15860,0.0
15861,0.0
15862,0.0
15863,0.0
15864,0.0
15865,0.0
15866,0.0
15867,0.0
15868,0.0
15869,0.0
15870,0.0
15871,0.0
15872,0.0
15873,0.06018119929678021
15874,0.15057491994434935
15875,0.18152605199094873
15876,0.12276436016004481
15877,0.004634022648008471
15878,0.16840198727358036
15879,0.3528659367294713
15880,0.24452332242709857
15881,0.10918267856939366
15882,0.06972718787725027
15883,0.004444070825940332
15884,0.0
15885,0.0
15886,0.9097542457881072
15887,0.8041849379350773
15888,0.6700017479078613
15889,0.3980937419551496
15890,0.10886298846250661
15891,0.0049738019990951555
15892,0.0
15893,0.0
15894,0.0
15895,0.0
15896,0.0
15897,0.49139311282696413
15898,0.874721817770657
15899,2.5279694700405204
15900,0.3028050175656055
15901,0.15883969230117148
15902,0.10641333721484948
15903,0.007591629251832094
15904,0.0
15905,0.02989033695819203
15906,0.19770529045054924
15907,0.20496953424784844
15908,0.0
15909,0.0
15910,0.06696539072415172
15911,0.0
15912,0.0
15913,0.013419543074254778
15914,0.0
15915,0.704037921840056
15916,0.0
15917,0.0
15918,0.0
15919,0.6210067170547194
15920,0.15667588294957566
15921,0.5787577123562153
15922,2.3508175091848944
15923,1.244192949208475
15924,0.7043814285093466
15925,0.4958200163563208
15926,0.47304252277588854
15927,3.305424228316355
15928,0.14770798582092437
15929,0.13380212835702562
15930,0.10276522225248733
15931,0.08722793905208104
15932,0.0
15933,0.0
15934,0.0
15935,0.0
15936,0.0
15937,0.0
15938,0.0
15939,0.0
15940,0.0
15941,0.0
15942,0.0
15943,0.0
15944,0.0
15945,0.0
15946,0.07285247901538938
15947,0.14143613803670071
15948,0.3710487126070129
15949,4.578015099157426
15950,1.673040030162198
15951,2.63978356843791
15952,2.2188271653148974
15953,0.5287334193592098
15954,0.02478221895976013
15955,0.0
15956,0.0
15957,0.0
15958,0.0
15959,0.0
15960,0.0
15961,0.0
15962,0.0
15963,0.0
15964,0.0
15965,0.0
15966,0.0
15967,0.0
15968,0.0
15969,0.0
15970,0.0
15971,0.05841308833774765
15972,0.07438955841745708
15973,0.13800474815485944
15974,0.15830416647233198
15975,0.08394141860321017
15976,0.0
15977,0.0
15978,0.0
15979,0.0
15980,0.0
15981,0.0
15982,0.0
15983,0.0
15984,0.0
15985,0.0
15986,0.0
15987,0.0
15988,0.0
15989,0.0
15990,0.0
15991,0.0
15992,0.0
15993,0.10494645843201844
15994,0.17714989228355976
15995,0.16575134670773703
15996,0.1972301753746701
15997,0.12149837606676928
15998,0.12425562952770904
15999,0.07123346162005173
16000,0.08932439611603328
16001,0.05923227562292303
16002,0.0
16003,0.0
16004,0.0
16005,0.0
16006,0.0
16007,0.0
16008,0.0
16009,0.0
16010,0.0
16011,0.0
16012,0.0
16013,0.0
16014,0.0
16015,0.0
16016,0.0
16017,0.0
16018,0.0
16019,0.0
16020,0.0
16021,0.0
16022,0.0
16023,0.0
16024,0.0
16025,0.0
16026,0.0
16027,0.0
16028,0.0
16029,0.0
16030,0.0
16031,0.0
16032,0.0
16033,0.0
16034,0.0
16035,0.0
16036,0.0
16037,0.0
16038,0.0
16039,0.0
16040,0.0
16041,0.0
16042,0.12997627386883706
16043,0.20945442613653464
16044,0.16491174862523103
16045,0.23104893798050072
16046,0.2402311142108608
16047,0.07904049072621083
16048,0.0
16049,0.0
16050,0.0
16051,0.0
16052,0.0
16053,0.0
16054,0.0
16055,0.0
16056,0.0
16057,0.0
16058,0.0
16059,0.0
16060,0.0
16061,0.0
16062,0.0
16063,0.0
16064,0.0
16065,0.0
16066,0.0
16067,0.0
16068,0.008552736958730933
16069,0.0
16070,0.0
16071,0.0
16072,0.0
16073,0.0
16074,0.0
16075,0.0
16076,0.0
16077,0.0
16078,0.0
16079,0.0
16080,0.0
16081,0.0
16082,0.0
16083,0.0
16084,0.0
16085,0.0
16086,0.0
16087,0.0
16088,0.0
16089,0.1638446768524791
16090,0.19123824586947186
16091,0.08307841807386988
16092,0.06526509955158963
16093,0.0
16094,0.0
16095,0.0
16096,0.0
16097,0.0
16098,0.0
16099,0.0
16100,0.0
16101,0.0
16102,0.0
16103,0.0
16104,0.0
16105,0.0
16106,0.0
16107,0.0
16108,0.0
16109,0.0
16110,0.0
16111,0.0
16112,0.03787600052171233
16113,0.1982246304152077
16114,0.28655382297145837
16115,0.4630897620374239
16116,0.34893724753714894
16117,0.0856717232404892
16118,0.0
16119,0.0
16120,0.0
16121,0.0
16122,0.0
16123,0.0
16124,0.0
16125,0.0
16126,0.0
16127,0.0
16128,0.0
16129,0.0
16130,0.0
16131,0.0
16132,0.0
16133,0.0
16134,0.0
16135,0.0
16136,0.0
16137,0.0
16138,0.0
16139,0.0
16140,0.0
16141,0.0
16142,0.05346369047286695
16143,0.10933646205596016
16144,0.0
16145,0.0
16146,0.0
16147,0.0
16148,0.0
16149,0.0
16150,0.0
16151,0.0
16152,0.0
16153,0.0
16154,0.0
16155,0.0
16156,0.0
16157,0.0
16158,0.0
16159,0.0
16160,0.0
16161,0.0
16162,0.26443015939246056
16163,0.5690756424593736
16164,0.16126433341870547
16165,0.0
16166,0.0
16167,0.0
16168,0.0
16169,0.0
16170,0.0
16171,0.0
16172,0.0
16173,0.0
16174,0.0
16175,0.0
16176,0.0
16177,0.0
16178,0.0
16179,0.0
16180,0.0
16181,0.0
16182,0.0
16183,0.0
16184,0.0
16185,0.07418390961242208
16186,0.10739958750977481
16187,0.2708079827260867
16188,0.2011154417654366
16189,1.1006886193460546
16190,0.09438412538348216
16191,0.11594617551954746
16192,0.5913528753909335
16193,0.0
16194,0.0
16195,0.0
16196,0.0
16197,0.0
16198,0.0
16199,0.0
16200,0.0
16201,0.0
16202,0.0
16203,0.0
16204,0.0
16205,0.0
16206,0.0
16207,0.0
16208,0.0
16209,0.0
16210,0.0
16211,0.0
16212,0.0
16213,0.0
16214,0.0
16215,0.014988872217659564
16216,0.08319594248269499
16217,0.09346733699561315
16218,0.0
16219,0.0
16220,0.0
16221,0.0
16222,0.0
16223,0.0
16224,0.0
16225,0.0
16226,0.0
16227,0.0
16228,0.0
16229,0.0
16230,0.0
16231,0.0
16232,0.0
16233,0.0645733791417298
16234,0.10637476282232279
16235,0.07672430521276923
16236,0.004223175787887842
16237,0.10708350233709102
16238,0.28664848297532664
16239,0.09325858380951364
16240,0.0
16241,0.0
16242,0.0
16243,0.0
16244,0.0
16245,0.0
16246,0.0
16247,0.0
16248,0.0
16249,0.0
16250,0.0
16251,0.0
16252,0.0
16253,0.0
16254,0.0
16255,0.0
16256,0.0
16257,0.03580449548543955
16258,0.14541938011449698
16259,0.10533380036353597
16260,0.12102136746371688
16261,0.03490327613020786
16262,0.024623078898578187
16263,0.0758606545608609
16264,0.07185329408338242
16265,0.0
16266,0.0
16267,0.0
16268,0.0
16269,0.09142532964397557
16270,0.08206722430446287
16271,0.08948574466440636
16272,0.0
16273,0.0
16274,0.0
16275,0.0
16276,0.0
16277,0.0
16278,0.0
16279,0.0
16280,0.0
16281,0.0
16282,0.11829420909613872
16283,0.04377409828224144
16284,0.0
16285,0.0
16286,0.0
16287,0.0
16288,0.0
16289,0.0
16290,0.0
16291,0.0
16292,0.0
16293,0.0
16294,0.0
16295,0.0
16296,0.0
16297,0.0
16298,0.0
16299,0.0
16300,0.0
16301,0.0
16302,0.0
16303,0.0
16304,0.0
16305,0.0
16306,0.10634908811481285
16307,0.17475222511665106
16308,0.17189258409569028
16309,0.27454706268559054
16310,0.38962920361287584
16311,0.0628893941191272
16312,0.03233287817458284
16313,0.0
16314,0.0
16315,0.0
16316,0.0
16317,0.0
16318,0.0
16319,0.0
16320,0.0
16321,0.0
16322,0.0
16323,0.0
16324,0.0
16325,0.0
16326,0.0
16327,0.0
16328,0.0
16329,0.0
16330,0.08381700439322605
16331,0.15359831399282894
16332,0.08525687418235894
16333,0.0
16334,0.0
16335,0.0
16336,0.0
16337,0.0
16338,0.0
16339,0.0
16340,0.0
16341,0.0
16342,0.0
16343,0.0
16344,0.0
16345,0.0
16346,0.0
16347,0.0
16348,0.0
16349,0.0
16350,0.0
16351,0.0
16352,0.0
16353,0.02779032367967965
16354,0.03575787629875387
16355,0.04217457472117759
16356,0.12472633930947113
16357,0.20762183435176468
16358,0.20900979462017405
16359,0.10520401027609008
16360,0.0
16361,0.0
16362,0.0
16363,0.0
16364,0.0
16365,0.0
16366,0.0
16367,0.0
16368,0.0
16369,0.0
16370,0.0
16371,0.0
16372,0.0
16373,0.0
16374,0.0
16375,0.0
16376,0.0
16377,0.03562018130635643
16378,0.005858216367544086
16379,0.0015027158610480273
16380,0.0
16381,0.04779815254342895
16382,0.007638641354851015
16383,0.005704601524543996
16384,0.10932133639537871
16385,1.1056894255022758
16386,0.5924187559745675
16387,0.0
16388,0.0
16389,0.0
16390,0.0
16391,0.0
16392,0.0
16393,0.0
16394,0.0
16395,0.0
16396,0.0
16397,0.0
16398,0.0
16399,0.0
16400,0.0
16401,0.030564223281207253
16402,0.06864860496773813
16403,0.10623720715740709
16404,0.17307094588009475
16405,0.7163944319138108
16406,0.5130172750090987
16407,0.2602576559377229
16408,0.11425410412663481
16409,0.025380033792319335
16410,0.03959776039366874
16411,0.032537203028144605
16412,0.0
16413,0.0
16414,0.0
16415,0.0
16416,0.0
16417,0.0
16418,0.0
16419,0.0
16420,0.0
16421,0.0
16422,0.0
16423,0.0
16424,0.0
16425,0.017963412663824195
16426,0.03400525616557192
16427,0.025952766750776016
16428,2.810318710643843
16429,0.2827670830625089
16430,0.2461958977084153
16431,1.083013451050146
16432,0.07336705302987666
16433,0.08055460989755224
16434,0.1062063983735936
16435,0.0
16436,0.0
16437,0.0
16438,0.0
16439,0.0
16440,0.0
16441,0.0
16442,0.0
16443,0.0
16444,0.0
16445,0.0
16446,0.0
16447,0.0
16448,0.0
16449,0.048899074194675804
16450,0.16043974702769492
16451,0.11083151581493147
16452,0.0
16453,0.10104839332500343
16454,0.7693287142080071
16455,0.06330778808880251
16456,0.0
16457,0.0
16458,0.0
16459,0.0
16460,0.0
16461,0.0
16462,0.0
16463,0.0
16464,0.0
16465,0.0
16466,0.0
16467,0.0
16468,0.0
16469,0.0
16470,0.0
16471,0.0
16472,0.0
16473,0.03507879596700289
16474,0.13837019749877494
16475,0.29642903152401906
16476,0.06673273759516958
16477,0.0
16478,0.0
16479,0.13430413242248754
16480,0.0
16481,0.0
16482,0.0
16483,0.0
16484,0.0
16485,0.0
16486,0.0
16487,0.0
16488,0.0
16489,0.0
16490,0.0
16491,0.0
16492,0.0
16493,0.0
16494,0.0
16495,0.0
16496,0.0
16497,0.0
16498,0.11613789899260664
16499,0.43966200981293857
16500,0.38732189544265117
16501,0.09565203503754581
16502,0.04032391795946034
16503,1.5280615738397705
16504,0.11077365898597379
16505,0.0
16506,0.0
16507,0.0
16508,0.0
16509,0.0
16510,0.0
16511,0.0
16512,0.0
16513,0.0
16514,0.0
16515,0.0
16516,0.0
16517,0.0
16518,0.0
16519,0.0
16520,0.0
16521,0.0
16522,0.05516386555584808
16523,0.14993492039693407
16524,0.27059983599619714
16525,0.236017911801934
16526,0.3069607173061183
16527,0.24553774424328895
16528,0.05332723577693876
16529,0.0
16530,0.0
16531,0.0
16532,0.0
16533,0.0
16534,0.0
16535,0.4701871094327239
16536,0.2794121411576791
16537,0.06271985677596323
16538,0.0
16539,0.0
16540,0.0
16541,0.0
16542,0.0
16543,0.0
16544,0.0
16545,0.0
16546,0.05512296893067851
16547,0.0
16548,0.03405492870942682
16549,0.5166693195249054
16550,0.37998597816200586
16551,0.0059325516317240215
16552,0.0
16553,0.09279093175750974
16554,0.0
16555,0.0
16556,0.31124885343271597
16557,5.261592239362509
16558,3.121680236182467
16559,1.537659259488634
16560,2.8767049055051133
16561,1.5122180747025564
16562,2.9066319501458815
16563,0.0714176746006779
16564,0.5419309257694943
16565,4.194151586382506
16566,2.3201321908723616
16567,0.5458248597872952
16568,0.036009404805187224
16569,0.0
16570,0.052294972732814284
16571,0.3072078259398526
16572,0.36185950015137025
16573,0.3691621992814071
16574,0.21433846803476944
16575,0.13368292340359667
16576,0.1211209953061162
16577,0.16491666841660463
16578,0.07125949036935572
16579,0.09453141557611675
16580,0.0
16581,0.0
16582,0.0
16583,0.0
16584,0.0
16585,0.0
16586,0.0
16587,0.0
16588,0.0
16589,0.0
16590,0.0
16591,0.0
16592,0.0
16593,0.0
16594,0.0
16595,0.0
16596,0.10290933369557297
16597,0.14053388100394362
16598,0.8748423473054383
16599,0.08752261615055885
16600,0.08484288521827676
16601,0.8504347895277825
16602,4.154222299479502
16603,0.0
16604,0.0
16605,0.0
16606,0.0
16607,0.0
16608,0.0
16609,0.0
16610,0.0
16611,0.0
16612,0.0
16613,0.0
16614,0.0
16615,0.0
16616,0.0
16617,0.0
16618,0.0749560794975473
16619,0.17744498740493622
16620,0.13727113034123808
16621,0.09376654041072113
16622,0.5348508741458372
16623,1.3384514662843319
16624,0.06018124153368611
16625,0.0
16626,0.0
16627,0.0
16628,0.0
16629,0.0
16630,0.0
16631,0.0
16632,0.0
16633,0.0
16634,0.0
16635,0.0
16636,0.0
16637,0.0
16638,0.0
16639,0.0
16640,0.0
16641,0.0
16642,0.23346984745033153
16643,0.5262164230513774
16644,0.8277880629301148
16645,0.9022029840794332
16646,0.5154062805094155
16647,0.1926475209304796
16648,0.13550968836194208
16649,0.0
16650,0.0
16651,0.0
16652,0.0
16653,0.0
16654,0.0
16655,0.0
16656,0.0
16657,0.0
16658,0.0
16659,0.0
16660,0.0
16661,0.0
16662,0.0
16663,0.0
16664,0.0
16665,0.05419153145241433
16666,0.04820188479992597
16667,0.09957860321595587
16668,0.18067478193778638
16669,0.28313981401350224
16670,0.23037584686948184
16671,0.9617781595250988
16672,0.08931959480910935
16673,0.0
16674,0.10595444101490041
16675,0.0
16676,0.0
16677,0.0
16678,0.09930083034536427
16679,0.13835152070129325
16680,0.0
16681,0.0
16682,0.0
16683,0.0
16684,0.0
16685,0.0
16686,0.08683637732370156
16687,0.21739416222172467
16688,0.4652212810435974
16689,0.29013867767261986
16690,0.3307927918813655
16691,0.09418884813974833
16692,0.1808581848048817
16693,0.6863604563395782
16694,0.9380768896117624
16695,0.13546585332160282
16696,0.023514836601268022
16697,0.0
16698,0.0
16699,0.0
16700,0.0
16701,0.0
16702,0.0
16703,0.0
16704,0.0
16705,0.0
16706,0.0
16707,0.0
16708,0.0
16709,0.0
16710,0.0
16711,0.0
16712,0.10527702034510336
16713,3.2269081914373143
16714,1.8020692793759185
16715,0.7368503631062254
16716,0.14163252423283448
16717,0.3012824839932831
16718,0.2671998758733887
16719,0.1339836950077681
16720,0.08427504126932225
16721,0.20583609487017665
16722,0.0
16723,0.0
16724,0.0
16725,0.0
16726,0.0
16727,0.0
16728,0.0
16729,0.0
16730,0.0
16731,0.0
16732,0.0
16733,0.0
16734,0.0
16735,0.0
16736,0.0
16737,0.3988297381004622
16738,2.8129341550252325
16739,1.9620555768029266
16740,1.1166916405299823
16741,1.4251247459382712
16742,0.3657459502392052
16743,0.24162786832263644
16744,0.0
16745,0.0
16746,0.0
16747,0.0
16748,0.0
16749,0.0
16750,0.0
16751,0.0
16752,0.0
16753,0.0
16754,0.0
16755,0.0
16756,0.0
16757,0.0
16758,0.0
16759,0.0
16760,0.0
16761,0.0
16762,0.09107283286777103
16763,0.20197207264877948
16764,0.17429694544325433
16765,1.428683871464042
16766,0.6745852126157091
16767,0.017067783617602205
16768,0.0
16769,0.0
16770,0.0
16771,0.0
16772,0.0
16773,0.07145603781997094
16774,3.335390925813529
16775,0.11298220548675318
16776,0.10691918398387626
16777,0.0
16778,0.0
16779,0.0
16780,0.0
16781,0.0
16782,0.0
16783,0.0
16784,0.0
16785,0.0
16786,0.0
16787,0.0
16788,0.0
16789,0.0
16790,0.0
16791,0.0
16792,0.0
16793,0.0
16794,0.0
16795,0.2279309106569328
16796,0.45536449488368347
16797,0.07953395326259051
16798,0.0
16799,0.11838731447324762
16800,0.0624582984476393
16801,0.0
16802,0.0
16803,0.0
16804,0.0
16805,0.0
16806,0.0
16807,0.0
16808,0.0
16809,0.0
16810,0.00930612857361073
16811,0.04992812101708137
16812,0.9615539309567135
16813,3.5011692701673254
16814,0.1845316514867174
16815,0.26297100038695725
16816,0.04809247647811456
16817,0.0
16818,0.0
16819,0.0
16820,0.006640222625207657
16821,0.0
16822,0.0
16823,0.0
16824,0.0
16825,0.0
16826,0.0
16827,0.0
16828,0.0
16829,0.0
16830,0.0
16831,0.0
16832,0.0
16833,0.0
16834,0.0
16835,0.0
16836,0.0
16837,0.0
16838,0.0
16839,0.0
16840,0.0
16841,0.0
16842,0.0
16843,0.0
16844,0.0
16845,0.0
16846,0.0
16847,0.0
16848,0.0
16849,0.0
16850,0.0
16851,0.0
16852,0.0
16853,0.0
16854,0.0
16855,0.0
16856,0.0
16857,0.0
16858,0.0
16859,0.049400955848124116
16860,0.21301773036798918
16861,0.18142674450754429
16862,0.0
16863,0.0
16864,0.0
16865,0.0
16866,0.0
16867,0.0
16868,0.0
16869,0.0
16870,0.0
16871,0.0
16872,0.0
16873,0.0
16874,0.0
16875,0.0
16876,0.0
16877,0.0
16878,0.0
16879,0.0
16880,0.0
16881,0.0
16882,0.0
16883,0.0
16884,0.05039149861939528
16885,0.1439864734841322
16886,0.10493367811496605
16887,0.0
16888,0.0
16889,0.0
16890,0.0
16891,0.0
16892,0.0
16893,0.0
16894,0.0
16895,0.0
16896,0.0
16897,0.0
16898,0.0
16899,0.0
16900,0.0
16901,0.0
16902,0.0
16903,0.0
16904,0.0
16905,0.0
16906,0.0
16907,0.0
16908,0.0
16909,0.0
16910,0.11024252904606027
16911,0.11427066396090461
16912,0.0
16913,0.0
16914,0.0
16915,0.0
16916,0.0
16917,0.0
16918,0.0
16919,0.0
16920,0.0
16921,0.0
16922,0.0
16923,0.0
16924,0.0
16925,0.0
16926,0.0
16927,0.0
16928,0.0
16929,0.0
16930,0.0
16931,0.06696001102407079
16932,0.0
16933,0.024315851249611335
16934,0.0
16935,0.0
16936,0.33313443005751237
16937,0.06814328816541934
16938,0.0
16939,0.0
16940,0.0
16941,0.0
16942,0.0
16943,0.0
16944,0.0
16945,0.0
16946,0.0
16947,0.0
16948,0.0
16949,0.0
16950,0.0
16951,0.0
16952,0.0
16953,0.0
16954,0.0
16955,0.0
16956,0.12455120350266345
16957,0.3071993794165244
16958,0.16459867185484242
16959,0.0
16960,0.0
16961,0.0
16962,0.0
16963,0.0
16964,0.0
16965,0.0
16966,0.0
16967,0.0
16968,0.0
16969,0.0
16970,0.0
16971,0.0
16972,0.0
16973,0.0
16974,0.0
16975,0.0
16976,0.0
16977,0.0
16978,0.0
16979,0.0
16980,0.0
16981,0.0
16982,0.0
16983,0.0
16984,0.0
16985,0.0
16986,0.0
16987,0.0
16988,0.0
16989,0.0
16990,0.0
16991,0.0
16992,0.0
16993,0.0
16994,0.0
16995,0.0
16996,0.0
16997,0.0
16998,0.0
16999,0.0
17000,0.0
17001,0.0
17002,0.0
17003,0.0
17004,0.0
17005,0.0
17006,0.0
17007,0.0
17008,0.0
17009,0.0
17010,0.0
17011,0.0
17012,0.0
17013,0.0
17014,0.0
17015,0.0
17016,0.0
17017,0.0
17018,0.0
17019,0.0
17020,0.0
17021,0.0
17022,0.0
17023,0.0
17024,0.0
17025,0.0
17026,0.0
17027,0.0
17028,0.0
17029,0.0
17030,0.0
17031,0.0
17032,0.0
17033,0.0
17034,0.0
17035,0.0
17036,0.0
17037,0.0
17038,0.0
17039,0.0
17040,0.0
17041,0.0
17042,0.0
17043,0.0
17044,0.0
17045,0.0
17046,0.0
17047,0.0
17048,0.0
17049,0.0
17050,0.0
17051,0.0
17052,0.0020361417912606564
17053,0.0
17054,0.0
17055,0.0
17056,0.0
17057,0.0
17058,0.0
17059,0.0
17060,0.0
17061,0.0
17062,0.0
17063,0.0843061042638182
17064,0.0
17065,0.0
17066,0.0
17067,0.0
17068,0.0
17069,0.0
17070,0.0
17071,0.0
17072,0.0
17073,0.054180057776598047
17074,0.059036835792748946
17075,0.1785729448226615
17076,0.027524311435834153
17077,0.0
17078,0.0
17079,0.0
17080,0.0
17081,0.0
17082,0.0
17083,0.0
17084,0.0
17085,0.0
17086,0.0
17087,0.0
17088,0.0
17089,0.0
17090,0.0
17091,0.0
17092,0.0
17093,0.0
17094,0.0
17095,0.0
17096,0.0
17097,0.0
17098,0.0
17099,0.0
17100,0.0
17101,0.0
17102,0.0
17103,0.0
17104,0.0
17105,0.0
17106,0.0
17107,0.0
17108,0.0
17109,0.0
17110,0.0
17111,0.0
17112,0.0
17113,0.0
17114,0.0
17115,0.0
17116,0.0
17117,0.0
17118,0.0
17119,0.0
17120,0.0
17121,0.0
17122,0.0
17123,0.0
17124,0.0
17125,0.0
17126,0.0
17127,0.0
17128,0.0
17129,0.0
17130,0.0
17131,0.0
17132,0.0
17133,0.0
17134,0.0
17135,0.0
17136,0.0
17137,0.0
17138,0.0
17139,0.0
17140,0.0
17141,0.0
17142,0.0
17143,0.0
17144,0.0
17145,0.0
17146,0.0
17147,0.0
17148,0.0
17149,0.0
17150,0.0
17151,0.0
17152,0.0
17153,0.0
17154,0.0
17155,0.0
17156,0.0
17157,0.0
17158,0.0
17159,0.0
17160,0.0
17161,0.0
17162,0.0
17163,0.0
17164,0.0
17165,0.0
17166,0.0
17167,0.0
17168,0.0
17169,0.0
17170,0.0
17171,0.0
17172,0.0
17173,0.0
17174,0.0
17175,0.0
17176,0.0
17177,0.0
17178,0.0
17179,0.0
17180,0.0
17181,0.0
17182,0.0
17183,0.0
17184,0.0
17185,0.05344327394754642
17186,0.2580682179986319
17187,0.4465910371545191
17188,0.12777849418797624
17189,0.11188321709238269
17190,0.1410181216000037
17191,0.09788697727542085
17192,0.15129449731638775
17193,0.2179491989666154
17194,0.24254301721980326
17195,0.380010535675292
17196,0.3156466100434914
17197,0.2196077922335535
17198,0.2876959250775305
17199,0.31458809680063166
17200,0.16693346313200383
17201,0.12991944211302542
17202,0.0
17203,0.11333692047526715
17204,0.2263993333908816
17205,0.04586843300420116
17206,0.059616737172166395
17207,0.03854788927850429
17208,0.04047826370917409
17209,0.0
17210,0.0
17211,0.0
17212,0.0
17213,0.0
17214,0.0
17215,0.0
17216,0.0
17217,0.0544438724720266
17218,0.1331744907374561
17219,0.06195038166433764
17220,0.09928372797243544
17221,0.06149503304196534
17222,0.06650329849596127
17223,0.10672731579595891
17224,0.011200078108092532
17225,0.0
17226,0.0
17227,0.0
17228,0.0
17229,0.5983260841694819
17230,0.0850085113066158
17231,0.4121862087457903
17232,0.34680101625712256
17233,1.7648995188417906
17234,3.7533839685944175
17235,2.361081487895778
17236,0.3266641872668898
17237,0.2553074072403444
17238,0.09263090732074176
17239,0.14047425175664516
17240,0.4713283451580347
17241,0.9632055773299156
17242,0.4140498649421636
17243,0.6632862641049038
17244,5.029249154646406
17245,4.266639565772001
17246,0.2918074351551674
17247,0.5406749321588097
17248,0.0764768634143957
17249,0.07015227593157985
17250,0.03284783292957834
17251,0.0
17252,0.0
17253,0.0
17254,0.17049944479758453
17255,0.020955115683897955
17256,0.7109195743481179
17257,5.707476225976179
17258,0.16843788146046243
17259,1.231107458284212
17260,0.22388058321182264
17261,0.07127059273949553
17262,0.0
17263,0.0
17264,0.0
17265,0.0
17266,0.09434950697314642
17267,0.41623708382270164
17268,0.7578291969516069
17269,0.40992646499805524
17270,0.19379538443923464
17271,0.0
17272,0.0
17273,0.0
17274,0.0
17275,0.0
17276,0.0
17277,0.0
17278,0.0
17279,0.0
17280,0.0
17281,0.0
17282,0.0
17283,0.0
17284,0.0
17285,0.0
17286,0.0
17287,0.0
17288,0.0
17289,0.0
17290,0.07653405528257082
17291,0.12529334445687218
17292,0.0867412261882631
17293,0.07319078698463913
17294,0.11174218250752002
17295,0.49903430069810667
17296,0.1010320273307244
17297,0.0
17298,0.0
17299,0.04360505867154664
17300,0.0
17301,0.0
17302,0.0
17303,0.10795946081765741
17304,0.0
17305,0.259636544841948
17306,0.13524596857300422
17307,0.04017914007713573
17308,0.0
17309,0.0
17310,0.0
17311,0.0
17312,0.0
17313,0.0
17314,0.03689542655797015
17315,0.0712646894943709
17316,0.14050871361980422
17317,11.837924275207005
17318,10.034791238128955
17319,1.4543702595603152
17320,0.0
17321,0.0
17322,0.0
17323,0.0
17324,0.0
17325,0.0
17326,0.0
17327,0.0
17328,0.0
17329,0.0
17330,0.0
17331,0.0
17332,0.0
17333,0.0
17334,0.0
17335,0.0
17336,0.0
17337,0.0
17338,0.0
17339,0.09353491080897795
17340,0.17067834371881946
17341,0.21897354048665926
17342,0.20626933776018277
17343,0.20058862364315533
17344,0.1106729202689769
17345,0.10343775651039876
17346,0.0
17347,0.0
17348,0.0
17349,0.0
17350,0.0
17351,0.0
17352,0.0
17353,0.0
17354,0.0
17355,0.0
17356,0.0
17357,0.0
17358,0.0
17359,0.0
17360,0.0
17361,0.0
17362,0.04407644240090119
17363,0.07276465845285847
17364,0.027451702522853377
17365,0.4157858352081836
17366,1.2477450418120732
17367,0.039046078265328285
17368,0.0
17369,0.0
17370,0.0
17371,0.0
17372,0.0
17373,0.0
17374,0.0
17375,0.0
17376,0.0
17377,0.0
17378,0.0
17379,0.0
17380,0.0
17381,0.0
17382,0.0
17383,0.0
17384,0.0
17385,0.0
17386,0.16134999113505855
17387,0.152187814292139
17388,0.023322793788167102
17389,1.9863283768207798
17390,0.08022271591738639
17391,0.1469369545093713
17392,0.06988545147950627
17393,0.0
17394,0.0
17395,0.0
17396,0.0
17397,0.0
17398,0.0
17399,0.0
17400,0.0
17401,0.0
17402,0.0
17403,0.0
17404,0.0
17405,0.0
17406,0.0
17407,0.0
17408,0.0
17409,0.0
17410,0.06036510088625287
17411,0.0841385485426118
17412,0.16308092989007777
17413,0.44602449885168927
17414,0.10037786117732622
17415,0.04623186090057065
17416,0.0
17417,0.016749790565746887
17418,0.0
17419,0.0
17420,0.0
17421,0.7088619821021134
17422,0.5998775048753839
17423,0.5577300087038187
17424,1.558992787254139
17425,1.4568805139079963
17426,0.5873177662543336
17427,0.5895560257371617
17428,0.3554414348708618
17429,0.20451404410244967
17430,0.14933172889475466
17431,0.0
17432,0.0
17433,0.13090167630672417
17434,0.10800798095766659
17435,0.1318878810916381
17436,0.335392543158116
17437,0.1654912675616988
17438,0.09094816283276247
17439,0.08244051892225794
17440,0.10095794948138136
17441,0.2535582128124839
17442,0.23591109333923135
17443,0.5792659872084203
17444,1.2664343671214167
17445,0.11557010327827001
17446,0.06493195777814545
17447,0.16801365076405925
17448,0.17224932267629744
17449,0.29279208624231684
17450,0.10373342238599477
17451,0.0
17452,0.0
17453,0.09547851773680598
17454,0.09522411819736787
17455,0.020136006248754494
17456,0.0
17457,0.0
17458,0.12874833438870897
17459,0.18972539085630377
17460,0.054811437368106064
17461,0.018705250213471233
17462,0.0
17463,0.0
17464,0.0
17465,0.0
17466,0.0
17467,0.0
17468,0.0
17469,0.0
17470,0.0
17471,0.0
17472,0.0
17473,0.0
17474,0.0
17475,0.0
17476,0.0
17477,0.0
17478,0.0
17479,0.0
17480,0.0
17481,0.0
17482,0.023593846775544165
17483,0.045754961398293624
17484,0.14084487065479376
17485,0.09781479781878757
17486,0.05540714739154981
17487,0.0
17488,0.0
17489,0.0
17490,0.0
17491,0.0
17492,0.0
17493,0.0
17494,0.0
17495,0.0
17496,0.0
17497,0.0
17498,0.0
17499,0.0
17500,0.0
17501,0.0
17502,0.0
17503,0.0
17504,0.0
17505,0.0
17506,0.031111098800106936
17507,0.053797098066256356
17508,0.0
17509,0.0
17510,0.0
17511,0.0
17512,0.0
17513,0.0
17514,0.0
17515,0.0
17516,0.0
17517,0.0
17518,0.0
17519,0.0
17520,0.0
17521,0.0
17522,0.0
17523,0.0
17524,0.0
17525,0.0
17526,0.0
17527,0.0
17528,0.0
17529,0.0
17530,0.04649161482834492
17531,0.06734251382029392
17532,0.024535992752385383
17533,0.0
17534,0.0
17535,0.0
17536,0.0
17537,0.0
17538,0.0
17539,0.0
17540,0.0
17541,0.0
17542,0.0
17543,0.0
17544,0.0
17545,0.0
17546,0.0
17547,0.0
17548,0.0
17549,0.0
17550,0.0
17551,0.0
17552,0.0
17553,0.0
17554,0.0
17555,0.0
17556,0.0
17557,0.0
17558,0.0
17559,0.0
17560,0.0
17561,0.0
17562,0.0
17563,0.0
17564,0.0
17565,0.0
17566,0.0
17567,0.0
17568,0.0
17569,0.0
17570,0.0
17571,0.0
17572,0.0
17573,0.0
17574,0.0
17575,0.0
17576,0.0
17577,0.0
17578,0.0
17579,0.0
17580,0.0
17581,0.0
17582,0.0
17583,0.0
17584,0.0
17585,0.0
17586,0.0
17587,0.0
17588,0.0
17589,0.0
17590,0.0
17591,0.0
17592,0.0
17593,0.0
17594,0.0
17595,0.0
17596,0.0
17597,0.0
17598,0.0
17599,0.0
17600,0.0
17601,0.0
17602,0.0
17603,0.0
17604,0.0
17605,0.0
17606,0.0
17607,0.0
17608,0.0
17609,0.0
17610,0.0
17611,0.0
17612,0.0
17613,0.0
17614,0.0
17615,0.0
17616,0.0
17617,0.0
17618,0.0
17619,0.0
17620,0.0
17621,0.0
17622,0.0
17623,0.0
17624,0.0
17625,0.0
17626,0.0
17627,0.0
17628,0.0
17629,0.0
17630,0.0
17631,0.0
17632,0.0
17633,0.0
17634,0.0
17635,0.0
17636,0.0
17637,0.0
17638,0.0
17639,0.0
17640,0.0
17641,0.0
17642,0.0
17643,0.0
17644,0.0
17645,0.0
17646,0.0
17647,0.0
17648,0.0
17649,0.0
17650,0.0
17651,0.0
17652,0.0
17653,0.0
17654,0.0
17655,0.0
17656,0.0
17657,0.0
17658,0.0
17659,0.0
17660,0.0
17661,0.0
17662,0.0
17663,0.0
17664,0.0
17665,0.0
17666,0.0
17667,0.0
17668,0.0
17669,0.0
17670,0.0
17671,0.0
17672,0.0
17673,0.0
17674,0.0
17675,0.0
17676,0.11863904621949393
17677,0.20685795157736997
17678,0.505706595285419
17679,0.7220476558553474
17680,0.34246385469261453
17681,0.13882237973628822
17682,0.0
17683,0.0
17684,0.0
17685,0.0
17686,0.0
17687,0.0
17688,0.0
17689,0.0
17690,0.0
17691,0.0
17692,0.0
17693,0.0
17694,0.0
17695,0.0
17696,0.0
17697,0.0
17698,0.0
17699,0.0
17700,0.06685359418102481
17701,0.0
17702,0.0
17703,0.0
17704,0.0
17705,0.0
17706,0.0
17707,0.0
17708,0.0
17709,0.0
17710,0.0
17711,0.0
17712,0.0
17713,0.0
17714,0.0
17715,0.0
17716,0.0
17717,0.0
17718,0.0
17719,0.0
17720,0.0
17721,0.0
17722,0.0
17723,0.09469884395026579
17724,0.31507405779418535
17725,0.31543369508785835
17726,0.6930772212713249
17727,0.09844461008863349
17728,0.06771364251023435
17729,0.0
17730,0.23392635231883388
17731,0.09056451731515995
17732,0.0
17733,0.0
17734,0.0
17735,0.0
17736,0.0
17737,0.0
17738,0.0
17739,0.0
17740,0.0
17741,0.0
17742,0.0
17743,0.0
17744,0.0
17745,0.0
17746,0.0
17747,0.09680262550191376
17748,0.17315299221560795
17749,0.14296493679790154
17750,0.10217613160491403
17751,0.07022169966577857
17752,0.0
17753,0.0
17754,0.0
17755,0.0
17756,0.0
17757,0.0
17758,0.0
17759,0.0
17760,0.0
17761,0.0
17762,0.0
17763,0.0
17764,0.0
17765,0.0
17766,0.0
17767,0.0
17768,0.0
17769,0.0
17770,0.0
17771,0.0
17772,0.09653832226767026
17773,0.0734755121341303
17774,0.0
17775,0.0
17776,0.0
17777,0.0
17778,0.0
17779,0.0
17780,0.0
17781,0.04460031095843062
17782,0.0
17783,0.0
17784,0.0
17785,0.07951478786237326
17786,0.10209496953413577
17787,0.0
17788,0.0
17789,0.0
17790,0.0
17791,0.0
17792,0.0
17793,0.0
17794,0.0
17795,0.0
17796,0.0
17797,0.0
17798,0.0
17799,0.0
17800,0.0
17801,0.0
17802,0.0
17803,0.0
17804,0.0
17805,0.0
17806,0.0
17807,0.0
17808,0.0
17809,0.0
17810,0.0
17811,0.0
17812,0.0
17813,0.0
17814,0.0
17815,0.0
17816,0.0
17817,0.0
17818,0.0
17819,0.0
17820,0.18014334242524416
17821,0.24198658386583932
17822,0.11874854075618876
17823,0.0
17824,0.0
17825,0.0
17826,0.0
17827,0.0
17828,0.0
17829,0.0
17830,0.0
17831,0.0
17832,0.0
17833,0.0
17834,0.0
17835,0.0
17836,0.0
17837,0.0
17838,0.0
17839,0.0
17840,0.0
17841,0.0
17842,0.0
17843,0.2611739433796915
17844,0.3805805888372057
17845,0.9712516113105687
17846,0.9402774283924701
17847,0.717330821973643
17848,0.4347116664614192
17849,0.0672393764495921
17850,0.0
17851,0.0
17852,0.0
17853,0.0
17854,0.0
17855,0.0
17856,0.0
17857,0.0
17858,0.0
17859,0.0
17860,0.0
17861,0.0
17862,0.0
17863,0.0
17864,0.0
17865,0.0
17866,0.032387262716184854
17867,0.3052268123397393
17868,0.1827807477459169
17869,0.07284530066555771
17870,0.0
17871,0.0
17872,0.0
17873,0.0
17874,0.0
17875,0.0
17876,0.0
17877,0.0
17878,0.0
17879,0.0
17880,0.0
17881,0.0
17882,0.0
17883,0.0
17884,0.0
17885,0.0
17886,0.0
17887,0.0
17888,0.0
17889,0.0
17890,0.0193783277883163
17891,0.14943088370378702
17892,0.05339798711580553
17893,0.0
17894,0.0
17895,0.0
17896,0.0
17897,0.0
17898,0.0
17899,0.0
17900,0.0
17901,0.0
17902,0.0
17903,0.0
17904,0.0
17905,0.0
17906,0.0
17907,0.0
17908,0.0
17909,0.0
17910,0.0
17911,0.0
17912,0.0
17913,0.0
17914,0.0
17915,0.019616809269178824
17916,0.0
17917,0.0
17918,0.0
17919,0.0
17920,0.0
17921,0.0
17922,0.0
17923,0.0
17924,0.0
17925,0.0
17926,0.0
17927,0.0
17928,0.0
17929,0.0
17930,0.0
17931,0.0
17932,0.0
17933,0.0
17934,0.0
17935,0.0
17936,0.0
17937,0.0
17938,0.0
17939,0.0
17940,0.05687977324984519
17941,0.0
17942,0.0
17943,0.0
17944,0.0
17945,0.0
17946,0.0
17947,0.0
17948,0.0
17949,0.0
17950,0.0
17951,0.0
17952,0.0
17953,0.0
17954,0.0
17955,0.0
17956,0.0
17957,0.0
17958,0.0
17959,0.0
17960,0.0
17961,0.0
17962,0.0
17963,0.0
17964,0.0431256493167015
17965,0.0
17966,0.0
17967,0.0
17968,0.0
17969,0.0
17970,0.0
17971,0.0
17972,0.0
17973,0.0
17974,0.0
17975,0.0
17976,0.0
17977,0.0
17978,0.0
17979,0.0
17980,0.0
17981,0.0
17982,0.0
17983,0.0
17984,0.0
17985,0.0
17986,0.0
17987,0.0
17988,0.0
17989,0.0
17990,0.0
17991,0.0
17992,0.0
17993,0.0
17994,0.0
17995,0.0
17996,0.0
17997,0.0
17998,0.0
17999,0.0
18000,0.14101626368345804
18001,0.1806444046057661
18002,0.0
18003,0.08818488960849499
18004,0.05267079767437493
18005,0.04208965128128043
18006,0.0
18007,0.0
18008,0.0
18009,0.0
18010,0.07907778463293627
18011,0.1466449694024514
18012,0.3637173735718561
18013,0.20852047041659574
18014,0.10728669221518883
18015,0.0
18016,0.0
18017,0.0
18018,0.0
18019,0.0
18020,1.0020072928361037
18021,0.2788188807908798
18022,0.12482481995610943
18023,0.0640586071173826
18024,0.20071582105584793
18025,0.051085151359093334
18026,0.0
18027,0.0
18028,0.0
18029,0.0
18030,0.0
18031,0.0
18032,0.0
18033,0.0
18034,0.0346561595261837
18035,0.003380391413727232
18036,0.14574172052048995
18037,3.574550738362176
18038,0.22826103080111218
18039,0.17242495894635382
18040,0.46689563961311836
18041,0.189899745177777
18042,0.0
18043,0.0
18044,0.0
18045,0.0
18046,0.0
18047,0.0
18048,0.0
18049,0.0
18050,0.0
18051,0.0
18052,0.0
18053,0.0
18054,0.0
18055,0.0
18056,0.0
18057,0.0
18058,0.02326437943534956
18059,0.08092049122441278
18060,0.18979462468929695
18061,0.1850406586431214
18062,0.1235783635631138
18063,0.10284670954112836
18064,0.05185666590303635
18065,0.0
18066,0.0
18067,0.0
18068,0.0
18069,0.0
18070,0.0
18071,0.0
18072,0.0
18073,0.0
18074,0.0
18075,0.0
18076,0.0
18077,0.0
18078,0.0
18079,0.0
18080,0.0
18081,0.044656261424644905
18082,0.1914827032117132
18083,0.4169194714029428
18084,0.2447561876719039
18085,0.06518004486162311
18086,0.07641195781938162
18087,0.10570639783487938
18088,0.10250254710901845
18089,0.0
18090,0.05916659806968624
18091,0.04972164222515474
18092,0.0
18093,0.0
18094,0.0
18095,0.0
18096,0.0
18097,0.0
18098,0.0
18099,0.0
18100,0.0
18101,0.0
18102,0.0
18103,0.0
18104,0.0
18105,0.0
18106,0.0
18107,0.09003759541353956
18108,0.07967502473168313
18109,1.1107848660988981
18110,0.5014551832010884
18111,0.07844125117145034
18112,0.08987582495487398
18113,0.0
18114,0.0
18115,0.0
18116,0.0
18117,0.0
18118,0.0
18119,0.0
18120,0.0
18121,0.0
18122,0.0
18123,0.0
18124,0.0
18125,0.0
18126,0.0
18127,0.0
18128,0.0
18129,0.0
18130,0.0
18131,0.0
18132,0.10301972849763577
18133,0.09981487536866761
18134,0.044308325766712925
18135,0.0
18136,0.0
18137,0.0
18138,0.0
18139,0.0
18140,0.0
18141,0.0
18142,0.0
18143,0.0
18144,0.0
18145,0.0
18146,0.0
18147,0.0
18148,0.0
18149,0.0
18150,0.0
18151,0.0
18152,0.0
18153,0.033334773293465327
18154,0.07932625324774258
18155,0.2794614949581894
18156,0.01817524555841191
18157,0.021231351375652224
18158,0.14566511660080073
18159,0.11663634666070948
18160,0.31868618439903723
18161,0.05821456802455825
18162,0.0
18163,0.1931600592889972
18164,0.0
18165,0.027196810867047172
18166,0.0
18167,0.0
18168,0.0
18169,0.0
18170,0.0
18171,0.0
18172,0.0
18173,0.0
18174,0.0
18175,0.0
18176,0.0
18177,0.0
18178,0.07193010619141617
18179,0.028604394406075456
18180,0.04876937927913731
18181,0.08262136743848121
18182,1.6191938300010003
18183,0.1422248360005553
18184,0.12471029584512915
18185,0.0
18186,0.0
18187,0.0
18188,0.0
18189,0.32320203637053146
18190,0.0
18191,0.0
18192,0.0
18193,0.0
18194,0.0
18195,0.0
18196,0.0
18197,0.0
18198,0.0
18199,0.0
18200,0.0
18201,0.0
18202,0.0
18203,0.0
18204,0.0
18205,0.08715999670863167
18206,0.07322523795834823
18207,0.004559614100079065
18208,0.15506529183243553
18209,0.08711950482481505
18210,0.0
18211,0.0
18212,0.0
18213,0.0
18214,0.0
18215,0.0
18216,0.0
18217,0.0
18218,0.0
18219,0.0
18220,0.0
18221,0.0
18222,0.0
18223,0.0
18224,0.0
18225,0.0
18226,0.0
18227,0.0
18228,0.0
18229,0.0
18230,0.40305735505218004
18231,0.11727360631489017
18232,0.0
18233,0.0
18234,0.17715743983356194
18235,0.040824792350778114
18236,0.0
18237,0.0
18238,0.0
18239,0.0
18240,0.0
18241,0.05947463530778557
18242,0.0
18243,0.0
18244,0.12553694721117653
18245,0.08829925279838606
18246,0.0
18247,0.17984176127958443
18248,0.6957082543014131
18249,0.0
18250,0.03682309167940782
18251,0.0688564779233121
18252,0.0
18253,0.04539442886981581
18254,0.11807661565533863
18255,0.2401110461213884
18256,0.08185991827795418
18257,0.0
18258,0.0
18259,0.0
18260,0.0
18261,0.0
18262,0.0
18263,0.0
18264,0.0
18265,0.0
18266,0.0
18267,0.10022824520675801
18268,0.05592634387117427
18269,0.0
18270,0.0
18271,0.0
18272,0.0
18273,0.0
18274,0.038792801317605013
18275,0.06079339290173748
18276,0.08321975906164734
18277,0.0
18278,0.0
18279,0.0
18280,0.0
18281,0.0
18282,0.0
18283,0.0
18284,0.0
18285,0.0
18286,0.0
18287,0.0
18288,0.0
18289,0.0
18290,0.0
18291,0.0
18292,0.0
18293,0.0
18294,0.0
18295,0.0
18296,0.0
18297,0.0
18298,0.0
18299,0.2703599490342808
18300,0.8861214154550402
18301,0.9081960605222404
18302,0.5153765588674353
18303,0.0692362089181848
18304,0.0
18305,0.0
18306,0.0
18307,0.0
18308,0.0
18309,0.0
18310,0.0
18311,0.0
18312,0.0
18313,0.0
18314,0.0
18315,0.0
18316,0.0
18317,0.0
18318,0.0
18319,0.0
18320,0.0
18321,0.0
18322,0.0
18323,0.15386254918158526
18324,0.04445308940547204
18325,0.0
18326,0.0
18327,0.0
18328,0.0
18329,0.0
18330,0.0
18331,0.0
18332,0.0
18333,0.0
18334,0.0
18335,0.0
18336,0.0
18337,0.0
18338,0.0
18339,0.0
18340,0.0
18341,0.0
18342,0.0
18343,0.0
18344,0.0
18345,0.0
18346,0.4508249420826438
18347,0.12484217712272208
18348,0.1631729472538703
18349,0.3176061400506071
18350,0.1820091666466326
18351,0.18216700629652502
18352,0.096504004543534
18353,0.0
18354,0.0
18355,0.0
18356,0.0
18357,0.0
18358,0.0
18359,0.0
18360,0.0
18361,0.0
18362,0.0
18363,0.0
18364,0.0
18365,0.0
18366,0.0
18367,0.0
18368,0.0
18369,0.0
18370,0.0
18371,0.052108476626916755
18372,0.07809695896618496
18373,0.13739100436211485
18374,0.0
18375,0.0
18376,0.0
18377,0.0
18378,0.0
18379,0.0
18380,0.0
18381,0.0
18382,0.0
18383,0.0
18384,0.0
18385,0.0
18386,0.0
18387,0.0
18388,0.0
18389,0.0
18390,0.0
18391,0.0
18392,0.0
18393,0.0
18394,0.044951094212466534
18395,0.0
18396,0.0
18397,0.0
18398,0.0
18399,0.0
18400,0.0
18401,0.0
18402,0.0
18403,0.0
18404,0.0
18405,0.0
18406,0.0
18407,0.0
18408,0.0
18409,0.0
18410,0.0
18411,0.0
18412,0.0
18413,0.0
18414,0.0
18415,0.0
18416,0.0
18417,0.0
18418,0.0
18419,0.0
18420,0.0
18421,0.0
18422,0.0
18423,0.0
18424,0.0
18425,0.0
18426,0.0
18427,0.0
18428,0.0
18429,0.0
18430,0.0
18431,0.0
18432,0.0
18433,0.0
18434,0.0
18435,0.0
18436,0.0
18437,0.0
18438,0.0
18439,0.0
18440,0.0
18441,0.0
18442,0.10352174768702177
18443,0.1701728432478114
18444,0.14883115324812102
18445,0.09429245692719752
18446,1.3195546129742801
18447,0.06718596641815838
18448,0.0
18449,0.0
18450,0.0
18451,0.0
18452,0.0
18453,5.183208897104241
18454,0.13287930907437415
18455,0.666639637195179
18456,0.12209735688874225
18457,0.0
18458,0.0
18459,0.0
18460,0.0
18461,0.0
18462,0.0
18463,0.0
18464,0.0
18465,0.0
18466,0.0
18467,0.015601085707558778
18468,0.0
18469,0.2704967363579068
18470,0.10608877968167875
18471,0.0
18472,0.26654621073144896
18473,0.1342223588865755
18474,0.0
18475,0.0
18476,0.0
18477,0.0
18478,0.0
18479,0.0
18480,0.0
18481,0.0
18482,0.0
18483,0.0
18484,0.0
18485,0.0
18486,0.0
18487,0.0
18488,0.0
18489,0.0
18490,0.0
18491,0.0706979329543893
18492,0.0872803889127461
18493,0.21945327996848296
18494,0.20268693382852213
18495,0.06859751531187365
18496,0.0
18497,0.0
18498,0.0
18499,0.0
18500,0.0
18501,0.0
18502,0.0
18503,0.0
18504,0.0
18505,0.0
18506,0.0
18507,0.0
18508,0.0
18509,0.0
18510,0.0
18511,0.0
18512,0.0
18513,0.0
18514,0.0
18515,0.0
18516,0.0
18517,0.0
18518,0.0
18519,0.0
18520,0.0
18521,0.0
18522,0.0
18523,0.0
18524,0.0
18525,0.0
18526,0.0
18527,0.0
18528,0.0
18529,0.0
18530,0.0
18531,0.0
18532,0.0
18533,0.0
18534,0.0
18535,0.0
18536,0.0
18537,0.0
18538,0.0
18539,0.0
18540,0.0
18541,0.0
18542,0.014800861845152512
18543,0.0
18544,0.0
18545,0.0
18546,0.0
18547,0.0
18548,0.0
18549,0.0
18550,0.0
18551,0.0
18552,0.0
18553,0.0
18554,0.0
18555,0.0
18556,0.0
18557,0.0
18558,0.0
18559,0.0
18560,0.0
18561,0.0
18562,0.0
18563,0.11214435132162212
18564,0.4922641343165769
18565,0.9493059491531914
18566,0.145265636330511
18567,0.3086196028912469
18568,0.9874153104705399
18569,0.16487648952553483
18570,0.12602396915050826
18571,0.0
18572,0.0
18573,0.12570836619011758
18574,0.4519850583128609
18575,1.1543524494715
18576,0.134409494856165
18577,0.007816324578815623
18578,0.0
18579,0.0
18580,0.0
18581,0.0
18582,0.0
18583,0.0
18584,0.0
18585,0.0
18586,0.0880695542782465
18587,0.04423197330191114
18588,0.1102007196514111
18589,0.1889436208396332
18590,0.19977437637110795
18591,0.513146073740685
18592,0.698708339068802
18593,0.39667351690869607
18594,0.0003927437123402122
18595,0.0
18596,0.0
18597,0.0
18598,0.0
18599,0.0
18600,0.0
18601,0.0
18602,0.0
18603,0.0
18604,0.0
18605,0.0
18606,0.0
18607,0.0
18608,0.0
18609,0.0
18610,0.016903616046209206
18611,0.09741094388098955
18612,1.840565888226322
18613,0.6019055661591494
18614,0.16165892176592148
18615,0.0
18616,0.0
18617,0.9454588430190869
18618,1.1227242601247485
18619,1.3330857304767638
18620,0.40395653101556706
18621,0.0
18622,0.0
18623,0.0
18624,0.0
18625,0.0
18626,0.0
18627,0.0
18628,0.0
18629,0.0
18630,0.0
18631,0.0
18632,0.0
18633,0.0
18634,0.040193510006417035
18635,0.0
18636,0.10916325073926254
18637,0.22111994566430823
18638,0.05435331809024086
18639,0.0
18640,0.0
18641,0.0
18642,0.0
18643,0.0
18644,0.0
18645,0.0
18646,0.0
18647,0.0
18648,0.0
18649,0.0
18650,0.0
18651,0.0
18652,0.0
18653,0.0
18654,0.0
18655,0.0
18656,0.0
18657,0.04620863251512802
18658,0.08686065701546598
18659,0.0
18660,0.22647816856897335
18661,1.4398598786975885
18662,0.08454278702626787
18663,0.0
18664,0.0
18665,0.0
18666,0.0
18667,0.0
18668,0.0
18669,0.0
18670,0.0
18671,0.0
18672,0.0
18673,0.0
18674,0.0
18675,0.0
18676,0.0
18677,0.0
18678,0.0
18679,0.0
18680,0.0
18681,0.10812876065882053
18682,0.08131540332043155
18683,0.071368704927395
18684,0.302125204396565
18685,1.2599873610332442
18686,0.3272926993723558
18687,0.8256552718782217
18688,0.30909576155436913
18689,0.0631597420413516
18690,0.0
18691,0.0
18692,0.0
18693,0.0
18694,0.0
18695,0.0
18696,0.0
18697,0.0
18698,0.0
18699,0.0
18700,0.0
18701,0.0
18702,0.0
18703,0.0
18704,0.0
18705,0.06080830834238172
18706,0.39650390049069234
18707,0.231579480469191
18708,0.05022978215500503
18709,0.21527944152797204
18710,0.2987782923255037
18711,0.2620704635713917
18712,0.15769204588150237
18713,0.08386941013110359
18714,0.0
18715,0.0
18716,0.0
18717,0.0
18718,0.0
18719,0.0
18720,0.0
18721,0.0
18722,0.0
18723,0.0
18724,0.0
18725,0.0
18726,0.0
18727,0.0
18728,0.0
18729,0.0
18730,0.04865713155399216
18731,0.10639653647214062
18732,0.0
18733,0.22221550130869713
18734,0.27119246373836947
18735,0.10796892454750023
18736,0.0
18737,0.0
18738,0.0
18739,0.0
18740,0.0
18741,0.0
18742,0.0
18743,0.0
18744,0.0
18745,0.0
18746,0.0
18747,0.0
18748,0.0
18749,0.0
18750,0.0
18751,0.0
18752,0.0
18753,0.029940448188150705
18754,0.09007697693450052
18755,0.27313798899168373
18756,0.6059210178205736
18757,0.8430886083324468
18758,0.21296173855595
18759,0.13823822650331066
18760,0.0
18761,0.0
18762,0.0
18763,0.0
18764,0.0
18765,0.0
18766,0.0
18767,0.0
18768,0.0
18769,0.0
18770,0.0
18771,0.0
18772,0.0
18773,0.0
18774,0.0
18775,0.0
18776,0.0
18777,0.0597017116986902
18778,0.11747289490551872
18779,0.0
18780,0.0
18781,0.0
18782,0.09719817640444235
18783,0.08893784963632133
18784,0.0
18785,0.0
18786,0.0
18787,0.0
18788,0.0
18789,0.0
18790,0.0
18791,0.0
18792,0.0
18793,0.0
18794,0.0
18795,0.0
18796,0.0
18797,0.0
18798,0.0
18799,0.0
18800,0.0
18801,0.08080534135394599
18802,0.16382340329565534
18803,0.19005416746668957
18804,0.8213620060170795
18805,0.2128508106987818
18806,0.1343970576306177
18807,1.2218310219873811
18808,0.4209093118515508
18809,0.048193618887968595
18810,0.0
18811,0.0
18812,0.0
18813,0.0
18814,0.0
18815,0.0
18816,0.0
18817,0.0
18818,0.0
18819,0.0
18820,0.0
18821,0.0
18822,0.0
18823,0.0
18824,0.0
18825,0.06334071644676179
18826,0.21785070439845816
18827,0.6493262937558283
18828,0.2785085459542359
18829,0.10033436915353666
18830,0.0
18831,0.0
18832,0.0
18833,0.0
18834,0.0
18835,0.0
18836,0.0
18837,0.0
18838,0.0
18839,0.0
18840,0.0
18841,0.0
18842,0.0
18843,0.0
18844,0.0
18845,0.0
18846,0.0
18847,0.0
18848,0.0
18849,0.0
18850,0.029027873180856804
18851,0.0631605909413635
18852,0.10426462681729856
18853,0.06066457859656699
18854,0.0
18855,0.0
18856,0.0
18857,0.0
18858,0.0
18859,0.0
18860,0.0
18861,0.0
18862,0.0
18863,0.0
18864,0.0
18865,0.0
18866,0.0
18867,0.0
18868,0.0
18869,0.0
18870,0.0
18871,0.0
18872,0.0
18873,0.0
18874,0.1542517049319973
18875,0.40673259686599716
18876,0.19494257496032874
18877,0.07731243079479035
18878,0.2107198436337764
18879,0.08800977033767152
18880,0.0
18881,0.0
18882,0.0
18883,0.0
18884,0.0
18885,0.0
18886,0.0
18887,0.0
18888,0.0
18889,0.0
18890,0.0
18891,0.0
18892,0.0
18893,0.0
18894,0.0
18895,0.0
18896,0.0
18897,0.056436686676627275
18898,0.11778720367301364
18899,0.22298661163907751
18900,0.10525535170112864
18901,0.12764462125450898
18902,0.12046245508965124
18903,0.041649366259050594
18904,0.0
18905,0.0
18906,0.0
18907,0.0
18908,0.0
18909,0.0
18910,0.0
18911,0.0
18912,0.0
18913,0.0
18914,0.0
18915,0.0
18916,0.0
18917,0.0
18918,0.0
18919,0.0
18920,0.0
18921,0.0
18922,0.25764891074154317
18923,0.8094068634003566
18924,1.5740932104145786
18925,1.8488519200516316
18926,0.5016389919962433
18927,0.03173763588668064
18928,0.0
18929,0.0
18930,0.0
18931,0.0
18932,0.0
18933,0.0
18934,0.0
18935,0.0
18936,0.0
18937,0.0
18938,0.0
18939,0.0
18940,0.0
18941,0.0
18942,0.0
18943,0.0
18944,0.0
18945,0.0
18946,0.0
18947,0.0
18948,0.0
18949,0.0
18950,0.0
18951,0.0
18952,0.0
18953,0.0
18954,0.0
18955,0.0
18956,0.0
18957,0.0
18958,0.0
18959,0.0
18960,0.0
18961,0.0
18962,0.0
18963,0.0
18964,0.0
18965,0.0
18966,0.0
18967,0.0
18968,0.0
18969,0.0
18970,0.0
18971,0.0
18972,0.0
18973,0.0
18974,0.0
18975,0.0
18976,0.0
18977,0.0
18978,0.0
18979,0.0
18980,0.0
18981,0.0
18982,0.0
18983,0.0
18984,0.0
18985,0.0
18986,0.0
18987,0.0
18988,0.0
18989,0.0
18990,0.0
18991,0.0
18992,0.0
18993,0.0
18994,0.0
18995,0.003349783154578793
18996,0.1009581952719918
18997,0.3352089227859367
18998,0.476982716314625
18999,0.2387018782038169
19000,0.0
19001,0.0
19002,0.0
19003,0.0
19004,0.0
19005,0.0
19006,0.0
19007,0.0
19008,0.0
19009,0.0
19010,0.0
19011,0.0
19012,0.0
19013,0.0
19014,0.0
19015,0.0
19016,0.0
19017,0.0
19018,0.10347868291775925
19019,0.054415995673364866
19020,0.0
19021,0.007481888870585764
19022,0.06349128589407811
19023,0.0477664854825614
19024,0.0
19025,0.0
19026,0.0
19027,0.0
19028,0.0
19029,0.0
19030,0.0
19031,0.0
19032,0.0
19033,0.0
19034,0.0
19035,0.0
19036,0.0
19037,0.0
19038,0.0
19039,0.0
19040,0.0
19041,0.0
19042,0.0
19043,0.0
19044,0.011096233193694198
19045,0.029114917465025994
19046,0.1759166610815716
19047,0.17596470128188577
19048,0.07854464610457448
19049,0.0
19050,0.0
19051,0.0
19052,0.0
19053,0.0
19054,0.0
19055,0.0
19056,0.0
19057,0.0
19058,0.0
19059,0.0
19060,0.0
19061,0.0
19062,0.0
19063,0.0
19064,0.0
19065,0.0
19066,0.0
19067,0.0
19068,0.07663334591775892
19069,0.0
19070,0.029288209502649588
19071,0.03823089699634242
19072,0.03619095467279896
19073,0.0
19074,0.0
19075,0.0
19076,0.0
19077,0.0
19078,0.0
19079,0.0
19080,0.0
19081,0.0
19082,0.0
19083,0.0
19084,0.0
19085,0.0
19086,0.0
19087,0.0
19088,0.0
19089,0.0
19090,0.0
19091,0.0
19092,0.0
19093,0.0
19094,0.0
19095,0.0
19096,0.0
19097,0.0
19098,0.0
19099,0.0
19100,0.0
19101,0.0
19102,0.0
19103,0.0
19104,0.0
19105,0.0
19106,0.0
19107,0.0
19108,0.0
19109,0.0
19110,0.0
19111,0.0
19112,0.0
19113,0.0
19114,0.0
19115,0.0
19116,0.0
19117,0.0
19118,0.0
19119,0.0
19120,0.0
19121,0.0
19122,0.0
19123,0.0
19124,0.0
19125,0.0
19126,0.0
19127,0.0
19128,0.0
19129,0.0
19130,0.0
19131,0.0
19132,0.0
19133,0.0
19134,0.0
19135,0.0
19136,0.0
19137,0.0
19138,0.0
19139,0.0
19140,0.06028603402005051
19141,0.10373893445585258
19142,0.10118281306711907
19143,0.0
19144,0.0
19145,0.0
19146,0.0
19147,0.0
19148,0.0
19149,0.0
19150,0.0
19151,0.0
19152,0.0
19153,0.0
19154,0.0
19155,0.0
19156,0.0
19157,0.0
19158,0.0
19159,0.0
19160,0.0
19161,0.0
19162,0.0
19163,0.0974343920584902
19164,0.06586658783465138
19165,0.0
19166,0.0
19167,0.0
19168,0.0
19169,0.0
19170,0.0
19171,0.0
19172,0.0
19173,0.0
19174,0.0
19175,0.0
19176,0.0
19177,0.0
19178,0.0
19179,0.0
19180,0.0
19181,0.0
19182,0.0
19183,0.0
19184,0.0
19185,0.0
19186,0.0
19187,0.0
19188,0.0
19189,0.0
19190,0.0
19191,0.0
19192,0.0
19193,0.0
19194,0.0
19195,0.0
19196,0.0
19197,0.0
19198,0.0
19199,0.2691729265741454
19200,0.23390323943177427
19201,0.1906400770429511
19202,0.11871226448107318
19203,0.11214956307324614
19204,0.07846507854392776
19205,0.04336415344312711
19206,0.0
19207,0.0
19208,0.0
19209,0.0
19210,0.10828463316411599
19211,0.2512978247776003
19212,0.06551484618545637
19213,0.2542467267906389
19214,0.06264265605951931
19215,0.0
19216,1.7396717821501522
19217,2.2230924713793243
19218,0.664697018992331
19219,0.13891516490996209
19220,0.13538733609015402
19221,0.3318852178981869
19222,0.2404526990421752
19223,0.06302518962727274
19224,0.0
19225,0.0
19226,0.0
19227,0.0
19228,0.14464916034301548
19229,0.49429677264868266
19230,0.13528939444586405
19231,0.0
19232,0.0
19233,0.0
19234,0.0
19235,0.0
19236,0.023889223992143344
19237,0.0
19238,3.296015247043676
19239,0.7660566896893228
19240,0.2829588235141935
19241,0.014114806269975433
19242,1.1369013623949848
19243,1.254375737043915
19244,0.05415938973460346
19245,0.06055598080373128
19246,0.5194037828868072
19247,0.2155259357285935
19248,0.22751098207389356
19249,0.23487550901503068
19250,0.10842773995987601
19251,0.0
19252,0.0
19253,0.0
19254,0.0
19255,0.0
19256,0.0
19257,0.09700349093643677
19258,0.23664124583091822
19259,0.0
19260,0.611701827299982
19261,1.625120419448682
19262,0.2186384540441635
19263,1.9547694454134845
19264,0.21791856563133863
19265,0.110561596272053
19266,0.0
19267,0.0
19268,0.0
19269,0.0
19270,0.0
19271,0.0
19272,0.0
19273,0.0
19274,0.11441827269797995
19275,0.3604981966311499
19276,0.16486382949355097
19277,0.08072365585406596
19278,0.0
19279,0.0
19280,0.0
19281,0.0
19282,0.0425788198142032
19283,0.0708451583545711
19284,0.07728657589244758
19285,0.5528653137187269
19286,0.9802434891889573
19287,0.3314923159030639
19288,1.4781764446936168
19289,0.31863360163859006
19290,0.49496371759994695
19291,0.13315416062157018
19292,0.05391424218326084
19293,0.16761482875557396
19294,0.2116960289910074
19295,0.2379862719738809
19296,0.4103313124856607
19297,0.48810820314380815
19298,0.2612577927052012
19299,0.03930016523206893
19300,0.0
19301,0.0
19302,0.0
19303,0.0
19304,0.0
19305,0.0
19306,0.04344904228465966
19307,0.07712697599345789
19308,0.0
19309,0.0
19310,0.9113299716522867
19311,1.0889775041664131
19312,0.0806497628645448
19313,0.4990635793792477
19314,0.2344669100566569
19315,0.0
19316,0.0
19317,0.0
19318,0.0
19319,0.0
19320,0.0
19321,0.0
19322,0.0
19323,0.0
19324,0.0
19325,0.0
19326,0.0
19327,0.0
19328,0.0
19329,0.02274613915648578
19330,0.07167905594584537
19331,0.08865992908417955
19332,0.19177175266275182
19333,0.39880673211317913
19334,0.4320644270826546
19335,7.296292805751771
19336,0.10051601613520944
19337,0.11152187901371742
19338,0.0
19339,0.0
19340,0.0
19341,0.0
19342,0.0
19343,0.0
19344,0.1013650124295421
19345,2.885645257587073
19346,0.017817257868907317
19347,0.07540436871231174
19348,0.0
19349,0.0
19350,0.0
19351,0.0
19352,0.0
19353,0.0
19354,0.08037625878888548
19355,0.06639536655293461
19356,0.01951823905224415
19357,0.0
19358,0.14993024458405935
19359,0.08510804931652
19360,0.0
19361,0.0
19362,0.0
19363,0.0
19364,0.0
19365,0.0
19366,0.0
19367,0.0
19368,0.0
19369,0.0
19370,0.0
19371,0.0
19372,0.0
19373,0.0
19374,0.0
19375,0.0
19376,0.0
19377,0.11602567078908667
19378,0.16445571910597628
19379,0.08728048639199594
19380,0.0
19381,0.0
19382,0.0
19383,2.570898461274393
19384,0.4215932707920401
19385,4.962241617172335
19386,0.07457300855208633
19387,0.0
19388,0.0
19389,0.0
19390,0.0
19391,0.1270286749346135
19392,0.0
19393,0.0
19394,0.0
19395,0.0
19396,0.0
19397,0.0
19398,0.0
19399,0.0
19400,0.0
19401,0.0
19402,0.0
19403,0.0
19404,0.13028566205914766
19405,0.11472618792784811
19406,1.0148012991627384
19407,0.705307504872396
19408,0.035881103163194275
19409,0.0
19410,0.07506359378448298
19411,1.0993390614656942
19412,0.0
19413,0.0
19414,0.0
19415,0.0
19416,0.0
19417,0.0
19418,0.0
19419,0.0
19420,0.0
19421,0.0
19422,0.0
19423,0.0
19424,0.0
19425,0.0
19426,0.05964197284268096
19427,0.12926060490693878
19428,0.009679759638635295
19429,0.0
19430,0.0
19431,0.0
19432,0.3774416803476624
19433,0.20051097407024007
19434,0.22742701582006133
19435,0.07543005112613475
19436,0.0
19437,0.0
19438,0.0
19439,0.0
19440,0.0
19441,0.0
19442,0.0
19443,0.0
19444,0.0
19445,0.0
19446,0.0
19447,0.0
19448,0.0
19449,0.0
19450,0.05846481610087531
19451,0.11295926068699635
19452,0.06218574019669569
19453,0.0404405981743794
19454,0.0
19455,0.0
19456,0.0
19457,0.0
19458,0.0
19459,0.0
19460,0.0
19461,0.0
19462,0.0
19463,0.0
19464,0.0
19465,0.0
19466,0.0
19467,0.0
19468,0.0
19469,0.0
19470,0.0
19471,0.0
19472,0.0
19473,0.0
19474,0.0
19475,0.0
19476,0.04682201679616767
19477,0.0381725984444825
19478,0.0
19479,0.0
19480,0.0
19481,0.26249274916048854
19482,0.04748593022184878
19483,0.0
19484,0.0
19485,0.0
19486,0.0
19487,0.0
19488,0.0
19489,0.0
19490,0.0
19491,0.0
19492,0.0
19493,0.0
19494,0.0
19495,0.0
19496,0.0
19497,0.0
19498,0.0
19499,0.0
19500,0.0
19501,0.0
19502,0.0
19503,0.0
19504,0.0
19505,0.0
19506,0.0
19507,0.23274910964408296
19508,0.16225076048709255
19509,1.4807947958144585
19510,0.1663526480197168
19511,0.042137331984165007
19512,0.0
19513,0.0
19514,0.0
19515,0.0
19516,0.0
19517,0.0
19518,0.0
19519,0.0
19520,0.0
19521,0.0
19522,0.033620632143473
19523,0.08085679196919171
19524,0.16991834711299164
19525,0.0
19526,0.0
19527,0.0
19528,0.0
19529,0.0
19530,0.0
19531,0.0
19532,0.0
19533,0.0
19534,0.0
19535,0.0
19536,0.0
19537,0.0
19538,0.0
19539,0.0
19540,0.0
19541,0.0
19542,0.0
19543,0.0
19544,0.0
19545,0.0
19546,0.0
19547,0.02586638820602872
19548,0.023469097308341832
19549,0.03695499341503848
19550,0.07151828157122812
19551,0.05837468204370271
19552,0.0
19553,0.0
19554,0.0
19555,0.0
19556,0.0
19557,0.0
19558,0.0
19559,0.0
19560,0.0
19561,0.0
19562,0.0
19563,0.0
19564,0.0
19565,0.0
19566,0.0
19567,0.0
19568,0.0
19569,0.0
19570,0.06458299486042668
19571,0.16158810377873675
19572,0.0
19573,0.08485175460171931
19574,0.0
19575,0.06245621355533238
19576,0.8306132010929419
19577,0.12718769359590634
19578,0.0
19579,0.0
19580,0.0
19581,0.0
19582,0.0
19583,0.0
19584,0.0
19585,0.0
19586,0.0
19587,0.0
19588,0.0
19589,0.0
19590,0.0
19591,0.0
19592,0.0
19593,0.0
19594,0.0
19595,0.0
19596,0.0
19597,0.0
19598,0.0
19599,0.013923673898803801
19600,0.0
19601,0.0
19602,0.0
19603,0.0
19604,0.0
19605,0.0
19606,0.0
19607,0.0
19608,0.0
19609,0.0
19610,0.0
19611,0.0
19612,0.0
19613,0.0
19614,0.0
19615,0.0
19616,0.0
19617,0.0
19618,0.12585048540567093
19619,0.12423251806456828
19620,0.05177948168302914
19621,0.0
19622,0.0
19623,0.0
19624,0.0
19625,0.0
19626,0.0
19627,0.0
19628,0.0
19629,0.07319131697966821
19630,0.0
19631,0.0
19632,0.0
19633,0.0
19634,0.0
19635,0.0
19636,0.0
19637,0.0
19638,0.0
19639,0.0
19640,0.0
19641,0.0
19642,0.0
19643,0.0
19644,0.0
19645,0.0
19646,0.09846205306504736
19647,0.15156067695493078
19648,0.510835863749285
19649,0.0030410261636264497
19650,0.0
19651,0.0
19652,0.0
19653,0.0
19654,0.0
19655,0.0
19656,0.0
19657,0.0
19658,0.0
19659,0.0
19660,0.0
19661,0.0
19662,0.0
19663,0.0
19664,0.0
19665,0.0
19666,0.0
19667,0.0
19668,0.0
19669,0.1116542066528626
19670,0.12479546931724826
19671,0.05460687164121544
19672,0.0
19673,0.0
19674,0.0
19675,0.0
19676,0.0
19677,0.0
19678,0.0
19679,0.0
19680,0.0
19681,0.0
19682,0.0
19683,0.0
19684,0.0
19685,0.0
19686,0.0
19687,0.0
19688,0.0
19689,0.0
19690,0.0
19691,0.0
19692,0.0
19693,0.0
19694,0.0
19695,0.0
19696,0.0
19697,0.0
19698,0.0
19699,0.0
19700,0.0
19701,0.0
19702,0.0
19703,0.0
19704,0.0
19705,0.0
19706,0.0
19707,0.0
19708,0.0
19709,0.0
19710,0.0
19711,0.0
19712,0.0
19713,0.0
19714,0.1635174167427254
19715,0.06976775730706224
19716,0.07981404355584522
19717,0.1329496685943982
19718,0.10287965280245188
19719,0.0
19720,0.7076828560483569
19721,0.17060864162640554
19722,0.0
19723,0.0
19724,0.0
19725,0.053846028429834096
19726,0.0
19727,0.035812690304618686
19728,0.0
19729,0.0
19730,0.0
19731,0.0
19732,0.0
19733,0.0
19734,0.0
19735,0.0
19736,0.0
19737,0.23658716007263378
19738,0.6176436091295749
19739,0.20094336166259127
19740,0.11264567405614241
19741,0.09379204366454587
19742,0.0
19743,0.0
19744,0.0
19745,0.0
19746,0.0
19747,0.0
19748,0.0
19749,0.0
19750,0.0
19751,0.0
19752,0.0
19753,0.0
19754,0.0
19755,0.0
19756,0.0
19757,0.0
19758,0.0
19759,0.0
19760,0.0
19761,0.0
19762,0.0
19763,0.0
19764,0.0
19765,0.0
19766,0.0
19767,0.0
19768,0.0
19769,0.0
19770,0.0
19771,0.0
19772,0.0
19773,0.0
19774,0.0
19775,0.0
19776,0.0
19777,0.0
19778,0.0
19779,0.0
19780,0.0
19781,0.0
19782,0.0
19783,0.0
19784,0.0
19785,0.0
19786,0.25028972378839165
19787,0.5627299521197486
19788,0.7579335207463238
19789,0.24556387764736276
19790,0.193078463868628
19791,0.14177822626653125
19792,0.0
19793,0.0
19794,0.0
19795,0.0
19796,0.0
19797,0.0
19798,0.0
19799,0.0
19800,0.0
19801,0.0
19802,0.0
19803,0.0
19804,0.0
19805,0.0
19806,0.0
19807,0.0
19808,0.0
19809,0.46574362789599777
19810,0.08468002763519132
19811,0.10903199016517248
19812,0.14888618400431117
19813,0.2563951875901321
19814,0.08509068801323369
19815,0.10411296831432323
19816,0.011731264733984724
19817,0.0
19818,0.0
19819,0.0
19820,0.0
19821,0.0
19822,0.06781530727402824
19823,0.0
19824,0.0
19825,0.0
19826,0.0
19827,0.0
19828,0.0
19829,0.0
19830,0.0
19831,0.0
19832,0.0
19833,0.0
19834,0.3168378144647405
19835,0.6569211338558899
19836,0.4523909366639146
19837,0.5646253163881513
19838,0.6461675589412015
19839,0.530925164730415
19840,0.08094929439902077
19841,0.19047770338288392
19842,0.06350498163628022
19843,0.0
19844,0.09287625505633887
19845,0.0
19846,0.0
19847,0.0
19848,0.03231754084922449
19849,0.0
19850,0.0
19851,0.0
19852,0.0
19853,0.0
19854,0.0
19855,0.0
19856,0.0
19857,0.07094365238260646
19858,0.28834450224919334
19859,0.07547448861304595
19860,0.0
19861,0.06658625385615675
19862,0.0
19863,0.7331020058224764
19864,0.03269987920459611
19865,0.0
19866,0.0
19867,0.0
19868,0.0
19869,0.0
19870,0.0
19871,0.0
19872,0.0
19873,0.0
19874,0.0
19875,0.0
19876,0.0
19877,0.0
19878,0.0
19879,0.0
19880,0.0
19881,0.0
19882,0.0
19883,6.794252798929242
19884,8.776927023744216
19885,0.6129332778922612
19886,4.036710681341089
19887,7.101919167144018
19888,0.3991110877114848
19889,0.20192315606125202
19890,0.1087288880081694
19891,0.08737666912845858
19892,0.0
19893,0.0
19894,0.23447911810499525
19895,0.9194668279174186
19896,0.10485670987360902
19897,0.07304208127232331
19898,0.02434041654227099
19899,0.0
19900,0.0
19901,0.0
19902,0.0
19903,0.0
19904,0.0
19905,0.13345195075739139
19906,0.33901146910956975
19907,0.03275762811648021
19908,0.0
19909,0.0
19910,0.0
19911,0.0
19912,0.0
19913,0.0
19914,0.0
19915,0.0
19916,0.0
19917,0.0
19918,0.0
19919,0.0
19920,0.0
19921,0.0
19922,0.0
19923,0.0
19924,0.0
19925,0.0
19926,0.0
19927,0.0
19928,0.11672851670900869
19929,0.07534143043716918
19930,0.0
19931,3.82324759686305
19932,0.47636439494163235
19933,0.49691028250193203
19934,0.18375851538556856
19935,0.0695945457950766
19936,0.15738717422183676
19937,0.0
19938,0.0
19939,0.0
19940,0.0
19941,0.0
19942,0.0
19943,0.0
19944,0.0
19945,0.0
19946,0.0
19947,0.0
19948,0.0
19949,0.0
19950,0.0
19951,0.0
19952,0.0
19953,0.0
19954,0.0
19955,0.0
19956,0.0
19957,0.0
19958,0.05984947422687501
19959,0.03460335080122357
19960,0.0
19961,0.0
19962,0.0
19963,0.0
19964,0.0
19965,0.0
19966,0.0
19967,0.022624184550376597
19968,0.0
19969,0.05470418938681394
19970,0.0
19971,0.23449537441096321
19972,0.0
19973,0.0
19974,0.0
19975,0.0
19976,0.0
19977,0.044584049473556715
19978,0.021104111555200568
19979,0.0
19980,0.09164357786333308
19981,0.34480753497869204
19982,0.1496985481596326
19983,0.06279730756982826
19984,0.0
19985,1.078389950727477
19986,0.10766986902210264
19987,0.0
19988,0.0
19989,0.0
19990,0.0
19991,0.0
19992,0.0
19993,0.0
19994,0.0
19995,0.0
19996,0.0
19997,0.0
19998,0.0
19999,0.0
20000,0.02568887724021919
20001,0.04219235814914184
20002,0.13600733301685644
20003,0.0
20004,0.0010115556017867725
20005,0.0015075790064652476
20006,0.0854329468140206
20007,0.0
20008,0.21019060753082633
20009,0.1881898710774226
20010,1.1266643984451234
20011,3.3519383034794674
20012,0.1398711968292126
20013,0.12987287235702993
20014,0.19071642981110115
20015,0.6591599808112932
20016,0.23951628252924423
20017,0.017692326517601567
20018,0.17671960345539703
20019,0.08942493174481946
20020,0.0
20021,0.0
20022,0.0
20023,0.0
20024,0.0
20025,0.0
20026,0.0
20027,0.0
20028,0.0
20029,0.0
20030,0.0
20031,0.0
20032,0.0
20033,0.0
20034,0.0
20035,0.0
20036,0.0
20037,0.22721740131392643
20038,0.7363029246738497
20039,0.10347324903285635
20040,0.0
20041,0.0
20042,0.0
20043,0.0
20044,0.0
20045,0.0
20046,0.0
20047,0.0
20048,0.0
20049,0.0
20050,0.0
20051,0.05813979007402986
20052,0.03130308245242913
20053,0.08794526729848055
20054,0.021049590156087497
20055,0.0
20056,0.0
20057,0.0
20058,0.0
20059,0.0
20060,0.0
20061,0.0
20062,0.06080237464246503
20063,0.021860544020856975
20064,0.06409141572473437
20065,0.1769323498220539
20066,0.14358482259359895
20067,0.0
20068,0.0
20069,0.0
20070,0.0
20071,0.0
20072,0.0
20073,0.03810613432888993
20074,0.06786542006628278
20075,0.06280390735223466
20076,0.01998820267766721
20077,0.614329062002712
20078,1.5154509004181782
20079,0.04098640422849233
20080,0.11848395682388362
20081,0.5570725111556076
20082,0.35185983238563967
20083,1.179743624695961
20084,0.11811320490463321
20085,0.04389570188751912
20086,0.0
20087,0.0
20088,0.0
20089,0.0
20090,0.09493386798162519
20091,1.5969420642525187
20092,0.31142504360513645
20093,0.8751451050421726
20094,1.2765407559845785
20095,3.07614242134248
20096,2.868962194865302
20097,3.9724409915208962
20098,1.9510388868857496
20099,0.4359213975023513
20100,0.5109974194999377
20101,1.1621706431399157
20102,0.7999970474077791
20103,0.22201190907548968
20104,0.0
20105,0.0
20106,0.0
20107,0.0
20108,0.0
20109,0.0
20110,0.0
20111,0.0
20112,0.0
20113,0.0
20114,0.0
20115,0.0
20116,0.0
20117,0.0
20118,0.0
20119,0.0
20120,0.0
20121,0.08517578144462173
20122,0.18346773047389045
20123,0.20952079221645084
20124,0.24480139359635797
20125,0.2564569217896218
20126,0.23901902242182263
20127,0.18175914937344387
20128,0.0
20129,0.0
20130,0.0
20131,0.0
20132,0.0
20133,0.0
20134,0.0
20135,0.0
20136,0.0
20137,0.0
20138,0.0
20139,0.0
20140,0.0
20141,0.0
20142,0.0
20143,0.0
20144,0.0
20145,0.0
20146,0.07818917775695666
20147,0.13819491313947352
20148,0.18113013422659843
20149,0.7501290694456274
20150,0.47823464500307017
20151,0.1775026404019479
20152,0.15462201159872346
20153,0.0
20154,0.0
20155,0.0
20156,0.0
20157,0.0
20158,0.0
20159,0.0
20160,0.0
20161,0.0
20162,0.0
20163,0.0
20164,0.0
20165,0.0
20166,0.0
20167,0.0
20168,0.0
20169,0.19013692004611868
20170,0.284460947032769
20171,0.5472855549117212
20172,0.22264608654013465
20173,0.0
20174,0.0
20175,0.0
20176,0.0
20177,0.0
20178,0.0
20179,0.0
20180,0.0
20181,0.0
20182,0.0
20183,0.0
20184,0.0
20185,0.0
20186,0.0
20187,0.0
20188,0.0
20189,0.0
20190,0.0
20191,0.0
20192,0.0
20193,0.0
20194,0.0
20195,0.0
20196,0.0
20197,0.8815742708613797
20198,1.6640193175850433
20199,0.02584210855650166
20200,2.7251461346558687
20201,0.21142573250634347
20202,0.0
20203,0.0
20204,0.0
20205,0.0
20206,0.0
20207,0.0
20208,0.0
20209,0.0
20210,0.0
20211,0.0
20212,0.0
20213,0.0
20214,0.0
20215,0.0
20216,0.0
20217,0.10837824399535938
20218,0.21055102737511192
20219,0.10368146363386953
20220,0.10718731096263667
20221,0.033236187538820676
20222,0.3224527090869717
20223,0.12970944999819153
20224,0.04644749859034856
20225,0.061607234068404126
20226,0.0
20227,0.0
20228,0.0
20229,0.0
20230,0.0
20231,0.0
20232,0.0
20233,0.0
20234,0.0
20235,0.0
20236,0.0
20237,0.0
20238,0.0
20239,0.0
20240,0.0
20241,0.036208378442511416
20242,0.0
20243,0.0
20244,0.0
20245,0.0
20246,0.0
20247,0.0
20248,0.0
20249,0.0
20250,0.0
20251,0.0
20252,0.0
20253,0.0
20254,0.0
20255,0.0
20256,0.0
20257,0.0
20258,0.0
20259,0.0
20260,0.0
20261,0.0
20262,0.0
20263,0.0
20264,0.0
20265,0.0
20266,0.0
20267,0.0
20268,0.0
20269,0.07678462210996564
20270,0.18735760579451524
20271,0.10721677395300021
20272,0.0
20273,0.0
20274,0.0
20275,0.0
20276,0.0
20277,0.0
20278,0.0
20279,0.0
20280,0.0
20281,0.0
20282,0.0
20283,0.0
20284,0.0
20285,0.0
20286,0.0
20287,0.0
20288,0.0
20289,0.03236547266804803
20290,0.0882255938528384
20291,0.13928808584821895
20292,0.07157882069892398
20293,0.04051814999708085
20294,0.0
20295,0.0
20296,0.0
20297,0.0
20298,0.0
20299,0.0
20300,0.0
20301,0.0
20302,0.0
20303,0.0
20304,0.0
20305,0.0
20306,0.0
20307,0.0
20308,0.0
20309,0.0
20310,0.0
20311,0.0
20312,0.07618796688704906
20313,0.174615621903905
20314,0.13708541403397373
20315,0.0
20316,0.0
20317,0.0
20318,0.41533065909112316
20319,0.0
20320,0.0
20321,0.0
20322,0.0
20323,0.0
20324,0.0
20325,0.0
20326,0.0
20327,0.0
20328,0.0
20329,0.0
20330,0.0
20331,0.0
20332,0.0
20333,0.0
20334,0.0
20335,0.0
20336,0.0
20337,0.10752167821269423
20338,0.21408737742014616
20339,0.05853958562131264
20340,0.06469097989190052
20341,0.13896011972198963
20342,0.07208060579807739
20343,0.42116861022385615
20344,0.0
20345,0.0
20346,0.0
20347,0.0
20348,0.0
20349,0.0
20350,0.8838460579630337
20351,5.022970051801053
20352,0.06396215411010497
20353,0.0
20354,0.0
20355,0.3672185886967807
20356,0.2578352682966894
20357,0.0
20358,0.0
20359,0.0
20360,0.0
20361,0.12916008128783568
20362,0.11247287357858472
20363,0.042499113383998824
20364,0.0
20365,0.0
20366,0.0
20367,0.5927485006987321
20368,0.0
20369,0.0
20370,0.0
20371,0.0
20372,0.0
20373,0.0
20374,0.0
20375,0.0
20376,0.0
20377,0.0
20378,0.0
20379,0.0
20380,0.0
20381,0.0
20382,0.0
20383,0.0
20384,0.0
20385,0.0
20386,0.0
20387,0.0
20388,0.061303187061386044
20389,0.0
20390,1.0749207595927215
20391,0.3964109877703761
20392,0.027829925950204528
20393,0.263889272327152
20394,0.0873559094216667
20395,0.0
20396,0.0
20397,0.0
20398,0.0
20399,3.334201006341075
20400,1.1172403944415628
20401,0.13697917096839213
20402,0.0
20403,0.0
20404,0.0
20405,0.0
20406,0.0
20407,0.0
20408,0.0
20409,0.0
20410,0.13088826693228678
20411,0.12854290853626557
20412,0.03743051181641675
20413,0.0
20414,0.0
20415,0.0
20416,0.0
20417,0.0
20418,0.0
20419,0.0
20420,0.0
20421,0.0
20422,0.0
20423,0.0
20424,0.0
20425,0.0
20426,0.0
20427,0.0
20428,0.0
20429,0.0
20430,0.0
20431,0.0
20432,0.0
20433,0.0
20434,0.0
20435,0.03779397041049516
20436,0.09557572685707075
20437,0.04556276755610761
20438,0.0
20439,0.0
20440,0.0
20441,0.0
20442,0.0
20443,0.0
20444,0.0
20445,0.0
20446,0.0
20447,0.0
20448,0.0
20449,0.0
20450,0.0
20451,0.0
20452,0.0
20453,0.0
20454,0.0
20455,0.0
20456,0.0
20457,0.0
20458,0.0
20459,0.2033890441200516
20460,0.5547470641844391
20461,0.1386276401582304
20462,0.03579488059102158
20463,0.17200158201490537
20464,0.2652731561957673
20465,0.017519873008780353
20466,0.0
20467,0.0
20468,0.0
20469,0.0
20470,0.0
20471,0.0
20472,0.0
20473,0.0
20474,0.0
20475,0.0
20476,0.0
20477,0.0
20478,0.0
20479,0.0
20480,0.0
20481,0.0
20482,0.0
20483,0.08117930718056653
20484,0.07050697385637408
20485,0.07498481176301672
20486,0.21056334298474597
20487,0.40022917099913036
20488,0.2798790739558103
20489,0.10298944653521205
20490,0.07759116368898424
20491,0.0
20492,0.0
20493,0.0
20494,0.0
20495,0.0
20496,0.0
20497,0.0
20498,0.0
20499,0.0
20500,0.0
20501,0.0
20502,0.0
20503,0.0
20504,0.0
20505,0.0
20506,0.06811714174155929
20507,0.12044567174327774
20508,0.37225593817448427
20509,0.6661867944293705
20510,0.5261103491929611
20511,0.0
20512,0.0
20513,0.0
20514,0.0
20515,0.0
20516,0.0
20517,0.0
20518,0.0
20519,0.0
20520,0.0
20521,0.0
20522,0.0
20523,0.0
20524,0.0
20525,0.0
20526,0.0
20527,0.0
20528,0.0
20529,0.03662559029136696
20530,0.09718735010795738
20531,0.08113246457083119
20532,0.08720377129575019
20533,0.0
20534,0.0
20535,0.0
20536,0.0
20537,0.0
20538,0.0
20539,0.0
20540,0.0
20541,0.0
20542,0.0
20543,0.0
20544,0.0
20545,0.0
20546,0.0
20547,0.0
20548,0.0
20549,0.0
20550,0.0
20551,0.0
20552,0.0
20553,0.0
20554,0.028824484954280284
20555,0.021024228524851193
20556,0.0
20557,0.0
20558,0.0
20559,0.0
20560,0.6018746618080496
20561,0.01437652312484479
20562,0.0
20563,0.0
20564,0.0
20565,0.0
20566,0.0
20567,0.0
20568,0.0
20569,0.0
20570,0.0
20571,0.0
20572,0.0
20573,0.0
20574,0.0
20575,0.0
20576,0.0
20577,0.0
20578,0.06498753923763165
20579,0.19904991565038457
20580,0.07985743106794882
20581,0.06308692339287163
20582,0.0
20583,0.06133785044856687
20584,0.019201855603177997
20585,0.0549467463624642
20586,0.0
20587,0.0
20588,0.0
20589,0.0
20590,0.0
20591,0.0
20592,0.0
20593,0.0
20594,0.0
20595,0.0
20596,0.0
20597,0.0
20598,0.0
20599,0.0
20600,0.0
20601,0.0
20602,0.0
20603,0.0
20604,0.0
20605,0.0354921340578285
20606,0.0
20607,0.0
20608,0.0
20609,0.0
20610,0.0
20611,0.0
20612,0.0
20613,0.0
20614,0.0
20615,0.0
20616,0.0
20617,0.0
20618,0.0
20619,0.0
20620,0.0
20621,0.0
20622,0.0
20623,0.0
20624,0.0
20625,0.0
20626,0.037007513322834446
20627,0.03850750035856334
20628,0.0
20629,0.0
20630,0.019185299563169965
20631,0.0
20632,0.0
20633,0.0
20634,0.0
20635,0.0
20636,0.0
20637,0.0
20638,0.0
20639,0.0
20640,0.0
20641,0.0
20642,0.0
20643,0.0
20644,0.0
20645,0.0
20646,0.0
20647,0.0
20648,0.0
20649,0.0
20650,0.10472247035234626
20651,0.27892900928858144
20652,0.6257817549895461
20653,0.23972799289417895
20654,0.07777489196967663
20655,0.10992587257324454
20656,0.09786447243227686
20657,0.0
20658,0.0
20659,0.0
20660,0.0
20661,0.0
20662,0.0
20663,0.0
20664,0.0
20665,0.0
20666,0.0
20667,0.0
20668,0.0
20669,0.0
20670,0.0
20671,0.0
20672,0.0
20673,0.0
20674,0.0
20675,0.0
20676,0.0
20677,0.0
20678,0.0
20679,0.19811901285497063
20680,0.08774134334232198
20681,0.0
20682,0.0
20683,0.0
20684,0.0
20685,0.0
20686,0.0
20687,0.0
20688,0.0
20689,0.0
20690,0.0
20691,0.0
20692,0.0
20693,0.0
20694,0.0
20695,0.0
20696,0.0
20697,0.0
20698,0.11940129741250681
20699,0.1278675077197244
20700,0.08405738775235572
20701,0.0033271835778884463
20702,0.14909869599990763
20703,0.14494360747654003
20704,0.03537866675435858
20705,0.2792093664834604
20706,0.3260994374601296
20707,0.043228708297703665
20708,0.0
20709,0.0
20710,0.0
20711,0.0
20712,0.0
20713,0.0
20714,0.0
20715,0.0
20716,0.0
20717,0.0
20718,0.0
20719,0.0
20720,0.0
20721,0.0
20722,0.0
20723,0.0
20724,0.0
20725,0.1573118340287355
20726,0.10932613641308628
20727,1.4819641419151548
20728,2.375086110887273
20729,0.9674829417552303
20730,2.177509091176575
20731,2.698815366196611
20732,2.032997872589759
20733,0.022510570188884436
20734,0.012412150545934239
20735,0.0
20736,0.0
20737,0.0
20738,0.08625307169390586
20739,0.08122913659244739
20740,0.0
20741,0.0
20742,0.0
20743,0.0
20744,0.0
20745,0.0
20746,0.0
20747,0.0
20748,0.0
20749,0.0
20750,0.3574514184811137
20751,0.11006714674715558
20752,0.5867121355880812
20753,0.0030151445916073347
20754,0.0
20755,0.0
20756,0.025944284849632515
20757,0.19186456027022486
20758,0.0
20759,0.0
20760,0.0
20761,0.0
20762,0.0
20763,0.0
20764,0.0
20765,0.0
20766,0.0
20767,0.0
20768,0.0
20769,0.02820037964609501
20770,0.0
20771,0.0
20772,0.0
20773,6.214093851032887
20774,0.11135574945265478
20775,0.5648189429197918
20776,0.13248484850598052
20777,0.13643070088509276
20778,0.3221339459015671
20779,0.7546099846159202
20780,0.29921571377585066
20781,0.11791213383851892
20782,0.0
20783,0.03592714046179302
20784,0.2757723359616177
20785,0.37896862908387396
20786,0.25790381431107334
20787,0.047784739265951025
20788,0.0
20789,0.0
20790,0.039831446472768074
20791,0.16638699448520802
20792,0.057170959135828196
20793,0.0
20794,0.09239297306213898
20795,0.18991396823422338
20796,0.15347965731377744
20797,0.10907402287058107
20798,3.422662049276814
20799,1.0920693719547452
20800,0.28434311877360124
20801,2.431536005238318
20802,0.4097942883351604
20803,0.8325653590966544
20804,0.5041042940860262
20805,0.04093735237850156
20806,0.0
20807,0.0
20808,0.0
20809,0.0
20810,0.0
20811,0.0
20812,0.0
20813,0.0
20814,0.0
20815,0.0
20816,0.0
20817,0.0789499772100128
20818,0.0028475709468910293
20819,0.1171572484330062
20820,0.0
20821,0.14679061322888579
20822,1.041251905953029
20823,13.37212421430733
20824,0.3651653394795108
20825,2.139103714263031
20826,2.09816888335511
20827,1.133248294473996
20828,1.6407605486337498
20829,0.3585982429645829
20830,0.5856376295716276
20831,0.1914455527762089
20832,0.34207422644440455
20833,0.11907683006992237
20834,0.06291696180827228
20835,0.0
20836,0.0
20837,0.0
20838,0.0
20839,0.0
20840,0.0
20841,0.07793112296217876
20842,0.15596109827821827
20843,0.27941619772116866
20844,9.308201868022536
20845,0.4164945857811541
20846,0.9878030085594565
20847,0.6894788500871207
20848,0.19151739728881723
20849,5.703752761831162
20850,1.5761820257865289
20851,4.364628519368862
20852,1.3717125624154491
20853,0.5130763951291976
20854,0.07939956812459498
20855,0.10308619035812751
20856,0.21906939771446618
20857,0.15668387404175213
20858,0.1155640420883689
20859,0.10862457409843784
20860,0.08740120102241093
20861,0.08912735991373302
20862,0.029058946118004962
20863,0.0
20864,0.0
20865,0.11640702886049399
20866,0.27623859689524166
20867,0.24957343716514438
20868,0.37726689233838523
20869,6.515094616610263
20870,0.5928606727553927
20871,0.2009798121164827
20872,0.039995768329445694
20873,0.8270467033595458
20874,0.5162107318012972
20875,0.2196238776363669
20876,0.12287178251840122
20877,0.06021468657504335
20878,1.3834339295358928
20879,2.5980981297970476
20880,1.0658041816503894
20881,0.43683966442861116
20882,0.21962380386172933
20883,0.1195832046593322
20884,0.16503798195414068
20885,0.08725880772870871
20886,0.21792233746640496
20887,0.13609733402392485
20888,0.05540342483783192
20889,0.03772815321147126
20890,0.06818669401263637
20891,0.031551958092551825
20892,0.0
20893,1.4022797701926561
20894,2.069832038407823
20895,1.1452277275180356
20896,0.9225114660094079
20897,2.728858265920441
20898,2.783022476058492
20899,1.4097154683276993
20900,1.2461967185574168
20901,0.19998695651904197
20902,0.05528429174503507
20903,0.14064205180197514
20904,0.14783870855456835
20905,0.0629929224799282
20906,0.0
20907,0.0
20908,0.0880928214995422
20909,0.05591124866585774
20910,0.0172777444781757
20911,0.04642473312130798
20912,0.0
20913,0.1402420089080801
20914,0.08750657021808882
20915,0.0
20916,0.0
20917,0.0
20918,0.0
20919,0.005038369663752923
20920,0.0
20921,0.0
20922,0.0
20923,0.0
20924,0.044743848919428814
20925,0.062384810309767016
20926,0.0
20927,0.0
20928,0.061901662621723356
20929,0.06531929443982294
20930,0.0
20931,0.0
20932,0.0
20933,0.0
20934,0.0
20935,0.0
20936,0.09393150310906145
20937,0.18132782428293398
20938,0.2168381628316506
20939,0.0873846723357923
20940,0.0
20941,0.0
20942,0.046994500649845825
20943,0.8916378551855382
20944,0.7269199527124919
20945,1.0370188030632685
20946,0.723786757858539
20947,0.24772327963453916
20948,0.20433802587661012
20949,1.1721444078302778
20950,0.5711913837524967
20951,0.3094285232013438
20952,0.08045637662528105
20953,0.016468243327328876
20954,0.0
20955,0.05415934086242471
20956,0.10622294283315097
20957,0.0
20958,0.0
20959,0.0
20960,0.0
20961,0.03151605376641751
20962,0.0
20963,0.0
20964,0.24700040131248824
20965,0.15597650536396232
20966,1.5547032298168624
20967,0.09554170844126468
20968,0.0
20969,0.0
20970,0.0
20971,0.0
20972,3.285065501053589
20973,0.32415138169835167
20974,0.15846585788557566
20975,0.0
20976,0.0
20977,0.0
20978,0.0
20979,0.0
20980,0.0
20981,0.0
20982,0.0
20983,0.0
20984,0.09794229540177787
20985,0.09953267103492797
20986,0.09540519194470412
20987,0.0
20988,0.0
20989,0.0
20990,0.0
20991,0.1793702319044412
20992,0.0
20993,0.0
20994,0.0
20995,0.0
20996,0.0
20997,0.0
20998,0.07120349928593125
20999,0.0
21000,0.0
21001,0.0
21002,0.0
21003,0.0
21004,0.0
21005,0.0
21006,0.0
21007,0.0
21008,0.0
21009,0.07506284287362032
21010,0.03338986720153306
21011,0.0
21012,0.0
21013,0.0
21014,0.4229193345472588
21015,0.3994164791625512
21016,2.4988978135441218
21017,0.5671781269924266
21018,0.0
21019,0.0
21020,0.0
21021,0.0
21022,0.0
21023,0.0
21024,0.0
21025,0.0
21026,0.0
21027,0.0
21028,0.0
21029,0.0
21030,0.0
21031,0.0
21032,0.0
21033,0.1016676086426745
21034,0.0352268036832668
21035,0.04960296035779755
21036,0.061820201300691824
21037,0.16463635297618354
21038,1.4102712600027072
21039,0.0
21040,0.4783190453433694
21041,0.20977435224389362
21042,3.3942567943828243
21043,0.08167041744550185
21044,0.09490559299585753
21045,3.257289484791239
21046,0.4526968369097856
21047,0.0
21048,0.0
21049,0.0
21050,0.0
21051,0.0
21052,0.0
21053,0.0
21054,0.0
21055,0.0
21056,0.0
21057,0.17851738124628702
21058,0.0
21059,0.0
21060,0.0
21061,0.0
21062,0.06270152597100784
21063,0.1340203970925534
21064,0.0
21065,0.0
21066,0.051705108709322406
21067,0.0
21068,0.0
21069,0.0
21070,0.1796413397205394
21071,1.359798613410826
21072,2.2295851410101966
21073,2.3317579139321767
21074,0.3876134752069642
21075,0.4408943194143902
21076,3.8404061816946435
21077,0.6041437938754419
21078,5.228839817788528
21079,0.318782413037341
21080,2.0554860358475535
21081,0.4296416701335501
21082,2.905257267136737
21083,2.844819216155889
21084,0.5093452603542337
21085,0.778257939407952
21086,0.6231198531612411
21087,0.5641349320994641
21088,3.158821285346087
21089,0.13571755347426517
21090,0.6003367927551253
21091,0.1819554772151273
21092,0.4066005860113395
21093,0.06886236500089964
21094,0.0
21095,0.0
21096,0.0
21097,0.0
21098,0.0
21099,0.0
21100,0.0
21101,0.0
21102,0.0
21103,0.0
21104,0.0
21105,0.16007733475318414
21106,0.11462930640808551
21107,0.0
21108,0.0
21109,0.0
21110,0.0
21111,0.0
21112,0.0
21113,0.0
21114,0.0
21115,0.0
21116,0.0
21117,0.0
21118,0.0
21119,0.0
21120,0.0
21121,0.0
21122,0.0
21123,0.0
21124,0.0
21125,0.0
21126,0.0
21127,0.0
21128,0.060577915493095186
21129,0.0626428107594923
21130,0.08178849154023597
21131,0.08215265754423308
21132,0.0
21133,0.0
21134,0.0
21135,0.18101717981312893
21136,0.24052906440341443
21137,2.182459631858835
21138,0.23930013927265617
21139,0.0
21140,0.0
21141,0.0
21142,0.0
21143,0.7172541506666503
21144,4.630923482193488
21145,0.40844766637826047
21146,0.16631099964644291
21147,0.07842602594856365
21148,0.0
21149,0.0
21150,0.0
21151,0.0
21152,0.0
21153,0.800418876520669
21154,0.0
21155,0.0
21156,0.10543335151789163
21157,0.27671064527584305
21158,0.7589380531515817
21159,0.0
21160,0.032140145566257654
21161,0.0
21162,0.0
21163,0.0
21164,0.0
21165,0.0
21166,0.0
21167,0.08490997620978873
21168,0.2365665605056318
21169,0.1700012698914754
21170,0.08964474971698715
21171,0.055000763276854964
21172,0.0
21173,0.0
21174,0.0
21175,0.0
21176,0.05498457376028364
21177,0.39910999790018076
21178,0.12841543766362887
21179,0.13728919522247304
21180,0.006388231065394493
21181,0.2512266613251804
21182,0.10910776607987556
21183,0.010355184894370659
21184,0.0
21185,0.26571379269601375
21186,0.8405335940875881
21187,0.18472744453337595
21188,0.05653726369028105
21189,0.0
21190,0.0
21191,0.0
21192,0.1861593456039707
21193,0.019529083558720274
21194,0.0
21195,0.0
21196,0.0
21197,0.0
21198,0.0
21199,0.0
21200,0.0
21201,0.060734858099200005
21202,0.11089806355438256
21203,0.09296538232226438
21204,0.0
21205,0.12865409946517542
21206,0.904044687123519
21207,2.2706908938947903
21208,0.04867547881791374
21209,0.31893480081870385
21210,0.10619149036011606
21211,0.5238060223024184
21212,0.1938543962810856
21213,0.5239852435194
21214,0.0
21215,0.0
21216,0.0
21217,0.0
21218,0.31053209751298905
21219,0.4661671499325291
21220,0.0
21221,0.0
21222,0.0
21223,0.0
21224,0.0
21225,0.1174743486135235
21226,0.08502292788072643
21227,0.0
21228,0.0
21229,0.0
21230,0.0
21231,0.0
21232,0.0
21233,0.0
21234,0.0
21235,0.0
21236,0.01726797026714752
21237,2.6126292670447864
21238,0.06239997967240236
21239,0.0
21240,0.0
21241,0.0
21242,0.0
21243,0.0
21244,0.0
21245,0.0
21246,0.0
21247,0.0
21248,0.0
21249,0.0
21250,0.031595408087156655
21251,0.08527134552338525
21252,0.0
21253,0.0
21254,0.0
21255,0.0
21256,0.10492548821443284
21257,0.34965554376936586
21258,0.09418076226748802
21259,0.0
21260,0.0
21261,0.0
21262,0.0
21263,0.0
21264,0.0
21265,0.0
21266,0.0
21267,0.0
21268,0.0
21269,0.0
21270,0.0
21271,0.0
21272,0.0
21273,0.0
21274,0.0
21275,0.0
21276,0.0
21277,0.0
21278,0.0
21279,0.0
21280,0.0
21281,0.3909519455709383
21282,0.07702999139886561
21283,0.0
21284,0.0
21285,0.0
21286,0.0
21287,0.0
21288,0.0
21289,0.0
21290,0.0
21291,0.0
21292,0.0
21293,0.0
21294,0.0
21295,0.0
21296,0.0
21297,0.0
21298,0.03006257022318571
21299,0.030419782098956755
21300,0.0
21301,0.0
21302,0.2273633715451472
21303,1.5656302139565983
21304,0.0
21305,0.0
21306,0.16268613062002157
21307,0.0
21308,0.0
21309,0.0
21310,0.0
21311,0.0
21312,0.0
21313,0.0
21314,0.0
21315,0.0
21316,0.0
21317,0.0
21318,0.0
21319,0.0
21320,0.0
21321,0.06913179782795136
21322,0.10296502234185664
21323,0.0629593226497882
21324,0.06666721727651667
21325,0.6676805049710304
21326,0.13695950706191265
21327,0.15157050427310154
21328,0.8628894253830037
21329,0.08555776553760762
21330,0.06710888402749449
21331,0.4050526210630237
21332,0.03652043855590936
21333,0.2881976258047408
21334,2.5293732431843896
21335,8.055761597699943
21336,3.73389400628568
21337,4.6689273502521775
21338,0.14799629052562638
21339,0.028789014580912153
21340,0.0
21341,0.0
21342,0.0
21343,0.0
21344,0.0
21345,0.0
21346,0.0
21347,0.0
21348,0.0
21349,0.0
21350,0.0
21351,0.20959303500876642
21352,0.2727921419415295
21353,1.0596839020311088
21354,0.046967987571365076
21355,0.0
21356,0.0
21357,0.0
21358,0.0
21359,0.20911027986562788
21360,0.2636067271002199
21361,0.06503204779943797
21362,0.0
21363,0.0
21364,0.0
21365,0.0
21366,0.0
21367,0.0
21368,0.0
21369,0.0
21370,0.0
21371,0.0
21372,0.08976131229977818
21373,0.11486337219210264
21374,1.2187509523262874
21375,0.09412083702554913
21376,0.0
21377,0.2313882087220561
21378,0.0
21379,0.0
21380,0.0
21381,0.0
21382,0.0
21383,0.0
21384,0.0
21385,0.0
21386,0.0
21387,0.0
21388,0.0
21389,0.0
21390,0.0
21391,0.0
21392,0.0
21393,0.0
21394,0.0
21395,1.3125864648970413
21396,0.009400688204587362
21397,0.0
21398,0.0
21399,0.0
21400,1.0404309066178048
21401,1.0545107702729102
21402,0.12522148941590347
21403,0.16662706895142967
21404,0.0
21405,0.01990821296034669
21406,0.0
21407,0.0
21408,0.00778839102833651
21409,0.0
21410,0.0
21411,0.28627124479327265
21412,0.0
21413,0.0
21414,0.0
21415,0.0
21416,0.0
21417,0.08028919226390673
21418,0.12898169032585344
21419,0.023058088379192435
21420,0.0
21421,0.0
21422,0.7144404654939979
21423,0.02637808310897473
21424,0.05289638941930971
21425,0.0
21426,0.0
21427,0.0
21428,0.0
21429,0.0
21430,0.0
21431,0.1324527574391119
21432,0.10468768650278773
21433,0.055437689376277646
21434,0.0
21435,0.06955244328493801
21436,0.2137364288755239
21437,0.0
21438,0.0
21439,0.0
21440,0.0
21441,0.0
21442,0.12993669962805748
21443,0.06550957340270772
21444,0.0902733456163819
21445,3.329548268969308
21446,0.19190083202791808
21447,0.13720419539023332
21448,0.29216467735658236
21449,0.21244030238956615
21450,0.043052249571652594
21451,0.0
21452,0.0
21453,0.0
21454,0.17009949437404634
21455,0.0
21456,0.0
21457,0.0
21458,4.437152316268632
21459,0.7312030928615548
21460,0.0
21461,0.0
21462,0.0
21463,0.0
21464,0.0
21465,0.0
21466,0.0
21467,0.0
21468,0.0
21469,0.5991815778986731
21470,0.7647534033408693
21471,1.2467473482711928
21472,5.113119994240587
21473,0.5146890508823815
21474,0.0
21475,0.0
21476,0.0
21477,0.0
21478,1.5937380239618217
21479,0.1977990032752896
21480,0.0
21481,0.0
21482,0.0
21483,0.0
21484,0.0
21485,0.0
21486,0.0
21487,0.0
21488,0.0
21489,0.0
21490,0.0
21491,0.08848854404386539
21492,0.0
21493,0.0
21494,2.3793977300811604
21495,2.7723290091210826
21496,2.5267260491551506
21497,0.38190816063660704
21498,0.09648951329570456
21499,0.0
21500,0.0
21501,0.0
21502,0.0
21503,0.0
21504,0.0
21505,0.0
21506,0.0
21507,0.0
21508,0.0
21509,0.0
21510,0.0
21511,0.0
21512,0.0
21513,0.042546370716074346
21514,0.09057693067249054
21515,0.10457182875151243
21516,0.05753152088910394
21517,0.07003322875650007
21518,0.26677917817752955
21519,0.4824085528976246
21520,0.4377211998637836
21521,2.0530609206330723
21522,2.0982041180811817
21523,0.0
21524,0.0
21525,0.0
21526,0.0
21527,0.0
21528,0.0
21529,0.0
21530,0.0
21531,0.0
21532,0.0
21533,0.0
21534,0.0
21535,0.0
21536,0.0
21537,0.0
21538,0.0
21539,0.09913622916126849
21540,0.1378586068979388
21541,0.0
21542,0.10195110696449738
21543,0.19160105390743115
21544,1.8644828429810134
21545,0.0
21546,0.0
21547,0.0
21548,0.0
21549,0.0
21550,0.032533154178403884
21551,0.0
21552,0.0
21553,0.0
21554,0.0
21555,0.0
21556,0.0
21557,0.0
21558,0.0
21559,0.0
21560,0.0
21561,0.0
21562,0.03639125632440935
21563,0.0
21564,0.0
21565,0.0
21566,0.0
21567,2.1277633819980175
21568,0.15452227112625935
21569,0.0
21570,0.0
21571,0.0
21572,0.0
21573,0.0
21574,0.14661066977709228
21575,0.16674067195060507
21576,0.05114117623978753
21577,0.08511104487380738
21578,0.10956525377211572
21579,0.0
21580,0.0
21581,0.0
21582,0.0
21583,0.0
21584,0.0
21585,0.012230893392811693
21586,0.048644844132977844
21587,0.019576736153028747
21588,0.0
21589,0.3008022012655118
21590,0.5849361418697636
21591,0.8246143596532611
21592,1.1932044496707384
21593,0.0
21594,0.0
21595,0.0
21596,0.0
21597,0.155730381594029
21598,0.0
21599,0.0
21600,0.0
21601,0.0
21602,0.0
21603,0.0
21604,0.0
21605,0.0
21606,0.0
21607,0.0
21608,0.0
21609,0.0
21610,0.0
21611,0.15165255869591823
21612,0.1521594980423176
21613,0.03719583457782458
21614,0.0
21615,1.5566613689914852
21616,7.156872913945146
21617,0.4699053877086802
21618,0.13883423129162345
21619,0.09999218707031528
21620,0.0
21621,0.0
21622,0.0
21623,0.0
21624,0.0
21625,0.0
21626,0.0
21627,0.0
21628,0.0
21629,0.0
21630,0.0
21631,0.0
21632,0.0
21633,0.25196999180237606
21634,0.31515326430655394
21635,0.1861044332043776
21636,0.07528113409367311
21637,0.026463459561500584
21638,0.0
21639,0.0
21640,7.509353527445053
21641,0.19273554819275737
21642,0.15079029368704255
21643,0.0
21644,0.1111321398375017
21645,0.4334138275289692
21646,7.079613104435398
21647,0.1361687310436639
21648,0.0
21649,0.0
21650,0.0
21651,0.0
21652,0.0
21653,0.0
21654,0.0
21655,0.0
21656,0.0
21657,0.006931813468880394
21658,0.07875252301593128
21659,0.10352061164731567
21660,0.05696822466936088
21661,0.10510704070781171
21662,0.4071598321561623
21663,0.3757350197444015
21664,0.0
21665,0.0
21666,0.0
21667,0.0
21668,0.0
21669,0.0
21670,0.0
21671,0.0
21672,0.0
21673,6.569818642988271
21674,1.6736950114531381
21675,0.3495784277230512
21676,0.1542128110762645
21677,0.0
21678,0.0
21679,0.0
21680,0.0
21681,0.0
21682,0.03288190553679472
21683,0.28982010346596065
21684,0.22208881977255315
21685,0.3642385058083774
21686,0.10259353803795117
21687,1.2784779156849129
21688,0.03949180741869827
21689,0.5534160055320084
21690,0.19123757756144238
21691,0.0
21692,0.0
21693,0.0
21694,0.6195963229847337
21695,0.10985344768490563
21696,0.14691940605696027
21697,0.13692769560402007
21698,0.07087859332069717
21699,0.07762776975780318
21700,0.0
21701,0.0
21702,0.0
21703,0.0
21704,0.0
21705,0.0
21706,0.0
21707,0.21237392204711786
21708,0.33505778369203226
21709,1.2012887715857292
21710,1.4184674105414745
21711,3.814149568505374
21712,1.3888236534651046
21713,0.11139219667392483
21714,0.0
21715,0.04061502520277478
21716,0.0
21717,0.0
21718,0.0
21719,0.0
21720,0.0
21721,0.0
21722,0.0
21723,0.0
21724,0.0
21725,0.0
21726,0.0
21727,0.0
21728,0.0
21729,0.10262295101489133
21730,0.2125504370138675
21731,0.20901978972847768
21732,0.11626539496359509
21733,0.11698249373559984
21734,0.05333477753300489
21735,0.3036292758083207
21736,0.08531377640774847
21737,0.0
21738,0.011985274212707902
21739,0.0
21740,0.0
21741,0.0
21742,0.0
21743,0.0
21744,0.0
21745,0.0
21746,0.0
21747,0.0
21748,0.0
21749,0.0
21750,0.0
21751,0.0
21752,0.0
21753,0.0
21754,0.0
21755,0.275501317211403
21756,0.7423508117415488
21757,3.3524006436223295
21758,0.18988758813215464
21759,0.4507951768973831
21760,0.07007550106617905
21761,0.0
21762,0.0
21763,0.0
21764,0.0
21765,0.0
21766,0.0
21767,0.0
21768,0.0
21769,0.0
21770,0.0
21771,0.0
21772,0.0
21773,0.0
21774,0.0
21775,0.0
21776,0.0
21777,0.10785538185824935
21778,0.27924358413644956
21779,3.0699932228339883
21780,0.27260259575984125
21781,0.2730450611154159
21782,0.2506712916024467
21783,8.438612774016057
21784,0.19992450520360036
21785,0.14755236592303198
21786,0.0
21787,0.20041201858665855
21788,0.0
21789,0.020483882454090108
21790,0.19797362579608002
21791,0.1414659925244596
21792,0.6752304561911411
21793,2.3487241961404965
21794,3.1261906727009685
21795,2.0173810141001467
21796,0.5132188957068454
21797,0.172895132537283
21798,0.11900139046237614
21799,0.21617701810655957
21800,0.14595812578256973
21801,0.5768455437707426
21802,0.6378035459048035
21803,1.0432212057361114
21804,2.4968016382050062
21805,2.9231325104986587
21806,4.980115913996934
21807,5.87700115025332
21808,5.48402080115168
21809,2.884163859792996
21810,1.3370606030855656
21811,2.537874103275781
21812,1.1810028971767355
21813,0.06446343103079087
21814,0.0
21815,0.0
21816,0.0
21817,0.0
21818,0.0
21819,0.02320894001592062
21820,0.0
21821,0.2724986588252033
21822,0.08615109430438361
21823,0.025231652125734486
21824,0.026732766494061228
21825,0.08894580381858498
21826,0.0535808818252224
21827,0.19535820615362504
21828,0.2229506401738088
21829,4.873705341829085
21830,1.4133561450688192
21831,1.9901773661597446
21832,2.033556385071004
21833,2.0763236762670774
21834,1.5670447041413234
21835,1.2271121549689017
21836,0.6215414157218339
21837,1.1159287782246239
21838,2.26314121344583
21839,2.0610123587271354
21840,1.1546690546905707
21841,0.7166592510954356
21842,0.0949974560580409
21843,0.0
21844,0.0
21845,0.0
21846,0.0
21847,0.0
21848,0.0
21849,0.0721570393701891
21850,0.10924035178290539
21851,0.0
21852,0.10150803488105876
21853,0.33692638572149
21854,1.048916083774396
21855,4.747079301768074
21856,0.17647496895359324
21857,0.08076072742592558
21858,0.1003660035223425
21859,0.05698668574527621
21860,0.103153904080343
21861,0.6232925419304083
21862,0.3927932347111133
21863,0.09653289286966762
21864,0.3859756526067177
21865,0.03221543185897051
21866,0.019259768318228294
21867,0.05407232812750731
21868,1.043588161765974
21869,0.9579565589322818
21870,2.589826581451063
21871,0.9763498196960574
21872,0.19273856771253525
21873,0.01517450600608112
21874,0.0
21875,0.03256747787003732
21876,0.008173760457752385
21877,0.3338206198879505
21878,7.999357113612356
21879,0.5002913451787943
21880,3.9616056563033153
21881,0.07620631449548063
21882,0.22552586681392542
21883,0.0
21884,0.0
21885,0.9889483412901525
21886,5.928853497073767
21887,0.11873382244604154
21888,0.0
21889,0.0932572528408116
21890,0.1176280164371179
21891,0.0069045127823181
21892,0.0
21893,0.0
21894,0.0
21895,0.0
21896,0.15502299251225457
21897,0.14211748123915813
21898,0.14196719605840782
21899,0.06721756642023728
21900,0.0
21901,0.09400082317885393
21902,0.11317228150484687
21903,0.5629034348045424
21904,0.23113677071357888
21905,0.05573858248386465
21906,0.0
21907,1.9296801007839377
21908,2.5259538475223735
21909,0.07027159337000198
21910,0.10360735888219895
21911,0.09660097064972419
21912,0.05423942899713765
21913,0.0
21914,0.0
21915,0.0
21916,0.0
21917,0.0
21918,0.0
21919,0.0
21920,0.0
21921,0.0
21922,0.0
21923,0.0
21924,0.0
21925,0.19253350221452142
21926,0.2053098693689393
21927,0.0
21928,0.14295435103968307
21929,0.23239367980945308
21930,0.04407109835021865
21931,0.0
21932,0.0
21933,0.0
21934,0.0
21935,0.0
21936,0.0
21937,0.0
21938,0.0
21939,0.0
21940,0.0
21941,0.0
21942,0.0
21943,0.0
21944,0.0
21945,0.04309334695684385
21946,0.04192160708506275
21947,0.0
21948,0.0
21949,0.0
21950,0.0
21951,0.0
21952,0.0
21953,0.0
21954,0.0
21955,0.29390240596328693
21956,0.08883727174632715
21957,0.0
21958,0.0
21959,0.0
21960,0.0
21961,0.0
21962,0.0
21963,0.0
21964,0.0
21965,0.0
21966,0.0
21967,0.02426625415730591
21968,0.0
21969,0.05783917989877771
21970,0.07368447089742511
21971,0.0
21972,0.0
21973,0.0014775404758294443
21974,0.0
21975,0.7107810258120468
21976,0.2850435181372963
21977,0.12014897682145027
21978,0.009594601421657134
21979,0.0
21980,0.0
21981,0.6307746947550207
21982,0.3461583886047397
21983,0.33847473106936793
21984,0.22293388947428922
21985,0.05525850137453282
21986,0.0
21987,0.0
21988,0.0
21989,0.0
21990,0.0
21991,0.0
21992,0.04713945226167087
21993,0.06494304879744633
21994,0.12758282795090573
21995,0.12045389992031798
21996,0.03995993392394526
21997,3.5671077975239824
21998,1.4009519171365519
21999,1.2415180116592117
22000,1.5536977335987758
22001,3.3937938172222473
22002,0.3306078819128187
22003,0.13440470665119691
22004,0.03158173327341644
22005,0.08554157346311649
22006,0.0
22007,0.0
22008,0.0
22009,0.0
22010,0.0
22011,0.0
22012,0.0
22013,0.0
22014,0.0
22015,0.0
22016,0.0
22017,0.0
22018,0.0
22019,0.0
22020,0.04400913351423897
22021,3.2639142258319147
22022,8.29796879125729
22023,2.9971980230836635
22024,1.6703774912726073
22025,0.3269722628135438
22026,2.1937686549278927
22027,0.5248820280964822
22028,0.08978853557932627
22029,0.0
22030,0.0
22031,0.0
22032,0.0
22033,0.0
22034,0.0
22035,0.0
22036,0.0
22037,0.0
22038,0.0
22039,0.0
22040,0.0
22041,0.0
22042,0.13603099998133272
22043,0.2627863362120952
22044,0.8446279418955753
22045,4.747908299410338
22046,1.680244432110429
22047,1.2715292641286475
22048,2.7701567671463727
22049,2.9985877041310727
22050,0.13464269861428996
22051,0.1905821742904968
22052,0.19228952233453295
22053,3.3703566774567313
22054,0.12180433902954133
22055,0.0
22056,0.0
22057,0.03655148258535543
22058,0.03698706104741632
22059,0.07078035054154143
22060,0.689784591973481
22061,0.09200077923238613
22062,0.0
22063,0.0
22064,0.0
22065,2.121392819354683
22066,2.663362866406412
22067,0.2595936512655144
22068,0.2660533841810227
22069,0.38435335363018064
22070,0.36225638005401545
22071,1.5008597090825784
22072,0.20054797766714066
22073,0.03128430827033355
22074,0.06711860348703146
22075,0.0
22076,0.09111510694823276
22077,0.017475934656310185
22078,0.0
22079,3.2527154221197345
22080,5.308518371662459
22081,0.5625113415775558
22082,10.498996704226677
22083,0.3825706618648396
22084,1.9016488900855042
22085,1.1114235655275395
22086,0.23481385126300364
22087,0.08442782557470567
22088,0.0
22089,0.0
22090,0.08765714476695559
22091,0.023463363323247284
22092,0.07505684446694014
22093,0.17189739170576132
22094,0.6775136259147206
22095,0.731182657066515
22096,0.46000404097157327
22097,2.56256880600831
22098,0.1086974524255646
22099,0.10087416085163037
22100,0.0
22101,0.0
22102,0.0
22103,0.0
22104,0.0
22105,0.0
22106,0.0
22107,0.0
22108,0.0
22109,0.0
22110,0.0
22111,0.0
22112,0.0661504934471914
22113,0.08984278407339828
22114,0.09197213420878425
22115,0.06318230358659031
22116,0.0
22117,0.0
22118,1.0958565420415403
22119,0.04495157881315554
22120,1.4854304868452948
22121,0.47207259563966103
22122,1.5384987437834912
22123,0.0
22124,0.7740365541329897
22125,0.0
22126,0.0
22127,0.0
22128,0.0
22129,0.0
22130,0.0
22131,0.0
22132,0.0
22133,0.0
22134,0.0
22135,0.0
22136,0.27209566799999557
22137,0.0811290465170045
22138,0.15279219882500106
22139,0.17380168779319596
22140,0.13994088896114693
22141,0.06661460418769523
22142,0.0
22143,0.2172026119070617
22144,3.8115879467294693
22145,0.12414088625495455
22146,0.09078146803685921
22147,0.6827374357459685
22148,0.1949722759802501
22149,0.1376298391071438
22150,0.0
22151,0.09041046036778362
22152,0.27993238903617673
22153,5.72710817429691
22154,1.9763577168729796
22155,0.411395047001726
22156,0.010422920686163092
22157,0.0
22158,0.0
22159,0.0
22160,0.0
22161,0.039500131957151456
22162,0.06494198813379014
22163,0.13240938312615005
22164,0.1768136563324633
22165,0.10874125494751442
22166,4.164647142749472
22167,0.34780154404943364
22168,0.3453529790380005
22169,0.42976525567228174
22170,0.7245948483533886
22171,0.8143857368567685
22172,0.5297408158576479
22173,0.09303052962920036
22174,0.11064327349000302
22175,6.330131834704276
22176,2.824168057805443
22177,1.491311543159668
22178,0.5003067171908919
22179,0.37658838908714193
22180,0.25098705463943677
22181,0.06773624292794242
22182,0.0
22183,0.09908845432901865
22184,0.18879437402112545
22185,1.8068240683723917
22186,0.6586592523548733
22187,0.26272866589183225
22188,0.268858384192859
22189,0.2290636022445641
22190,0.23458442628869364
22191,0.10635797237757957
22192,0.0672327347481274
22193,0.06105167594271353
22194,0.0
22195,0.0028360577931502286
22196,0.0
22197,0.0
22198,0.0
22199,0.13966370014782736
22200,0.03802631182516639
22201,0.0
22202,0.0
22203,0.0
22204,0.0
22205,0.0
22206,0.0
22207,0.0
22208,0.0
22209,0.04354495662629217
22210,0.08735493767032937
22211,0.0792832087536923
22212,0.10059637653909725
22213,0.04902788593802465
22214,0.03669862514645079
22215,0.0996310439214518
22216,0.02228466894247059
22217,0.0
22218,0.0
22219,0.0
22220,0.10473825054678262
22221,0.36344655835015843
22222,0.21321334620252533
22223,0.5036173461009016
22224,0.0
22225,0.0
22226,0.0
22227,0.0
22228,0.0
22229,0.0
22230,0.0
22231,0.0
22232,0.11233108188914932
22233,0.2612674945011426
22234,0.1218074867160216
22235,0.025322792326078713
22236,0.0
22237,0.3492591746460565
22238,2.180460751102207
22239,0.47566937340785265
22240,0.5835488266409672
22241,0.9190952486797197
22242,0.1789095159841462
22243,0.7118985852418726
22244,0.06462799565485013
22245,0.2798883836875792
22246,0.1884946193074637
22247,0.0785475388255734
22248,0.0
22249,0.0
22250,0.0
22251,0.0
22252,0.0
22253,0.0
22254,0.0
22255,0.0
22256,0.0
22257,0.02631298851948479
22258,0.017422187681456487
22259,0.09533520935237073
22260,0.07053330668226658
22261,0.07105560385824768
22262,0.0
22263,2.179482873893082
22264,0.29885131488225675
22265,0.9632785399925786
22266,0.6064677504667668
22267,8.849131303893904
22268,2.930274563657104
22269,1.9893566435441805
22270,0.8919216626099401
22271,0.10901050168963564
22272,0.0
22273,0.0
22274,0.0
22275,0.0
22276,0.0
22277,0.0
22278,0.0
22279,0.0
22280,0.0
22281,0.0
22282,0.03684793496272634
22283,0.09652932908855752
22284,1.9536231655502583
22285,1.6142163870097994
22286,0.1264232090674263
22287,0.3079194602308365
22288,7.868915802677149
22289,1.1660366394760187
22290,1.7931162580299917
22291,0.32734183343718104
22292,3.15023229403233
22293,0.10099242518635689
22294,0.004730374665593785
22295,0.0
22296,0.0
22297,0.0
22298,0.0
22299,0.0
22300,0.0
22301,0.0
22302,0.1457024657186367
22303,0.0
22304,0.21868436208296627
22305,0.09274015621258239
22306,0.07774610332923776
22307,0.1206266160918206
22308,0.08675249270700534
22309,0.08668717099914211
22310,0.3868167499707012
22311,1.8218392120766418
22312,1.8215753528797083
22313,3.0873500534088354
22314,1.7278101350066184
22315,0.6110577068162641
22316,0.34553185604010994
22317,0.7327775209646987
22318,0.2205829010161033
22319,0.24010110938158774
22320,0.05584395810878899
22321,0.050184967255646036
22322,0.0
22323,0.0
22324,0.0
22325,0.0
22326,0.0
22327,0.0
22328,0.0
22329,0.07687123646138824
22330,0.14526233383770998
22331,0.10207456432236556
22332,0.038231933671241114
22333,0.09382334071399662
22334,0.049956557507842406
22335,0.18025592445088978
22336,3.7908708130541116
22337,0.7900518460275631
22338,0.048099915627878874
22339,0.0
22340,0.0
22341,0.0
22342,0.0
22343,0.0
22344,0.0
22345,0.0
22346,0.7031711016055758
22347,0.16792763016838028
22348,0.0
22349,0.05104649325453001
22350,0.08400816094190586
22351,0.0
22352,0.0
22353,0.0
22354,0.16886627140385646
22355,0.3614624166564911
22356,0.08249420150240061
22357,0.02844832533495878
22358,0.0
22359,0.06779654927841948
22360,0.0
22361,0.0
22362,0.0
22363,0.0
22364,0.0
22365,0.0
22366,0.0
22367,0.0
22368,0.824518462806468
22369,0.7835804925206341
22370,1.5619599090018488
22371,0.056292872334524555
22372,0.12569245138482757
22373,0.06277475902604247
22374,0.0
22375,0.0
22376,0.12169092345611254
22377,0.06914893936681732
22378,0.11635481377303811
22379,0.08870410208263181
22380,0.13423717091078358
22381,0.046805480339713094
22382,0.0
22383,0.18946680050307035
22384,0.20050139306517822
22385,0.2168635545520359
22386,0.05769330801270368
22387,0.0
22388,0.0
22389,0.0
22390,0.0
22391,0.0
22392,0.0
22393,0.0
22394,0.0
22395,0.0
22396,0.0
22397,0.0
22398,0.0
22399,0.0
22400,0.10543363739315356
22401,0.09562194936578246
22402,0.19291361276935723
22403,0.09906724707593104
22404,0.2817981661570106
22405,0.18122565755613018
22406,0.22910008841157534
22407,2.337250037656576
22408,0.01996039813674738
22409,0.18432162898875895
22410,1.9194713360571458
22411,0.0
22412,0.0
22413,0.0
22414,0.0
22415,0.0
22416,0.0
22417,0.0
22418,0.0
22419,0.0
22420,0.0
22421,0.0
22422,0.0
22423,0.0
22424,0.0
22425,0.0
22426,0.03607214404377876
22427,0.015937621626284516
22428,0.0015665209147708139
22429,0.16686595757219835
22430,2.5958208004754924
22431,0.20792964072632386
22432,0.5903240429667633
22433,0.018573661687500555
22434,0.0
22435,0.3311808749903335
22436,0.20945128139992597
22437,1.6525595319012738
22438,0.14034983579373633
22439,0.0
22440,0.0
22441,0.0
22442,0.0
22443,0.0
22444,0.0
22445,0.0
22446,0.0
22447,0.0
22448,0.0
22449,0.09431681789864096
22450,0.16232854484586284
22451,0.10418186020213482
22452,0.14301969078795868
22453,0.19027846845206256
22454,0.30919252974352857
22455,0.3272409007936109
22456,0.3624723123068575
22457,2.9594558008411145
22458,4.930870054533031
22459,2.03391049230364
22460,0.19353724169001787
22461,2.561348801173556
22462,0.47735079249781553
22463,0.0
22464,0.0
22465,0.0
22466,0.0
22467,0.0
22468,0.0
22469,0.0
22470,0.0
22471,0.0
22472,0.0
22473,0.0
22474,0.02640726124185956
22475,0.0
22476,0.019237491375339554
22477,1.378494755849947
22478,0.42275435491410684
22479,0.3634960819417853
22480,3.691248816236518
22481,3.360058160092787
22482,1.8280077337339773
22483,0.3915577727391626
22484,0.5384024181357219
22485,0.36695929910481934
22486,0.013342658515244401
22487,0.0
22488,0.0
22489,0.0
22490,0.0
22491,0.0
22492,0.0
22493,0.0
22494,0.0
22495,0.0
22496,0.0
22497,0.04203788914877449
22498,0.07663591928761639
22499,0.08743488502094215
22500,0.05521396840175252
22501,0.05493208039232049
22502,5.947711537510985
22503,1.825180399762911
22504,0.13636628238727397
22505,1.325294291114286
22506,0.36549296032892664
22507,0.09834660581309808
22508,0.0
22509,0.0
22510,0.0
22511,0.13746242711059953
22512,1.8584675189543378
22513,0.0929131031339658
22514,0.06289079860308303
22515,0.0
22516,0.0
22517,0.0
22518,0.0
22519,0.0
22520,0.07541804651421274
22521,0.07756656487528081
22522,0.023635537228485163
22523,0.018924179696209884
22524,0.017163000887485638
22525,0.10514716386671585
22526,0.004240268284879828
22527,0.1652085771156878
22528,2.090068864118188
22529,0.6064157773469279
22530,1.8400269438291628
22531,4.377910314616288
22532,0.1468697669297925
22533,0.09890990635808565
22534,0.011087962699724266
22535,0.0
22536,0.011472724688592804
22537,0.16215911680276496
22538,0.09920779246039121
22539,0.6210607426744691
22540,0.18793852494996377
22541,0.17033353078095892
22542,0.0
22543,0.03737979458753756
22544,0.04719135664055373
22545,0.13848731529466782
22546,0.10402667357738216
22547,0.15531191576293574
22548,0.2595224017145435
22549,0.09624361676269158
22550,0.05790033440716814
22551,0.33127555242265805
22552,0.839787245741337
22553,0.6130895570086521
22554,0.8620321088962352
22555,0.9249831400720725
22556,0.30405366486244967
22557,1.235954219123443
22558,0.14554595428731198
22559,0.11686805159331555
22560,0.009654483746240642
22561,0.0
22562,0.0
22563,4.2815138742113685
22564,3.9277943618024835
22565,0.13674222895447827
22566,0.028512716535972933
22567,0.0
22568,0.08509761012503789
22569,0.13605124339940358
22570,0.046453370463323804
22571,0.06405734414958801
22572,0.16136265719417908
22573,0.07749032701243101
22574,0.13725774171580724
22575,0.1824526907582198
22576,0.30943377717188125
22577,0.11101215948593919
22578,2.709721752120051
22579,0.7074291481687918
22580,0.23535806374072274
22581,2.0523753712878365
22582,3.6606892568942997
22583,0.1794876962897958
22584,0.12898053208543095
22585,0.17932588369324523
22586,0.003281855056657561
22587,0.31663608906952734
22588,0.15440320943066665
22589,0.07626374552754986
22590,0.17864305906012845
22591,0.16893157013503463
22592,0.16837102039520535
22593,0.18573116201215525
22594,0.2604313549391113
22595,0.006268121009035503
22596,0.10693076602306134
22597,0.12130463938384779
22598,4.080671517418215
22599,0.37193357819919903
22600,1.0696923095688602
22601,0.302061330268864
22602,0.22324889311637347
22603,0.7798828648679984
22604,1.7391172949723481
22605,1.7039466379508208
22606,2.0912001357136427
22607,0.7234871201903347
22608,0.18889858490045075
22609,0.15848761610161433
22610,0.05693575257291395
22611,0.21133236889837137
22612,0.13498771675623317
22613,0.18259101581274562
22614,0.7768674421504623
22615,0.273342502845435
22616,0.23796416631421294
22617,0.1362188559836398
22618,0.0805393896916595
22619,0.10337597206883604
22620,0.16692364912413193
22621,0.08817464554029567
22622,0.0
22623,0.0
22624,0.8528377069283494
22625,0.5391304173267714
22626,0.0660338309809165
22627,0.05034970019149293
22628,0.13471086064221643
22629,0.22350388352248088
22630,0.33324274129828346
22631,0.4632822339014879
22632,0.20759424558799275
22633,0.19674049953185044
22634,0.2325432272314667
22635,0.2580638692946624
22636,0.196820225782262
22637,0.09587032375247839
22638,0.0
22639,0.0
22640,0.0
22641,0.0
22642,0.0
22643,0.05278906757269943
22644,0.0676295910651793
22645,0.017738252451937053
22646,0.8956173193602768
22647,0.349821444840379
22648,0.7462910701782728
22649,0.4546987907803036
22650,1.6046672156333202
22651,2.9035966183236233
22652,1.5368618421258635
22653,0.7504365617251582
22654,0.11652986563977495
22655,0.06358244675210115
22656,0.0
22657,0.0
22658,0.0
22659,0.0
22660,0.0
22661,0.0
22662,0.0
22663,0.0
22664,0.0
22665,0.0
22666,0.0
22667,0.00889271230998482
22668,0.0
22669,0.0
22670,0.0
22671,0.0
22672,0.0
22673,0.0
22674,0.0
22675,0.0
22676,0.0
22677,0.0
22678,0.0
22679,0.0
22680,0.0
22681,0.0
22682,0.0
22683,0.0
22684,0.0
22685,0.0
22686,0.0
22687,0.0
22688,0.0
22689,0.056872555120252855
22690,0.0922014371153207
22691,0.047753535765219214
22692,0.19736231917530894
22693,0.14301187351437686
22694,0.0
22695,0.0
22696,0.04774688145472326
22697,0.4937651091095842
22698,0.02543316222774848
22699,0.37155467316784696
22700,1.673692319781253
22701,0.0
22702,1.0832820791788613
22703,0.31116831291611263
22704,0.18671448203560387
22705,0.0
22706,0.0
22707,0.0
22708,0.0
22709,0.0
22710,0.0
22711,0.0
22712,0.0
22713,0.0
22714,0.08916947889360623
22715,0.14500262256794638
22716,0.31401733149110833
22717,0.45093032634464175
22718,0.49251499366755863
22719,14.292563493006623
22720,2.425567522797937
22721,1.6287399797887763
22722,1.395758004246415
22723,0.1192619070608715
22724,0.0
22725,0.09576258039771052
22726,0.12578266244704817
22727,0.32877503660240637
22728,1.4355401226829463
22729,1.7736450967524182
22730,3.183313225832461
22731,2.749874422908578
22732,1.838519397985389
22733,1.6952238670709332
22734,0.1813475451892455
22735,0.4337548501088524
22736,2.458665292935705
22737,0.17798867796558213
22738,0.38252021865281166
22739,2.710397616359997
22740,0.8873561915248401
22741,2.690859976407599
22742,2.421664189754481
22743,5.001240047325883
22744,1.4627166758955137
22745,1.3924757082392556
22746,1.3065512410059525
22747,1.2040604239607995
22748,0.4487345620873996
22749,10.699110201075978
22750,1.464468982510866
22751,2.77525484175965
22752,1.105687268566622
22753,0.5402534551816766
22754,0.252318710980552
22755,0.06888100382173211
22756,0.24120074275346967
22757,0.4898614027295071
22758,0.42920517254185553
22759,0.31255338313871195
22760,0.21692779535520612
22761,0.12292639943971065
22762,0.04374577951536736
22763,0.21167170585912393
22764,0.10434096566455484
22765,0.1411028174203927
22766,0.08117052196921519
22767,2.5495800439961807
22768,1.0187762948801684
22769,0.3096352885698206
22770,3.0761308637675255
22771,0.026863099983583785
22772,0.0
22773,0.033211860823477525
22774,0.12459396380458929
22775,0.0958134304767873
22776,0.061289422927882115
22777,0.08166328747688482
22778,0.0058805959782829405
22779,1.6098633388502621
22780,0.3762825124840825
22781,0.06310524212879906
22782,0.0
22783,0.0
22784,0.0
22785,0.0
22786,0.07307432764435105
22787,0.024170914811602346
22788,0.29217946761797947
22789,6.2975135991056
22790,0.7147256139906102
22791,0.22141438651160678
22792,0.7999515534767959
22793,1.4768181681743762
22794,1.4619262804830335
22795,2.5901073846599165
22796,1.2026720402310083
22797,0.19975869756513318
22798,0.30050470569786364
22799,0.5605445004677407
22800,0.9625252678772277
22801,1.2108379068221595
22802,2.076718670311745
22803,1.1201778340493036
22804,1.0106655198489432
22805,1.3100225218323112
22806,1.5739950080768297
22807,0.9393860475370871
22808,0.9655492891550111
22809,0.36226632689190946
22810,0.18004144550639067
22811,0.05946413768253546
22812,0.21537980474029847
22813,0.007045998639575961
22814,0.0
22815,0.0
22816,2.986184602558224
22817,3.0349677887962896
22818,1.3987919103724025
22819,0.6055024616922918
22820,0.2973060325882376
22821,0.8848872578329561
22822,0.20700265252855193
22823,0.09683365817707407
22824,0.06034009489072295
22825,0.059499505635833685
22826,0.06049872635978313
22827,0.0
22828,0.0
22829,0.0
22830,0.0
22831,0.0
22832,0.0
22833,0.09731103129146686
22834,0.13827808078053516
22835,0.14798994609917443
22836,0.15277343986054515
22837,0.18898825905321195
22838,0.0
22839,0.0
22840,0.028352657392928627
22841,0.0
22842,0.0
22843,0.0
22844,0.0
22845,0.0
22846,0.0
22847,0.0
22848,0.0
22849,0.0
22850,0.0
22851,0.0
22852,0.0
22853,0.0
22854,0.0
22855,0.0
22856,0.0
22857,0.0
22858,0.0
22859,0.0
22860,0.0
22861,0.05810010654919627
22862,0.21006580094256422
22863,0.063350946684938
22864,0.0
22865,0.0
22866,0.0
22867,0.0
22868,0.0
22869,0.0
22870,0.0
22871,0.0
22872,0.0
22873,0.0
22874,0.0
22875,0.0
22876,0.0
22877,0.0
22878,0.0
22879,0.0
22880,0.0
22881,0.0
22882,0.506612572712716
22883,1.7647031865388756
22884,0.10804161836248116
22885,0.08706298844152692
22886,0.0
22887,0.09334298039755431
22888,0.4447093337021504
22889,1.6913307787334255
22890,0.04148971022933841
22891,0.0
22892,0.0
22893,0.0
22894,0.0
22895,0.0
22896,0.0
22897,0.0
22898,0.0
22899,0.0
22900,0.0
22901,0.0
22902,0.0
22903,0.0
22904,0.0
22905,0.0
22906,0.040515996008464804
22907,0.0
22908,0.0
22909,0.0
22910,0.0
22911,0.0
22912,0.23201568777121867
22913,0.21246563772556118
22914,0.03791530867583446
22915,1.7014354068305337
22916,0.0796015068411749
22917,0.0
22918,0.0
22919,3.9857873362022262
22920,2.5107352031063335
22921,0.5227379725400303
22922,1.6998429005043838
22923,0.01754968856760718
22924,0.0
22925,0.0
22926,0.0
22927,0.0
22928,0.0
22929,0.07156909668795935
22930,0.0127864182181734
22931,0.023608957261599256
22932,0.3901733622643367
22933,7.222486816186996
22934,0.12378593184090105
22935,0.3199195827906269
22936,2.888533772681464
22937,0.3234104997319894
22938,1.077734216607725
22939,4.9844704852490915
22940,2.002544235947472
22941,0.01727277981502648
22942,0.0
22943,0.0
22944,0.0
22945,0.0
22946,0.0
22947,0.0
22948,0.0
22949,0.0
22950,0.0
22951,0.0
22952,0.0
22953,0.040838588489918455
22954,0.18056718794243146
22955,0.23319083985146097
22956,0.08596553517490166
22957,0.3380214765921059
22958,0.6175175914475131
22959,0.6054456002041604
22960,1.2023669478804508
22961,0.7947553074504023
22962,6.549627385069013
22963,0.2855285535561299
22964,1.2751985486126123
22965,13.907877355957647
22966,3.8233914424378987
22967,3.504339852208612
22968,0.3269445483346446
22969,0.09501602038095287
22970,0.10084343206164498
22971,0.01702658155958032
22972,0.0
22973,0.0
22974,0.1299249299823901
22975,0.4654603158670532
22976,1.2197695807615407
22977,4.000861934352835
22978,0.20903225179750312
22979,0.27922560344262565
22980,0.2944938011710301
22981,1.0235768697140455
22982,2.4405300838137514
22983,0.2053814524936068
22984,0.39680534639019455
22985,1.0376387413716255
22986,1.1438580870522423
22987,0.4147010851108213
22988,0.3296071153514027
22989,0.1393540359793542
22990,0.05692589743771869
22991,0.026310186056253695
22992,0.5445808894206137
22993,0.5594361290129553
22994,2.186589735734857
22995,0.30326472612732885
22996,0.15135874450767245
22997,0.485989794111026
22998,0.40703449559978394
22999,0.12455622509547898
23000,0.047275994985777926
23001,0.09828929936969977
23002,0.10217660949411722
23003,0.12138743903946893
23004,0.0
23005,0.0605774783305163
23006,0.10659328654484052
23007,0.13939541248555093
23008,0.5556140544207882
23009,0.8939001923927714
23010,0.033055575281577945
23011,0.0
23012,0.08484529858947562
23013,0.22636707179234591
23014,0.058169498043407854
23015,0.08377630726458994
23016,0.0
23017,0.0
23018,0.08007297944432992
23019,0.4011584243638805
23020,0.21178783612990415
23021,0.5934469701986589
23022,0.2840320310064763
23023,0.43990876874121576
23024,0.12284356405336709
23025,0.04358628706753698
23026,0.09745499463385443
23027,0.29030165977347316
23028,0.29948629117412656
23029,0.034076027568492755
23030,4.040352696824019
23031,1.42285778902517
23032,0.16592150313063989
23033,6.307794660894884
23034,0.12048897278549814
23035,0.11789152039721494
23036,0.3098083472175528
23037,1.3608059010859888
23038,0.4453551158309993
23039,0.8170082068046113
23040,1.1947768708245678
23041,0.9140495769472635
23042,1.4662364203016933
23043,3.7453693897869615
23044,0.9804647038155052
23045,1.7607747954926647
23046,0.8663944656005766
23047,1.5762130556159402
23048,0.36870282623592915
23049,0.42912038182303763
23050,0.29660172839845256
23051,0.4769237744453642
23052,0.5940143845972387
23053,0.22926134701806913
23054,8.491946713272513
23055,3.6787696151593035
23056,2.6094252606812596
23057,1.9043208062104136
23058,1.3961040135013412
23059,0.6813816786718611
23060,0.5378810023677965
23061,0.06814887448309245
23062,0.1720178054130566
23063,0.06544687664476273
23064,0.02698381408007952
23065,0.03875965580199528
23066,0.0
23067,0.0
23068,0.0
23069,0.0
23070,0.0
23071,0.0
23072,0.0
23073,0.0
23074,0.13333392734201627
23075,0.2743949923872151
23076,0.04861169745953437
23077,0.055855364436084576
23078,0.3032979658791623
23079,2.752543747941778
23080,5.1000557044794474
23081,0.10167339285508402
23082,0.06630638568541294
23083,0.4703843408880804
23084,0.12490713611334855
23085,0.02560882490277898
23086,0.0
23087,0.0
23088,0.0
23089,0.0
23090,0.0
23091,0.0
23092,0.0
23093,0.0
23094,0.0
23095,0.0
23096,0.0
23097,0.0
23098,0.04772886548029089
23099,0.2903925259336607
23100,0.6655135899903357
23101,0.42243635901868076
23102,0.45480981859739855
23103,2.8603486574518358
23104,1.5833373526905
23105,1.247793666577492
23106,0.1363031051559213
23107,0.0
23108,0.0
23109,0.17284050529661982
23110,0.1262573752612402
23111,0.17667206036633082
23112,0.10551941257942254
23113,0.0
23114,0.0
23115,0.0
23116,0.0
23117,0.0
23118,0.0
23119,0.0
23120,0.0
23121,0.0
23122,0.0
23123,0.06700087885047448
23124,0.11548707290238082
23125,0.12146546263786444
23126,0.29344240230616
23127,3.2533278209627574
23128,3.8788093674748367
23129,0.4459512476143723
23130,0.3112261138760246
23131,0.12592615953767416
23132,0.0
23133,0.08776962773525282
23134,0.28486336437170523
23135,3.2310503264083312
23136,1.3516710313943943
23137,0.0
23138,0.0
23139,2.1929853031666187
23140,2.6917283545293125
23141,0.3459377268681403
23142,0.21797655569230284
23143,0.12194770266983533
23144,0.0
23145,0.005185337659227522
23146,0.10103122236952312
23147,0.5585527641531377
23148,0.17428384321727808
23149,0.16590345196902678
23150,0.4326539384183324
23151,0.5442083856061833
23152,0.5446049296658294
23153,0.35258561210933426
23154,1.7891105303289887
23155,1.9604363118471348
23156,2.133808319771092
23157,0.9190206860285915
23158,1.954866821469055
23159,0.42112726425891767
23160,0.0
23161,0.036776513544919
23162,0.010308967357111615
23163,0.21995312268915732
23164,0.11852093613851103
23165,4.369279112765221
23166,2.1037953920969334
23167,1.3632538528407079
23168,2.0126652143171913
23169,0.9349358492268931
23170,1.2041712284619577
23171,3.840517680427267
23172,2.3904553488091396
23173,2.4658067304945703
23174,1.5396433196011265
23175,2.1047838997399544
23176,1.3850687884540716
23177,1.0932582610662605
23178,1.1973775777298268
23179,1.7970858640512901
23180,1.904301920107662
23181,1.5985863184653821
23182,1.7314591429007533
23183,0.20290625308272525
23184,0.3746949958932984
23185,0.9694152185164676
23186,0.9140501279852661
23187,0.4560716648187477
23188,0.3166691555508631
23189,0.11136830325828974
23190,0.9049197749805232
23191,0.03969558723761512
23192,0.0
23193,0.05442947882626095
23194,0.13668860193168927
23195,0.16863369738641198
23196,0.09636885526842123
23197,0.2629934000996559
23198,4.926285482299079
23199,0.2794179104292343
23200,0.13819400759650258
23201,0.7095131264881467
23202,0.17507120139128732
23203,0.1498316416060966
23204,0.026235946487088206
23205,0.12516787760063863
23206,0.04784625769620317
23207,0.0
23208,0.0
23209,0.0
23210,0.0
23211,0.0
23212,0.0
23213,0.0
23214,0.0
23215,0.0
23216,0.0
23217,0.037872378110025064
23218,0.08015773925811537
23219,0.03510685531254863
23220,0.0
23221,0.0
23222,0.0
23223,0.0
23224,2.5995223559693876
23225,0.0
23226,0.0
23227,0.0
23228,0.0
23229,0.0
23230,0.0
23231,0.0
23232,0.0
23233,0.0
23234,0.0
23235,0.0
23236,0.0
23237,0.0
23238,0.0
23239,0.0
23240,0.0
23241,0.0
23242,0.0
23243,0.1349103050364483
23244,0.040551938066355084
23245,0.3183015047514047
23246,2.704778656734694
23247,0.2574175333472262
23248,0.10538557810702558
23249,0.0
23250,0.10066083261502093
23251,0.0
23252,0.0
23253,0.0
23254,0.8159547265029921
23255,0.06287911014217992
23256,0.0
23257,0.0
23258,0.0
23259,0.0
23260,0.0
23261,0.0
23262,0.16296896416302284
23263,0.0
23264,0.0
23265,0.1012271557744356
23266,0.13423157696346855
23267,0.2099448112814609
23268,0.1911541723242071
23269,0.3011068366860207
23270,1.1084001584726073
23271,2.2911432147744035
23272,0.02031024651116313
23273,0.0
23274,0.0
23275,0.0
23276,0.0
23277,0.0
23278,0.0
23279,0.0
23280,0.0
23281,0.0
23282,0.0
23283,0.0
23284,0.0
23285,0.0
23286,0.0
23287,0.0
23288,0.0
23289,0.0
23290,0.03952820849959339
23291,0.060457511183527476
23292,0.07095134939804536
23293,0.10970563613666237
23294,0.0825460600554584
23295,0.4516922506161895
23296,1.180959116759256
23297,4.900591472316443
23298,6.38955618554974
23299,0.12628049227379945
23300,0.07453523359757346
23301,0.11066089467741919
23302,0.21744367805289097
23303,0.0
23304,0.0
23305,0.0
23306,0.0
23307,0.0
23308,0.0
23309,0.0
23310,0.0
23311,0.0
23312,0.0
23313,0.0
23314,0.0298246432324233
23315,0.0
23316,0.0
23317,0.0
23318,0.0
23319,0.0
23320,0.0
23321,0.07551407096402984
23322,0.0
23323,0.0
23324,0.0
23325,0.0
23326,0.1415694183046241
23327,0.0
23328,0.13192057956795633
23329,0.07267592502853505
23330,0.0
23331,0.0
23332,0.04459499227051303
23333,0.0
23334,0.0
23335,0.0
23336,0.0
23337,0.0
23338,0.050432891072419245
23339,0.1279196922747624
23340,0.18441946750542862
23341,0.3746783334914509
23342,0.29505126972147255
23343,0.20759171129686435
23344,1.5703686186621648
23345,0.02535906777564016
23346,0.0
23347,0.0
23348,0.0
23349,0.0
23350,0.0
23351,0.0
23352,0.0
23353,0.6621261108884066
23354,1.8040272582295755
23355,0.05519361246808401
23356,0.0
23357,0.042094173560872465
23358,0.0
23359,1.1421128924662263
23360,0.051339266536593806
23361,0.19870574237838914
23362,0.19160936249436966
23363,0.17344803876475318
23364,0.12451050096444612
23365,0.09861352182817729
23366,0.19920353110454436
23367,0.12010169098100727
23368,0.1061244882858358
23369,0.194609980939589
23370,0.032739821991074565
23371,0.29940578429215486
23372,0.12663644753019276
23373,0.08461448989124151
23374,0.0
23375,0.0
23376,0.053108027852063165
23377,0.0
23378,0.0
23379,0.0
23380,0.0
23381,0.0
23382,0.2497140982967022
23383,0.13701268322555538
23384,0.14385887306091363
23385,0.26212948097099564
23386,0.40234099687610214
23387,0.28763647347304366
23388,0.219520190558164
23389,0.05851315872632512
23390,0.27320634226186724
23391,0.09040169089567436
23392,0.0
23393,0.07051216187308518
23394,0.023186672366875945
23395,0.2536591610843084
23396,0.16194691191320482
23397,0.18678658783209418
23398,0.15339244994767873
23399,0.42557855366866065
23400,0.36233911942134667
23401,0.5599987640060327
23402,0.18016474957927966
23403,0.2804537396454357
23404,0.8229887589926719
23405,0.1880755671104659
23406,0.06652463753907056
23407,0.0
23408,0.23284967349579525
23409,0.7679890587687264
23410,0.13514259970318276
23411,0.9921008549627653
23412,2.012762384623842
23413,1.0164449444886703
23414,0.8551171372273694
23415,0.34479855140820226
23416,0.485322015098394
23417,0.1988428047913069
23418,0.31228030766492954
23419,0.29946211665897227
23420,1.3654028145796138
23421,0.48680187720030865
23422,0.47539791276467686
23423,0.5799893921598244
23424,0.6208368237471145
23425,0.6665240657117657
23426,0.40785647145343185
23427,0.3371753231806269
23428,0.5565736665009344
23429,0.37144141000134195
23430,0.25629878621474317
23431,0.2360722315668877
23432,1.1489013617776012
23433,0.30949839716028127
23434,0.12563754891388917
23435,0.19908215686838893
23436,0.4938582737465718
23437,1.1909092715449254
23438,0.5952519729566944
23439,0.3224304127036971
23440,0.6095211488621006
23441,2.6806079279884827
23442,0.8067445010989412
23443,0.6879617873989518
23444,0.19507805463225608
23445,0.36059624679394475
23446,0.15880847010647403
23447,0.17764891626311738
23448,0.14275644910965057
23449,0.28803606595407366
23450,0.2965770851304644
23451,0.21001554264805655
23452,0.35321054347241554
23453,0.5797262280343473
23454,1.151549355875822
23455,0.3052326948065615
23456,0.23779662663388385
23457,0.20050611347937855
23458,0.05560113690686424
23459,0.013125634903935845
23460,1.6375350898458234
23461,0.2810061096617507
23462,0.19931430882453566
23463,0.23574565067676617
23464,0.05615636462818691
23465,0.5435738506545519
23466,0.4722547369347347
23467,0.10044171024863262
23468,1.4294450049198506
23469,0.01540749843821186
23470,0.20373072823754892
23471,0.9676909609726602
23472,0.3353603514055817
23473,0.051020800148552065
23474,0.0
23475,0.01598320861100671
23476,0.13353382423251642
23477,0.18535024580778267
23478,0.21854123858179764
23479,0.1350954008965537
23480,0.1209202152875559
23481,0.027657756062542387
23482,0.08239881156704511
23483,0.08388203298817651
23484,4.29216580698879
23485,0.4178105521059434
23486,0.15639345765491094
23487,0.09401299058316623
23488,0.21219409225640293
23489,0.04479820469424705
23490,0.0
23491,0.0
23492,0.0
23493,0.0
23494,0.0
23495,0.0
23496,0.0
23497,0.0
23498,0.0
23499,0.0
23500,0.0
23501,0.0
23502,0.0
23503,0.036038658186069626
23504,0.10969372399163478
23505,0.11869352779902774
23506,0.11109350146713888
23507,0.09792792186792805
23508,0.014903310467601525
23509,0.0
23510,0.17709858638327106
23511,0.8785209408472293
23512,0.15517307718319923
23513,0.5896897215826855
23514,0.8657550752409681
23515,0.016815636931327073
23516,0.0
23517,0.0
23518,0.06489323977889981
23519,0.0
23520,0.0
23521,3.805966266850253
23522,0.18979275691845138
23523,0.0
23524,0.0
23525,0.0
23526,0.0
23527,0.0
23528,0.0
23529,0.052604785181388856
23530,0.11221686912869996
23531,0.08256685364191303
23532,0.0
23533,0.0
23534,0.0
23535,0.09369216026375302
23536,0.07495176463017889
23537,0.0719005902077334
23538,0.05412159043238164
23539,0.3098214270415164
23540,0.0
23541,0.0
23542,0.0
23543,0.0
23544,0.0
23545,0.0
23546,0.0
23547,0.0
23548,0.0
23549,0.0
23550,0.0
23551,0.0
23552,0.05739589688972875
23553,0.10103308942610623
23554,0.16454609260721925
23555,0.016745392997128968
23556,0.0
23557,0.0248459393405934
23558,0.0
23559,0.0
23560,0.0
23561,0.0
23562,0.0
23563,0.8420140340621021
23564,3.903252494148401
23565,11.17017445159105
23566,0.591069411266253
23567,0.0822316973759067
23568,0.0
23569,0.0
23570,0.0
23571,0.0
23572,0.0
23573,0.0
23574,0.0
23575,0.0
23576,0.0
23577,0.0
23578,0.0
23579,0.0
23580,0.026901434257827216
23581,0.14306668692125235
23582,0.1959520519702775
23583,0.9246764158818317
23584,1.234629405769901
23585,4.542846892298419
23586,0.5058885699253606
23587,0.2041122174487787
23588,1.0620188113171785
23589,0.6485080634737926
23590,1.316864128653656
23591,0.015200149910163318
23592,0.0
23593,2.9394906448606872
23594,2.148419943158771
23595,0.17046670090976182
23596,0.0
23597,0.0
23598,0.5465580755696133
23599,0.3521401900227569
23600,0.4610985891474122
23601,0.49648834403122954
23602,0.4089921125010714
23603,0.13105108648958896
23604,0.06244865610123575
23605,0.6363530435801902
23606,1.2464850378759074
23607,0.23398421749583515
23608,0.2679765335243047
23609,0.10307174781602928
23610,0.02772312941388985
23611,0.1057486787536175
23612,0.0
23613,0.0
23614,0.0
23615,0.0
23616,0.0
23617,0.08826614290325543
23618,0.4019492527695199
23619,0.8417704490770281
23620,0.16192961528297797
23621,0.2370559382258191
23622,0.1871561378872313
23623,0.22128177261081916
23624,0.2964910020733782
23625,0.13546973762593806
23626,0.21086903274118143
23627,0.1441599951822238
23628,0.12095769380993125
23629,0.041132681192889334
23630,0.0
23631,0.21832866087225647
23632,2.0813536903155256
23633,6.54751049641758
23634,0.18800554846529247
23635,0.1805046493096618
23636,0.004440869332961351
23637,0.08055640985994653
23638,0.134643854963891
23639,0.1780417518110591
23640,0.10990425795810908
23641,0.052311114788753194
23642,0.17494364632300524
23643,0.7593665671879413
23644,0.19441089208980492
23645,0.104083731961653
23646,0.0
23647,0.0
23648,0.020547972012336883
23649,0.20430354926723357
23650,0.1804446139690177
23651,0.2563810225476442
23652,0.040130964773231075
23653,0.0
23654,0.0
23655,0.7684856717341776
23656,0.0
23657,0.03993264825699923
23658,0.0
23659,0.0
23660,0.10616979647754937
23661,0.0
23662,0.0
23663,0.0
23664,0.0
23665,0.0
23666,0.05940573957531913
23667,0.07758661646936715
23668,0.0
23669,0.1367995437782492
23670,0.4907797384737643
23671,0.3147622188399046
23672,0.260372565299303
23673,0.03893755840918499
23674,0.07141701606236844
23675,0.0
23676,0.0
23677,0.08608093056856378
23678,0.11994669992428444
23679,0.026063239526324302
23680,0.0
23681,0.0
23682,0.0
23683,0.0
23684,0.0
23685,0.0
23686,0.0
23687,0.0
23688,0.0
23689,0.1489674377533941
23690,0.2352273098977142
23691,0.3525470959223187
23692,0.3387079676906895
23693,0.21378830919699737
23694,0.16400047349045066
23695,0.07109882503734476
23696,0.07639091493308539
23697,0.11734596843911856
23698,0.45254452725879957
23699,0.17312080007927091
23700,0.12725797722065477
23701,0.0
23702,0.4681258541095998
23703,1.1178007906644938
23704,0.17563466408883024
23705,0.27863576955269065
23706,0.25664312170193393
23707,0.5110438910530642
23708,0.06016332478814972
23709,0.9188321027186396
23710,0.6267801763784722
23711,0.2188036234193462
23712,0.1800701257892446
23713,0.0828580996128701
23714,0.045530150881271284
23715,0.0
23716,0.3666147016616078
23717,0.41198817457862424
23718,0.12378062588321999
23719,0.1180365756399473
23720,0.10518656529219789
23721,0.0893375239279293
23722,0.24112153217103455
23723,0.2810502295669711
23724,0.32466173528138287
23725,0.31714632887747574
23726,1.1568462890956621
23727,0.6448924545902185
23728,0.5089065256507824
23729,0.6306085466773392
23730,0.7219370240565566
23731,0.24873434763413654
23732,0.15922867131435228
23733,0.06443999749537539
23734,0.050460761313066954
23735,0.0
23736,0.0
23737,0.0957364248962096
23738,0.1422845281258673
23739,0.15789216210675622
23740,0.10254454744534802
23741,0.07831203870941111
23742,0.11394132832332068
23743,0.0
23744,0.08776230963506652
23745,0.2554067100317383
23746,0.5524047711984733
23747,0.22758307534873803
23748,0.16811820754350695
23749,0.18564563161661585
23750,0.21081807429418173
23751,0.17742930472131918
23752,1.8437840489983586
23753,1.149911923120087
23754,0.3235971847214356
23755,0.5792845843265194
23756,0.9359051772704206
23757,2.583742057003402
23758,1.4857519218981656
23759,2.061413961728882
23760,2.950712492682798
23761,2.814714628050123
23762,1.0330608808606447
23763,0.8649093692261819
23764,0.1819089530228102
23765,0.26642714648587906
23766,1.2637971360082605
23767,0.3355915198254893
23768,0.2975129794913077
23769,0.33254502295514793
23770,0.43828787526145374
23771,0.3136171753184394
23772,0.32277462602921336
23773,0.15354442938941776
23774,0.0
23775,0.03781268221311759
23776,0.00817232377687469
23777,0.02599842747335537
23778,0.2197654575332326
23779,0.10612729057918763
23780,0.047808609080729286
23781,0.09043227066540531
23782,0.3416903726491563
23783,0.12093596325914313
23784,1.8509426080818716
23785,2.634385604067185
23786,0.7432015911382641
23787,0.11557744127942697
23788,0.23228341288297655
23789,0.12497449326416034
23790,0.16721560524837262
23791,0.10857784557147084
23792,0.08873148054952004
23793,0.050189242131592204
23794,0.03660903027593758
23795,0.09380460287883968
23796,0.22836704741277633
23797,0.09374311366653566
23798,0.12620386333425082
23799,0.5403598387763913
23800,1.2278067247621822
23801,6.412383734072502
23802,0.09839033917854031
23803,0.40006316486665355
23804,3.8644524582239237
23805,3.2836767602226815
23806,0.5279571306010297
23807,0.12994247694490918
23808,0.47141629693128234
23809,0.14861049634867732
23810,0.06008241811585146
23811,0.06324016254676836
23812,0.13659828026599183
23813,0.9703525921568881
23814,0.1555211535838039
23815,0.11117266187655551
23816,0.18027911529510288
23817,0.5096381208644328
23818,1.171650971924203
23819,0.24256019919975652
23820,0.39889266177218596
23821,0.4320978672938831
23822,2.273815821849058
23823,0.3165970973215211
23824,0.47553558006391644
23825,0.797126197108437
23826,1.2645992601682376
23827,0.3667451868065371
23828,0.5892681647099216
23829,1.1914267770921847
23830,0.4310633763510202
23831,0.7075567458915719
23832,0.6339808928565801
23833,0.49655842202045697
23834,0.28664583448176056
23835,1.36556270595958
23836,0.4286606182691348
23837,0.15824563862899038
23838,0.1594857171379719
23839,0.18549839937953885
23840,0.4244566113623816
23841,3.5442563334343866
23842,0.9862703488372592
23843,0.509667601161533
23844,0.6826473373447515
23845,0.19786578521605677
23846,4.636363509306943
23847,0.21577665050507225
23848,0.6614212491658911
23849,0.4755722644779146
23850,1.3137282526083645
23851,1.418367613661056
23852,0.8181515002934641
23853,0.12004982061122065
23854,0.22066287534530446
23855,0.4139336483775405
23856,0.6618016243135562
23857,0.4149240616394344
23858,0.5761501193634091
23859,0.5541794927591404
23860,1.2537531943110989
23861,1.1230109580540806
23862,0.69139937360683
23863,0.18342055050381006
23864,0.08797188031519448
23865,0.3218294954297216
23866,0.1906109420690778
23867,0.3123886571147516
23868,0.19699560474590222
23869,0.21530243241598196
23870,8.284357183743758
23871,0.07990201266653219
23872,0.46810831229933525
23873,0.29195102389516164
23874,0.19538476700158544
23875,4.29181855922017
23876,0.9064691652637102
23877,1.876745219511688
23878,1.8227427227062691
23879,3.8783266038569373
23880,0.17946684018466488
23881,0.2763468184082019
23882,0.1334220014786224
23883,0.004127189302783017
23884,0.0
23885,0.0
23886,0.0
23887,0.0
23888,0.0
23889,0.0
23890,0.09694467726885507
23891,0.07141995876170287
23892,0.25567259817741816
23893,2.4627809545363837
23894,0.0956968171548521
23895,0.20800905283171348
23896,0.101433116646865
23897,0.03458173837426124
23898,0.0
23899,0.0
23900,0.0
23901,0.0
23902,3.589049226117677
23903,1.013007195674568
23904,0.08046311801340689
23905,0.020413901765662684
23906,0.0
23907,0.34594514752070554
23908,0.5370137272888426
23909,0.03708287716489559
23910,0.0
23911,0.0
23912,0.0
23913,0.0
23914,0.0
23915,0.05096242778490085
23916,2.409603526962027
23917,0.7803617980644172
23918,0.2631695599191978
23919,0.12408068561738385
23920,0.5293232161999804
23921,1.6714004810127427
23922,3.6296729635982934
23923,0.10895090282909724
23924,0.1760276146063508
23925,0.13821172066036586
23926,0.033500001196096266
23927,0.0
23928,0.0
23929,0.0
23930,0.0
23931,0.0
23932,0.0
23933,0.0
23934,0.0
23935,0.0
23936,0.0
23937,0.0
23938,0.05332554645970646
23939,0.02544471565851381
23940,0.0
23941,0.07089412375453795
23942,0.2511504725347935
23943,0.20148029667443523
23944,0.003624086771810403
23945,0.0
23946,0.0
23947,0.14666134005595083
23948,0.0
23949,0.0
23950,0.0
23951,0.0
23952,0.0
23953,0.0
23954,0.0
23955,0.0
23956,0.0
23957,0.0
23958,0.0
23959,0.0
23960,0.0
23961,0.1720214042486033
23962,0.10509010444120803
23963,0.11875051817178191
23964,0.6717286818672938
23965,0.4600304026192646
23966,0.2827598372610775
23967,1.4166722685081632
23968,1.6868600210420532
23969,4.53325057791865
23970,8.070630974507626
23971,7.901990809771007
23972,7.4700956870177295
23973,19.02329060846268
23974,25.302334789362778
23975,8.048157234801945
23976,5.052520094590892
23977,3.929330769192946
23978,2.4354525497643733
23979,1.01632482098345
23980,0.4346005854642828
23981,0.3146148753245233
23982,0.07571528460850503
23983,0.05475728744657052
23984,0.06979506586820225
23985,0.0
23986,0.0
23987,0.02144647168986794
23988,0.0
23989,0.20415795872588913
23990,0.6202285957626859
23991,1.075085196637811
23992,0.15256178231232267
23993,0.026961100627063857
23994,2.5117130287440035
23995,0.5172672960456098
23996,0.17439330520417076
23997,0.5487230979425709
23998,0.21826352576023564
23999,0.05235223913756638
24000,0.0
24001,0.04967224255016305
24002,0.0
24003,0.0
24004,0.0
24005,0.06282432027978588
24006,0.0
24007,0.0
24008,0.0
24009,0.07989104943089131
24010,0.05199443825202917
24011,0.10112418591951243
24012,0.14505554114611038
24013,0.1452004333833927
24014,0.22275969533519954
24015,6.938371528106465
24016,0.11779829869591385
24017,1.9167991991945998
24018,1.9007183437606223
24019,0.5114588590402902
24020,0.15460391920174948
24021,0.00992788149487874
24022,0.0
24023,0.04650653824434829
24024,0.0
24025,0.0
24026,0.0
24027,0.0
24028,0.0
24029,0.0
24030,0.0
24031,0.0
24032,0.0
24033,0.0
24034,0.09151537530138516
24035,0.08989611970955075
24036,0.1426596555849977
24037,0.49079053943287815
24038,7.1096723515983316
24039,0.18994883095149367
24040,0.49149225446761424
24041,4.884479892377613
24042,0.13882005971398995
24043,0.0
24044,0.0
24045,0.0
24046,0.0
24047,0.0
24048,0.0
24049,0.0
24050,0.7892222678883926
24051,0.17601622044254964
24052,0.0
24053,0.0
24054,0.0
24055,0.0
24056,0.0
24057,0.07490680626249545
24058,0.055748275831795674
24059,0.07074610306984068
24060,0.11197449089302017
24061,6.207982911924628
24062,0.23611879367263625
24063,0.36404871326648547
24064,0.3846153459902379
24065,0.0786272945261882
24066,0.0
24067,0.0
24068,0.0
24069,0.0
24070,0.0
24071,0.19133195932503916
24072,0.16304328232581225
24073,0.0
24074,0.0
24075,0.0
24076,0.0
24077,0.0
24078,0.0
24079,0.0
24080,0.0
24081,0.05417300885348193
24082,0.09864878437366359
24083,0.2745330167905599
24084,0.6793956283972745
24085,1.0110868723713409
24086,0.1782387423788675
24087,0.14389048713605807
24088,0.20380875602099055
24089,0.09848920564605956
24090,0.22818472478495738
24091,0.0
24092,0.0
24093,0.0
24094,0.0
24095,0.0
24096,0.028743906555889053
24097,0.0
24098,0.0
24099,0.06727417538125283
24100,0.0
24101,0.0
24102,0.0
24103,0.0
24104,0.0
24105,0.0
24106,0.1248060466494525
24107,0.15405775712138078
24108,0.0
24109,0.1229498109821191
24110,0.12973353084784714
24111,0.9159997314315922
24112,0.05987146228766729
24113,0.0
24114,0.0
24115,0.0
24116,0.0
24117,0.0
24118,0.0
24119,0.0
24120,0.0
24121,0.0
24122,0.0
24123,0.0
24124,0.0
24125,0.0
24126,0.0
24127,0.0
24128,0.0
24129,0.09918207983981449
24130,0.19124142523772786
24131,0.16778817176934877
24132,0.1773748551393445
24133,0.10389666511686757
24134,0.09722490739327096
24135,0.1762312055355563
24136,0.25133320544409865
24137,0.5590744463246659
24138,0.004960415721467138
24139,0.0
24140,0.0
24141,0.0
24142,0.0
24143,0.0
24144,0.0
24145,0.0
24146,0.0
24147,0.0
24148,0.3507245613219304
24149,0.28273494370265173
24150,0.16622460560259567
24151,0.10005184724189299
24152,0.0
24153,0.6662841049547973
24154,0.4462082388079972
24155,0.20331640922104813
24156,0.10084095945151292
24157,0.25880545849820585
24158,0.07750777065031525
24159,0.03900902692579967
24160,0.11064847429200174
24161,0.23097581620282626
24162,0.4642615547251706
24163,0.1396487778789386
24164,0.0
24165,0.0
24166,0.0
24167,0.0
24168,0.0
24169,0.0
24170,0.0
24171,0.3400878876732856
24172,1.9878793569682
24173,0.8043364931980284
24174,0.0688924181736284
24175,0.0
24176,0.0
24177,0.0
24178,0.07689168005514303
24179,0.43129100255586356
24180,0.3593046868601842
24181,0.4031857793726904
24182,0.00214630531707735
24183,0.0
24184,0.4288176768144038
24185,1.8818899541515255
24186,0.13842105300964735
24187,0.0
24188,0.0
24189,0.0
24190,0.0
24191,0.0
24192,0.3861920938937213
24193,0.016006969528429615
24194,0.0
24195,0.0
24196,0.0
24197,0.0
24198,0.0
24199,0.0
24200,0.0
24201,0.0
24202,0.06456489884644044
24203,0.1082796245367876
24204,0.13874592531098195
24205,0.26619004136732843
24206,2.072946392137357
24207,3.79048456361008
24208,0.02148786028334719
24209,0.0
24210,0.0
24211,0.0
24212,0.0
24213,0.0
24214,0.0
24215,0.0
24216,0.0
24217,0.0
24218,0.0
24219,0.0
24220,0.0
24221,0.0
24222,0.0
24223,0.0
24224,0.0
24225,0.08753464639114344
24226,0.14321551882332326
24227,0.14919842683165974
24228,0.14598356836812118
24229,0.10801363521927868
24230,0.1688009804058564
24231,0.03873302682666471
24232,0.24079984649599045
24233,0.08772038380563368
24234,0.0
24235,0.0
24236,0.0
24237,0.0
24238,0.0
24239,0.0
24240,0.0
24241,0.0
24242,0.0
24243,0.0
24244,0.0
24245,0.0
24246,0.0
24247,0.0
24248,0.0
24249,0.0
24250,0.09003905860170963
24251,0.034510744020995895
24252,0.26379353129330524
24253,0.5591922350162306
24254,0.4920228157954898
24255,0.5727526363180432
24256,0.2717861149139764
24257,0.19015318679347493
24258,0.1273967597512535
24259,0.11062653190296558
24260,0.1268379018154414
24261,5.2602805049146815
24262,0.0
24263,0.0
24264,0.0
24265,0.0
24266,0.0
24267,0.0
24268,0.0
24269,0.0
24270,0.0
24271,0.0
24272,0.0
24273,0.07293985958315238
24274,0.23922625423757377
24275,0.2976632973184532
24276,0.19858908409044898
24277,0.36932213710119144
24278,3.3917580966587115
24279,0.0022522325944027847
24280,0.3127370099778726
24281,0.10004917423828345
24282,0.0
24283,0.0
24284,0.0
24285,0.0
24286,0.0
24287,0.0
24288,0.0
24289,0.0
24290,0.0
24291,0.0
24292,0.0
24293,0.0
24294,0.0
24295,0.0
24296,0.0
24297,0.08591213445916572
24298,0.10335250597594896
24299,0.23342781609436292
24300,0.11569742128315633
24301,0.19057950396112855
24302,4.086213399830365
24303,0.26554518059810245
24304,0.22330154971747354
24305,0.0
24306,1.1964135840246142
24307,0.0
24308,0.0
24309,0.0
24310,0.0
24311,0.0
24312,0.0
24313,0.0
24314,0.0
24315,0.0
24316,0.0
24317,0.0
24318,0.0
24319,0.0
24320,0.0
24321,0.0
24322,0.0
24323,0.0
24324,0.0
24325,0.0
24326,0.005311601119022208
24327,0.026149758656949105
24328,0.0816014562820751
24329,1.7298632181880509
24330,0.2071462432963808
24331,0.10264155123963101
24332,0.0
24333,0.0
24334,0.0
24335,0.10986602825067178
24336,0.0
24337,0.0
24338,0.0
24339,0.0
24340,0.0
24341,0.0
24342,0.0
24343,0.0
24344,0.0
24345,0.0
24346,0.0
24347,0.0
24348,0.0
24349,0.0
24350,0.11379984262138981
24351,0.02986044756482908
24352,0.10896816455833533
24353,0.3653024646834619
24354,0.10782949725617506
24355,0.04647865610038992
24356,0.08263434587342779
24357,0.1378820353822774
24358,2.9041551081262917
24359,1.00398402345738
24360,0.11175044451069342
24361,0.019691957584462086
24362,0.0
24363,0.0
24364,0.0
24365,0.0
24366,0.0
24367,0.0
24368,0.0
24369,0.0
24370,0.0
24371,0.08563219429531982
24372,0.07107519036089292
24373,0.0521661552355609
24374,0.06866981421472093
24375,0.1277898137640973
24376,0.03325795411354895
24377,0.06295361039792048
24378,0.0
24379,0.17812059962064675
24380,0.3434899573617257
24381,0.05284254831582528
24382,1.0557929880499963
24383,0.1029262209583187
24384,0.0
24385,0.0
24386,0.3611360960643994
24387,0.14834022541377884
24388,0.05258407518711429
24389,0.0
24390,0.0
24391,0.0
24392,0.0
24393,0.08566992304160234
24394,0.08335620200898697
24395,0.1281977109525021
24396,0.09038792591360083
24397,0.07015756203629313
24398,2.0119791939548257
24399,8.305600214500098
24400,0.11555695276583983
24401,0.20059301496894263
24402,0.0
24403,0.0
24404,0.0
24405,0.0
24406,0.4576543172843316
24407,4.280785903474715
24408,0.08715711523309856
24409,0.0
24410,3.3071299093460023
24411,2.6074138518685523
24412,0.13080138130476485
24413,0.0
24414,0.0
24415,0.0
24416,0.0
24417,0.0
24418,0.13037391681358257
24419,0.26015660746844405
24420,0.31271059679975854
24421,2.502317507856929
24422,0.009343647030790561
24423,3.4829616316607654
24424,0.0
24425,0.41359598346589965
24426,0.021717216653051225
24427,1.7967641945388646
24428,8.61124893264872
24429,0.010629065082051182
24430,0.0
24431,0.0
24432,0.0
24433,5.485327203827232
24434,0.41089834422153654
24435,0.14806296160651847
24436,0.496703453127446
24437,0.1262401258663383
24438,0.0
24439,0.0
24440,0.0
24441,0.0
24442,0.0
24443,0.0
24444,0.17300529757228875
24445,0.0
24446,0.21733500069728443
24447,0.09251738018812597
24448,0.0
24449,0.0
24450,0.0
24451,0.0
24452,0.03286831971135447
24453,0.2548418108450749
24454,0.006039886127166262
24455,0.0
24456,0.0
24457,0.0
24458,0.0
24459,0.0
24460,0.0
24461,0.15405720677482065
24462,0.21420034268397514
24463,0.23697419650076318
24464,0.021153315053203406
24465,0.14555466536394063
24466,0.38805383570129004
24467,0.3134948087021284
24468,0.07856330290738563
24469,0.9179863714936188
24470,0.3839044349603519
24471,0.8117158260355953
24472,0.0947073667744345
24473,0.12376904227686733
24474,0.14688522925622183
24475,0.46518728245885
24476,0.4909727099619352
24477,0.16946000965850222
24478,0.19562973884999674
24479,0.2618633003953753
24480,0.04807399792937849
24481,0.0
24482,0.0
24483,0.0
24484,0.22389532398789885
24485,0.17998061734734602
24486,0.38572536047732614
24487,0.4344877877373967
24488,0.3859175853438302
24489,0.2481169524004066
24490,0.4390639179523975
24491,0.06668151967032683
24492,0.9625079432791949
24493,0.0969711073799484
24494,0.16845876692948247
24495,1.7029857923687493
24496,0.044348146051526385
24497,0.0
24498,0.08254315530291777
24499,0.47887875824323656
24500,0.19653339985493468
24501,0.0
24502,0.0
24503,0.0
24504,0.06641056046171379
24505,0.0
24506,0.25289439921998846
24507,0.1549480332642902
24508,0.09869560371486386
24509,0.032011413273618214
24510,0.0
24511,0.03066734171399444
24512,0.05855933589884505
24513,0.11609630488859585
24514,0.08908190516978602
24515,0.11680636449997936
24516,0.014040376646025952
24517,0.07606810735136456
24518,0.3209807787097747
24519,0.16762739890747258
24520,0.26676353815229287
24521,1.3752323736234304
24522,0.34522564328772704
24523,0.284969414530576
24524,0.8386105339464732
24525,0.24124493577354894
24526,0.14662672212187977
24527,0.049271644027970914
24528,0.0
24529,0.0
24530,0.0
24531,0.0
24532,0.0
24533,0.0
24534,0.0
24535,0.0
24536,0.0
24537,0.0
24538,0.12066547366522543
24539,0.14759308598836726
24540,4.827355383139474
24541,2.8668213000058596
24542,0.6225711458200894
24543,1.8039120751183941
24544,1.61852781919613
24545,2.3428807255780546
24546,3.6248786811517277
24547,1.7006497180890021
24548,0.2701285585991226
24549,2.5229793902843274
24550,3.2892552614092243
24551,1.8097072657324047
24552,1.6722924942824857
24553,0.7065035714225979
24554,1.1573287760037452
24555,0.19321184501363442
24556,1.0706461723910758
24557,0.6422444654558814
24558,0.5425163270683118
24559,0.1652658636269512
24560,0.0
24561,0.0023003443408602703
24562,0.0514715884072663
24563,0.18382631229356586
24564,0.23009440897027303
24565,0.36880787736233783
24566,1.5022753850642225
24567,2.3415713931460376
24568,3.5816851289025395
24569,2.207260234270863
24570,9.521564233192574
24571,3.5062696761687704
24572,2.1527775489349414
24573,0.2055719194054891
24574,0.0
24575,0.0
24576,0.0
24577,0.0
24578,0.0
24579,0.0
24580,0.0
24581,0.0
24582,0.0
24583,0.0
24584,0.0
24585,0.0
24586,0.0
24587,0.0
24588,0.10807172409764522
24589,0.14506376537609464
24590,0.12077470449311217
24591,0.09361793698197113
24592,0.02810382086851663
24593,0.0
24594,0.0
24595,0.0
24596,0.0
24597,0.05575785591340176
24598,0.05632245058949445
24599,0.0
24600,0.0
24601,0.0
24602,0.0
24603,0.0
24604,0.0
24605,0.0
24606,0.0
24607,0.0
24608,0.0
24609,0.0
24610,0.07135508809851793
24611,0.0969020780473649
24612,0.06565287342968472
24613,0.9522827588769469
24614,0.298828199917289
24615,0.06392920841460999
24616,0.0
24617,0.0
24618,0.0
24619,0.07650628090818673
24620,2.135627035886378
24621,0.014823592931345147
24622,0.0
24623,0.0
24624,0.0
24625,0.0
24626,0.0
24627,0.0
24628,0.0
24629,0.0
24630,0.0
24631,0.0
24632,0.0
24633,0.05488409392931962
24634,0.11929154727521103
24635,0.15533682064689397
24636,0.21086575507391342
24637,1.8123479267506846
24638,1.8323043367745153
24639,0.0013430157557463693
24640,0.08236868370706525
24641,0.0
24642,0.08203432158994073
24643,0.0
24644,0.0
24645,0.0
24646,0.1483087057197412
24647,0.0
24648,0.0
24649,0.0
24650,0.0
24651,0.0
24652,0.0
24653,0.0
24654,0.0
24655,0.0
24656,0.0
24657,0.05270358544477122
24658,0.09276450312264739
24659,0.26634335501638345
24660,2.2440789174932636
24661,2.7586020030374296
24662,0.0
24663,0.06702041811377069
24664,0.47631846369834513
24665,0.07281796244992045
24666,0.0
24667,0.0
24668,0.0
24669,0.0
24670,0.07581986301241497
24671,0.10673163224581976
24672,0.09019564150219535
24673,0.0
24674,0.0
24675,0.0
24676,0.0
24677,0.0
24678,0.0
24679,0.0
24680,0.0
24681,0.10631506900794464
24682,0.4528883272402928
24683,14.138898014141647
24684,7.8233748002071435
24685,4.078557485956685
24686,0.8995006073913921
24687,0.08592214002279723
24688,0.22169064049368264
24689,8.252185223034436
24690,0.08185872278133895
24691,0.06979422432769822
24692,0.0
24693,0.5695875930977595
24694,2.403373425602913
24695,2.1147966523393804
24696,0.16740719036422358
24697,1.6229407056216352
24698,0.3929861877123052
24699,0.07957376964812447
24700,0.0
24701,0.010290090523547728
24702,0.0
24703,0.0
24704,1.1933629109608324
24705,0.012331064657663388
24706,0.21729215293331552
24707,0.04454085140809924
24708,0.0
24709,0.03470821779214696
24710,0.0
24711,0.019768216078549138
24712,0.0009341291678992
24713,0.07783229135863887
24714,0.0
24715,0.0
24716,0.0
24717,0.0
24718,0.0
24719,0.0
24720,0.0
24721,0.0
24722,0.0
24723,0.0
24724,0.0
24725,0.0
24726,0.0
24727,0.0
24728,0.0
24729,0.0
24730,0.0
24731,0.0
24732,0.0
24733,0.0
24734,0.0
24735,0.0
24736,0.0
24737,0.0
24738,0.0
24739,0.0
24740,0.0
24741,0.0
24742,0.0
24743,0.0
24744,0.0
24745,0.0
24746,0.0
24747,0.0
24748,0.0
24749,0.0
24750,0.10612271975880537
24751,0.0
24752,0.03679458924375331
24753,0.7746117577352115
24754,1.231494427209674
24755,0.1902021962833497
24756,0.1327359170559473
24757,0.06106851756630135
24758,0.07782453864429942
24759,0.0
24760,0.023704607406371973
24761,0.0
24762,0.0272944840217016
24763,0.0
24764,0.020723281860123163
24765,1.982645874782498
24766,1.7152749753516137
24767,1.4297487977057735
24768,0.3786332005205235
24769,0.04798609539991367
24770,0.4163517513915795
24771,1.6437540585683246
24772,4.175608521632883
24773,3.5253914360982086
24774,5.353470835729018
24775,6.513198350883416
24776,8.515206750988842
24777,4.347261565283394
24778,4.879521235792
24779,7.584694858216948
24780,8.55665870553075
24781,11.700894140449492
24782,4.630887777483601
24783,1.7845853840107573
24784,3.6574040788395354
24785,2.9626211781883383
24786,2.0399216436259175
24787,4.966064287359121
24788,3.8380460820083604
24789,5.517477498595129
24790,10.957445176947676
24791,14.487929111911393
24792,12.152175815441186
24793,7.989070409351199
24794,0.7794087260061839
24795,0.6455113691201195
24796,0.47163512644998035
24797,2.804554868022631
24798,1.1260140114549024
24799,0.0
24800,0.3249662872900252
24801,0.5831495882741553
24802,0.6755422397235651
24803,0.4650976866478978
24804,1.3491117135246418
24805,1.090235721176024
24806,0.3737021428952666
24807,1.6997123956765419
24808,0.2952000595524792
24809,0.4274703234538645
24810,1.64557693455554
24811,1.0153920508650771
24812,0.3337388003269784
24813,0.06982925759971784
24814,0.0
24815,0.11800702918494607
24816,0.08933181751784866
24817,0.09763623186671957
24818,0.008323435038755173
24819,0.0
24820,0.20891364082406305
24821,2.991659998455932
24822,0.5506966532263393
24823,0.15690066569530445
24824,0.350111951035152
24825,0.13916192145585557
24826,0.12670301872643064
24827,0.1264796637997368
24828,0.26268741531486156
24829,0.07710876542236686
24830,0.13067861009719717
24831,0.2841920477576203
24832,0.02186933964517537
24833,0.0
24834,1.1309818154926214
24835,0.42500664969037844
24836,0.13184335528249175
24837,0.1882463335846102
24838,0.1732007571103421
24839,0.1229035773919127
24840,0.1254207755187313
24841,5.936531830615107
24842,0.09597048399976532
24843,0.04610473647039428
24844,0.0
24845,0.0
24846,0.0
24847,0.0325825874501852
24848,0.10205908302260991
24849,0.11482727339350997
24850,0.2740751678294129
24851,4.113669664179242
24852,3.774234829742686
24853,0.3732382401583523
24854,0.2690700527690523
24855,0.12272058245670009
24856,0.8526318327058696
24857,0.11637451358874817
24858,0.05308629067005991
24859,0.0
24860,0.0
24861,0.0
24862,0.0
24863,0.0
24864,0.0
24865,0.0
24866,0.0
24867,0.0
24868,0.0
24869,0.0
24870,0.0
24871,0.0
24872,0.0
24873,0.1866290177263113
24874,0.13358026306779996
24875,0.02402457107145474
24876,0.0
24877,0.0
24878,0.0167798994705215
24879,0.05749385053546537
24880,0.031087236115021143
24881,0.0
24882,0.0
24883,0.0
24884,0.0
24885,0.0
24886,0.0
24887,0.0
24888,0.0
24889,0.0
24890,0.0
24891,0.0
24892,0.0
24893,0.0
24894,0.0
24895,0.0
24896,0.0
24897,0.0
24898,0.07055160523889067
24899,0.08595558012590897
24900,0.144059978185977
24901,0.32056818744145243
24902,2.0309052786769386
24903,6.279229545797208
24904,0.032844450102536116
24905,2.583775785208566
24906,2.617282640091128
24907,0.016862588404890425
24908,0.0
24909,0.03927064253473622
24910,0.0
24911,0.0
24912,0.0
24913,0.0
24914,0.0
24915,0.0
24916,0.0
24917,0.0
24918,0.0
24919,0.0
24920,0.0
24921,0.0
24922,0.0
24923,0.11129989220668463
24924,0.7769196995306757
24925,0.5257018088273522
24926,0.04996138226621136
24927,0.16515919727967585
24928,1.8761878530959166
24929,0.10005745767939418
24930,0.0
24931,0.0
24932,0.0
24933,0.0
24934,0.0
24935,0.0
24936,0.0
24937,0.0
24938,0.0
24939,0.0
24940,0.0
24941,0.0
24942,0.0
24943,0.0
24944,0.0
24945,0.0
24946,0.30760919500105754
24947,0.177804730489621
24948,8.75321114736532
24949,1.4361630878987288
24950,0.13406916664078955
24951,2.641203434632957
24952,0.08556531108418113
24953,0.1279889658483158
24954,0.0
24955,0.0
24956,0.0
24957,0.0
24958,0.0
24959,0.0
24960,0.0
24961,0.0
24962,0.0
24963,0.0
24964,0.0
24965,0.0
24966,0.0
24967,0.0
24968,0.0
24969,0.028801721884380904
24970,0.09474894819891079
24971,0.25217516124291517
24972,0.3073806177301521
24973,0.21081082867867595
24974,0.28335622462247484
24975,0.09938482090548709
24976,0.06320674359218516
24977,0.0
24978,0.0
24979,0.0
24980,0.0
24981,0.0
24982,0.004690088164341747
24983,0.0
24984,0.0
24985,0.0
24986,0.0
24987,0.0
24988,0.0
24989,0.0
24990,0.0
24991,0.0
24992,0.0
24993,0.0
24994,0.05517022152833289
24995,0.2332049995483844
24996,0.8969589353017883
24997,0.14575952590644048
24998,2.6518722341348338
24999,5.542950430290365
25000,0.18490043085347002
25001,0.0634485561780004
25002,0.0
25003,0.0
25004,0.0
25005,0.03329482342272528
25006,0.0
25007,0.0
25008,0.0
25009,0.0
25010,0.0
25011,0.0
25012,0.0
25013,0.0
25014,0.0
25015,0.0
25016,0.0
25017,3.4233887782810615
25018,1.6890467589420808
25019,0.33324229597644334
25020,0.47919987042406154
25021,0.3167062019795642
25022,0.11702438836708691
25023,0.026653588029672257
25024,0.08568614442646184
25025,0.15056087639627883
25026,0.05309956253325627
25027,0.0
25028,0.0
25029,0.0
25030,0.0
25031,0.0
25032,0.0
25033,0.0
25034,0.0
25035,0.0
25036,0.0
25037,0.0
25038,0.0
25039,0.0
25040,0.0
25041,0.01601715877546705
25042,0.11517910477723421
25043,0.1330239507639715
25044,0.17035281695161256
25045,0.22775143207114198
25046,5.64515574948377
25047,0.059919723702935176
25048,0.1355534515548059
25049,0.09478623319972895
25050,0.0
25051,0.0
25052,0.0
25053,0.0
25054,0.0
25055,0.0
25056,0.0
25057,0.0
25058,0.0
25059,0.0
25060,0.0
25061,0.0
25062,0.0
25063,0.0
25064,0.0
25065,0.0
25066,0.10884295868055022
25067,0.13723497397765838
25068,0.13026475864738857
25069,4.8366368755772555
25070,0.6944829898646426
25071,0.9334619991521663
25072,0.482024520868115
25073,2.1843303576140305
25074,0.0
25075,0.0
25076,0.0
25077,0.0
25078,0.23514296259426126
25079,0.11516643752483215
25080,0.04089174575024088
25081,0.004473116711358219
25082,0.0
25083,0.0
25084,0.0
25085,0.0
25086,0.0
25087,0.0
25088,0.0
25089,0.02848580046656048
25090,0.21440672475036007
25091,0.18080563146331113
25092,0.10291818833764328
25093,0.07283507232701845
25094,0.1096854784959396
25095,0.0626845233855094
25096,0.0
25097,0.0
25098,0.0
25099,0.0
25100,0.0
25101,0.03129686726448911
25102,0.0
25103,0.0
25104,0.0
25105,0.0
25106,0.0
25107,0.0
25108,0.0
25109,0.0
25110,0.0
25111,0.0
25112,0.0
25113,0.09637595740393481
25114,0.13561716229877566
25115,0.2776927096526008
25116,4.012160769978982
25117,0.1081171102823723
25118,12.196828655268655
25119,2.2286946176851203
25120,0.0
25121,0.0
25122,0.0
25123,0.0
25124,0.0
25125,0.0
25126,0.0
25127,0.0
25128,0.0
25129,0.0
25130,0.0
25131,0.0
25132,0.0
25133,0.0
25134,0.0
25135,0.0
25136,0.0
25137,0.11777197410930175
25138,0.25734031545190467
25139,0.18084838573864384
25140,0.13553821661005416
25141,0.0
25142,0.0
25143,0.02043530111347622
25144,0.07619628451164526
25145,0.0
25146,0.0
25147,0.0
25148,0.0
25149,0.0
25150,0.0
25151,0.0
25152,0.0
25153,0.0
25154,0.0
25155,0.0
25156,0.0
25157,0.0
25158,0.0
25159,0.0
25160,0.0
25161,0.04020916428079912
25162,0.24074179779180316
25163,0.26091534503594915
25164,0.1364051766857362
25165,0.10216362227162706
25166,0.08046081391995816
25167,0.05584667608945535
25168,0.0
25169,0.0
25170,0.0
25171,0.0
25172,0.0
25173,0.0
25174,0.06700590056450059
25175,0.0
25176,0.08466122259544816
25177,0.0
25178,0.0355822421617199
25179,0.055053739018888125
25180,0.0
25181,0.0
25182,0.0
25183,0.0
25184,0.0
25185,0.15348790888893646
25186,0.18077474287571665
25187,0.14048028366273582
25188,0.14730506307084648
25189,0.13970647716918236
25190,0.06302360559544763
25191,0.0
25192,0.0
25193,0.0
25194,0.0
25195,0.0
25196,0.0
25197,0.0
25198,0.0
25199,0.06296679015609097
25200,0.09522902097747846
25201,0.08016444237479722
25202,0.0
25203,0.0
25204,0.0
25205,0.0
25206,0.0
25207,0.0
25208,0.0
25209,0.0
25210,0.13982865363637104
25211,0.1060267747208911
25212,0.058670033676134915
25213,0.03185332024154577
25214,0.0
25215,0.0
25216,0.06587929357750347
25217,0.08740779480401753
25218,0.0
25219,0.0
25220,0.0
25221,0.0
25222,0.011459224323366908
25223,0.0
25224,0.11196583254235716
25225,0.14039866845922022
25226,0.0
25227,0.0
25228,0.0
25229,0.0
25230,0.0
25231,0.0
25232,0.0
25233,0.02702563515033906
25234,0.3803023533622491
25235,0.3040852203615091
25236,0.05116426658025442
25237,0.040007546995734375
25238,0.0
25239,0.06009921180295685
25240,0.0
25241,0.34001378140525507
25242,0.0
25243,0.0
25244,0.0
25245,0.0
25246,0.0
25247,0.14088160797910515
25248,0.2513589154342087
25249,0.2700538948585765
25250,0.3193972419189307
25251,0.8205201955426242
25252,0.32572724050714064
25253,0.24785180301347148
25254,0.24822925804837984
25255,0.22489327334142128
25256,0.05971632117189881
25257,0.11805202833161542
25258,0.11245004171450894
25259,0.11437365357132644
25260,0.1291036160504594
25261,0.23470986711746356
25262,0.20717379275852307
25263,0.15561424076326388
25264,0.31164168309995516
25265,0.05233144759189048
25266,0.0
25267,0.0
25268,0.0
25269,0.0
25270,0.0
25271,0.0
25272,0.0
25273,0.0
25274,0.0
25275,0.0
25276,0.0
25277,0.0
25278,0.0
25279,0.0
25280,0.04620627002454123
25281,0.059171669957814955
25282,0.23964478868718386
25283,0.08428734995318458
25284,0.31114568078989346
25285,0.9786779493806694
25286,2.13518214945798
25287,10.204629997274125
25288,2.0150591229817327
25289,1.3247906743689464
25290,0.5170751359332668
25291,2.77592167718987
25292,4.108739463493511
25293,1.2385278580484298
25294,0.5959357403877187
25295,0.4446678371008897
25296,0.33197450839500736
25297,0.3162162078769796
25298,0.20239328254193995
25299,0.08548949074037995
25300,0.25782429727729417
25301,1.924498606724167
25302,0.2904112085412873
25303,1.6008702017058614
25304,0.6078498320387633
25305,0.08216050254527253
25306,0.07228072384415242
25307,0.18795398846760664
25308,0.346942445910517
25309,0.40003543838032274
25310,0.2005671495964632
25311,0.12397768894047533
25312,0.0
25313,0.0
25314,0.0
25315,0.0
25316,0.0
25317,0.0
25318,0.0
25319,0.0
25320,0.0
25321,0.0
25322,0.0
25323,0.0
25324,0.0
25325,0.0
25326,0.0
25327,0.0
25328,0.169160396154012
25329,6.8542963100784275
25330,0.08533088690024421
25331,0.23793652355854536
25332,0.15647387520940953
25333,0.15181851000491323
25334,0.09578434938505824
25335,0.20852612557374217
25336,0.16263744547998588
25337,0.05700838417261684
25338,0.0
25339,0.0
25340,0.0
25341,0.0
25342,0.0
25343,0.0
25344,0.0
25345,0.0
25346,0.0
25347,0.0
25348,0.0
25349,0.0
25350,0.0
25351,0.0
25352,0.0
25353,0.0
25354,0.36404630048409786
25355,0.1784895195760646
25356,0.11025300912267073
25357,0.01112437476761375
25358,0.0
25359,0.08250177509981274
25360,0.07039857444271072
25361,0.0
25362,0.0
25363,0.0
25364,0.0
25365,0.0
25366,0.0
25367,0.0
25368,0.0
25369,0.0
25370,0.0
25371,0.0
25372,0.0
25373,0.0
25374,0.0
25375,0.0
25376,0.0
25377,0.0
25378,0.026576832070997942
25379,0.15760014000592307
25380,0.3010495221763238
25381,0.17202281935970906
25382,0.10026955419883511
25383,0.11998941470440795
25384,0.7999642165221333
25385,0.009794374948568598
25386,0.0
25387,0.0
25388,0.0
25389,0.0
25390,0.0
25391,0.0
25392,0.0
25393,0.0
25394,0.0
25395,0.0
25396,0.0
25397,0.0
25398,0.0
25399,0.0
25400,0.0
25401,0.0
25402,0.10847341003833517
25403,0.059650579340504224
25404,0.0
25405,0.0
25406,0.0
25407,0.0
25408,0.0
25409,0.0
25410,0.0
25411,0.0
25412,0.0
25413,0.0
25414,0.0
25415,0.0
25416,0.0
25417,0.0
25418,0.0
25419,0.0
25420,0.0
25421,0.0
25422,0.0
25423,0.0
25424,0.0
25425,0.08798160111883423
25426,0.11669360756717702
25427,0.10555717987980447
25428,0.18916692205362445
25429,0.0836338249663024
25430,0.0820960417545589
25431,0.009050218442125326
25432,0.0
25433,0.1005519714425724
25434,0.0
25435,0.0
25436,0.0
25437,0.0
25438,0.0
25439,0.0
25440,0.0
25441,0.0
25442,0.0
25443,0.0
25444,0.0
25445,0.0
25446,0.0
25447,0.0
25448,0.0
25449,0.0
25450,0.0
25451,0.028799683559076108
25452,0.2149794429132147
25453,0.23738153566132966
25454,0.1921252071733896
25455,0.1519149167520155
25456,0.06575789792488564
25457,0.036825225583727084
25458,0.0
25459,0.0
25460,0.0
25461,0.0
25462,0.0
25463,0.0
25464,0.0
25465,0.0
25466,0.0
25467,0.0
25468,0.0
25469,0.0
25470,0.0
25471,0.0
25472,0.0
25473,0.0
25474,0.0
25475,0.0
25476,0.0
25477,0.04378265263593336
25478,0.17103880683300074
25479,0.5613566101318531
25480,0.09412215998829217
25481,0.0
25482,0.0
25483,0.0
25484,0.0
25485,0.0
25486,0.0
25487,0.0
25488,0.0
25489,0.0
25490,0.0
25491,0.0
25492,0.0
25493,0.0
25494,0.0
25495,0.0
25496,0.0
25497,0.0
25498,0.052920891646843805
25499,0.13436054382466497
25500,0.5916344490047206
25501,0.21934506279912147
25502,0.8890580153559683
25503,2.611242739333296
25504,0.6308671775757118
25505,0.0
25506,0.0
25507,0.0
25508,0.0
25509,0.0
25510,0.0
25511,0.0
25512,0.0
25513,0.0
25514,0.0
25515,0.0
25516,0.0
25517,0.0
25518,0.0
25519,0.0
25520,0.0
25521,0.0
25522,0.10759841726509703
25523,0.10660724911563418
25524,0.06857382402713565
25525,0.027089605102618687
25526,0.0
25527,0.0
25528,0.0
25529,0.0
25530,0.0
25531,0.0
25532,0.0
25533,0.0
25534,0.0
25535,0.0
25536,0.0
25537,0.0
25538,0.0
25539,0.0
25540,0.0
25541,0.0
25542,0.0
25543,0.0
25544,0.0
25545,0.0
25546,0.14926611768972695
25547,0.21310847216221016
25548,0.03810004596260911
25549,0.030062240385921365
25550,0.0
25551,0.19202754106711387
25552,0.16243465968499793
25553,0.13076825153796134
25554,0.0
25555,0.0
25556,0.0
25557,16.00328907172946
25558,4.742338803735079
25559,0.3495730801877387
25560,0.01921498500505675
25561,0.0
25562,0.0
25563,0.0
25564,0.0
25565,0.0
25566,0.0
25567,0.0
25568,0.0
25569,0.10270601825489854
25570,0.16516726658669983
25571,0.26186008487973245
25572,0.03895682160354643
25573,0.09126708336356984
25574,0.09015812236119457
25575,0.031564754020620006
25576,0.0
25577,0.0
25578,0.0
25579,0.0
25580,0.0
25581,0.0
25582,0.0
25583,0.0
25584,0.0
25585,0.0
25586,0.0
25587,0.0
25588,0.0
25589,0.0
25590,0.0
25591,0.0
25592,0.0
25593,0.0
25594,0.11096535062359447
25595,0.07705748117264487
25596,0.03719818820211661
25597,0.0974154834875382
25598,0.047782193401132864
25599,0.0439270003193537
25600,0.0
25601,0.0
25602,0.0
25603,0.0
25604,0.0
25605,0.0
25606,0.0
25607,0.0
25608,0.0
25609,0.0
25610,0.0
25611,0.0
25612,0.0
25613,0.0
25614,0.0
25615,0.0
25616,0.0
25617,0.0
25618,0.05385780053507263
25619,0.059645308620750334
25620,0.03907835616980627
25621,0.0
25622,0.0
25623,0.0
25624,0.0
25625,0.0
25626,0.0
25627,0.0
25628,0.0
25629,0.0
25630,0.0
25631,0.0
25632,0.0
25633,0.040017737435728916
25634,0.923051940713884
25635,0.09222606243685125
25636,0.04117966932808025
25637,0.0
25638,0.0
25639,0.0
25640,0.0
25641,0.03492454161187912
25642,0.11302350526054877
25643,0.003510060688683273
25644,0.0
25645,0.041200331923149494
25646,0.037245453453109256
25647,0.06157576653839728
25648,0.0
25649,0.0
25650,0.0
25651,0.0
25652,0.0
25653,0.0
25654,0.0
25655,0.0
25656,0.0
25657,0.0
25658,0.0
25659,0.0
25660,0.0
25661,0.0
25662,0.0
25663,0.0
25664,0.031361715081910484
25665,0.07720235264340847
25666,0.19730618290134333
25667,0.26036468694095544
25668,0.11339379823487339
25669,0.008845637062949685
25670,0.007993052593516478
25671,0.15838767797419775
25672,0.07789953859599832
25673,0.0
25674,0.0
25675,0.0
25676,0.0
25677,0.0
25678,0.0
25679,0.0
25680,0.0
25681,0.0
25682,0.0
25683,0.0
25684,0.0
25685,0.0
25686,0.0
25687,0.0
25688,0.0
25689,0.0
25690,0.053400141823923324
25691,0.12420347884547268
25692,0.030092589954096808
25693,0.22324822012535078
25694,0.11535752269038752
25695,0.06684383232580428
25696,0.0
25697,0.0
25698,0.0
25699,0.0
25700,0.0
25701,0.03855707977381461
25702,0.0
25703,0.021100658527331152
25704,0.0
25705,0.0
25706,0.0
25707,0.0
25708,0.0
25709,0.0
25710,0.0
25711,0.0
25712,0.0
25713,0.0
25714,0.1507170282467255
25715,0.3772593967998007
25716,0.3545670503841207
25717,0.20697145621233912
25718,0.14808327636666435
25719,0.7459503441057588
25720,0.18223377855351056
25721,0.12480436461172587
25722,0.0
25723,0.0
25724,0.0
25725,0.0
25726,0.0
25727,0.0
25728,0.0
25729,0.0
25730,0.0
25731,0.0
25732,0.0
25733,0.0
25734,0.0
25735,0.0
25736,0.0
25737,0.0
25738,0.12680785900328803
25739,0.4199060736861337
25740,0.32175814992199175
25741,0.2679461757253424
25742,0.15025173236135986
25743,0.054852758600128594
25744,0.0
25745,0.0
25746,0.0
25747,0.0
25748,0.0
25749,0.0
25750,0.0
25751,0.0
25752,0.0
25753,0.0
25754,0.0
25755,0.0
25756,0.45279887890405596
25757,0.5779382286626052
25758,1.731130460740797
25759,0.1568452775547276
25760,0.08507039478641594
25761,1.0751574225070704
25762,0.11585466313629829
25763,0.19023070829842398
25764,0.2806806237733356
25765,0.1936490291332647
25766,0.0
25767,0.0
25768,0.08085380191572772
25769,0.05413091003454854
25770,0.040115434220082444
25771,0.18224713949847648
25772,0.5747237168648301
25773,1.3372555317689327
25774,1.1665942409951737
25775,0.4140520599706105
25776,0.15611115662884242
25777,0.0
25778,0.0
25779,0.11708253350241642
25780,0.13820339927599715
25781,0.01066322720910427
25782,0.0
25783,0.0
25784,0.0
25785,0.26625984860813445
25786,0.2509755899766916
25787,0.11445295130035525
25788,0.0
25789,0.09595846463666878
25790,0.20703274938662783
25791,0.1764247058609454
25792,1.0268908415239522
25793,1.5821823098163363
25794,3.747452480286129
25795,1.3121309476571748
25796,0.8819859844872947
25797,0.015511139106263314
25798,0.10819573510875341
25799,0.06500897285314199
25800,0.015117365180635823
25801,0.0
25802,0.0
25803,0.0
25804,0.0
25805,0.0
25806,0.07103561567428475
25807,0.0
25808,0.031975344584857325
25809,0.10201403288889913
25810,0.17244678281985504
25811,0.11203793423295401
25812,0.054878632489426024
25813,0.16294906805999415
25814,0.06885671621317828
25815,0.0
25816,0.0
25817,0.0
25818,0.0
25819,0.10015077353888487
25820,0.05482679762333223
25821,0.0
25822,0.21623821562622939
25823,0.19409471637020964
25824,0.06554444924072178
25825,0.0
25826,0.0
25827,0.0
25828,0.0
25829,0.0
25830,0.0
25831,0.0
25832,0.0
25833,0.0
25834,0.15443355585349725
25835,0.12215125036113875
25836,0.19097468344028015
25837,0.10064938719708122
25838,0.0
25839,0.0
25840,0.0
25841,0.0
25842,0.0
25843,0.0
25844,0.0
25845,0.0
25846,0.0
25847,0.0
25848,0.0
25849,0.0
25850,0.0
25851,0.0
25852,0.0
25853,0.0
25854,0.0
25855,0.0
25856,0.0
25857,0.0
25858,0.12193419045834038
25859,0.21338702033980492
25860,0.06950263922085682
25861,0.3191383849886467
25862,0.5221230944124277
25863,0.09053183864995076
25864,0.25002645706756255
25865,1.1066891620133237
25866,0.041163345664718236
25867,0.052798109284040634
25868,0.06278027752770207
25869,0.12355018660927405
25870,0.08294281966785694
25871,0.031483757750892155
25872,0.0
25873,0.14120066633365588
25874,0.1239563679654749
25875,0.06377232070983817
25876,0.0
25877,0.0
25878,0.0
25879,0.0
25880,0.0
25881,0.09493754981899737
25882,0.0585032830849974
25883,0.24555594809387013
25884,1.7878347327160793
25885,1.2166419963594373
25886,0.37800670485830057
25887,0.09849059842298294
25888,0.7125668852748583
25889,0.18018068326817627
25890,0.017747405313575607
25891,0.0
25892,0.043122033634474886
25893,0.2300865234631571
25894,0.02862426758358839
25895,0.0
25896,0.0
25897,0.0
25898,0.0
25899,0.0
25900,0.0
25901,0.0
25902,0.0
25903,0.0
25904,0.0
25905,0.0
25906,0.06853303918232957
25907,0.24406232379011827
25908,0.5242537366709845
25909,0.36115533278581763
25910,0.11859887318618999
25911,0.01013063842878058
25912,0.0
25913,0.08583130589158527
25914,0.0
25915,0.0
25916,0.0
25917,0.0
25918,0.0
25919,0.0
25920,0.0
25921,0.0
25922,0.0
25923,0.0
25924,0.0
25925,0.0
25926,0.0
25927,0.0
25928,0.0
25929,0.08908414814424735
25930,0.18670517740303952
25931,0.09310635304694936
25932,0.02400031322097844
25933,0.0
25934,0.0
25935,0.0
25936,0.0
25937,0.0
25938,0.0
25939,0.0
25940,0.0
25941,0.0
25942,0.0
25943,0.0
25944,0.0
25945,0.0
25946,0.0
25947,0.0
25948,0.0
25949,0.0
25950,0.0
25951,0.0
25952,0.0
25953,0.0
25954,0.11366119369791708
25955,0.10072325123698574
25956,0.10904920992544057
25957,0.21523446100479632
25958,0.15394792879879018
25959,0.764853387342391
25960,0.8132391454654154
25961,0.5502253769648011
25962,0.01467193876690867
25963,0.0
25964,0.0
25965,0.0
25966,0.15013110618959694
25967,0.0
25968,0.0
25969,0.0
25970,0.0
25971,0.0
25972,0.0
25973,0.0
25974,0.0
25975,0.0
25976,0.0
25977,0.0
25978,0.0
25979,0.04318829572669853
25980,0.0
25981,0.0
25982,0.0
25983,0.0
25984,0.0
25985,0.0
25986,0.0
25987,0.0
25988,0.0
25989,0.0
25990,0.0
25991,0.0
25992,0.0
25993,0.0
25994,0.0
25995,0.0
25996,0.0
25997,0.0
25998,0.0
25999,0.0
26000,0.0
26001,0.0
26002,0.009295641437809412
26003,0.02269099506695038
26004,0.06989719919371391
26005,0.006147129943552931
26006,0.10952934513386511
26007,0.0
26008,0.0
26009,0.0
26010,0.0
26011,0.0
26012,0.0
26013,0.0
26014,0.11498662646035704
26015,0.0
26016,0.0
26017,0.0
26018,0.0
26019,0.0
26020,0.0
26021,1.1161707397343341
26022,0.6456405415297338
26023,0.2948387339313136
26024,0.6371987036392214
26025,0.8421782129378153
26026,1.9829860909349486
26027,2.1338189725937515
26028,0.6515112883908528
26029,0.5147309518201009
26030,0.6397436712686351
26031,0.6398070096217827
26032,0.750964348101401
26033,0.48461858235091476
26034,0.168257142606179
26035,0.10363849777525766
26036,0.07900883192251375
26037,0.2737717846248863
26038,0.41451315369598396
26039,1.0455127549884093
26040,0.09840027738068698
26041,0.20152444877320255
26042,0.12881931518753423
26043,0.041032279811675544
26044,0.07651874472364237
26045,0.0697964604669009
26046,0.03925934158494952
26047,0.0
26048,0.0
26049,0.0
26050,0.0
26051,0.0
26052,0.10879010733603789
26053,0.15597875203603476
26054,4.478097230332444
26055,0.21383085944239064
26056,0.10223713662666592
26057,0.0009592704611305683
26058,0.0
26059,0.0
26060,0.0
26061,0.07081105167531915
26062,0.0
26063,0.0
26064,0.0
26065,0.0
26066,0.0
26067,0.0
26068,0.0
26069,0.0
26070,0.0
26071,0.0
26072,0.0
26073,0.0
26074,0.0
26075,0.0
26076,0.29517087527080244
26077,0.4782978506100269
26078,0.8605200533310525
26079,0.33612338822849924
26080,0.08012376436673811
26081,0.04402514900837514
26082,0.05385100691090493
26083,0.0
26084,0.0
26085,0.0
26086,0.0
26087,0.0
26088,0.0
26089,0.0
26090,0.0
26091,0.0
26092,0.0
26093,0.0
26094,0.0
26095,0.0
26096,0.0
26097,0.0
26098,0.0
26099,0.0
26100,0.0
26101,0.0
26102,0.0
26103,0.0
26104,0.0
26105,0.0
26106,0.0
26107,0.0
26108,0.0
26109,0.0
26110,0.0
26111,0.0
26112,0.2680109879183879
26113,0.23550633015891342
26114,0.11375504315064958
26115,0.0
26116,0.0
26117,0.0
26118,0.0
26119,0.0
26120,0.0
26121,0.0
26122,0.0
26123,0.0
26124,0.0
26125,0.0
26126,0.0
26127,0.0
26128,0.0
26129,0.0
26130,0.0
26131,0.0
26132,0.0
26133,0.0
26134,0.0
26135,0.0
26136,0.0
26137,0.0
26138,0.0
26139,0.0
26140,0.0
26141,0.0
26142,0.0
26143,0.0
26144,0.0
26145,0.0
26146,0.0
26147,0.0
26148,0.0
26149,0.0
26150,0.0
26151,0.0
26152,0.0
26153,0.0
26154,0.0
26155,0.0
26156,0.0
26157,0.0
26158,0.0
26159,0.0
26160,0.0
26161,0.0
26162,0.0
26163,0.0
26164,0.0
26165,0.0
26166,0.0
26167,0.0
26168,0.0
26169,0.0
26170,0.0
26171,0.0
26172,0.0
26173,0.0
26174,0.0
26175,0.0
26176,0.0
26177,0.0
26178,0.0
26179,0.0
26180,0.0
26181,0.0
26182,0.0
26183,0.0
26184,0.0
26185,0.0
26186,0.0
26187,0.0
26188,0.0
26189,0.0
26190,0.0
26191,0.0
26192,0.0
26193,0.0
26194,0.0
26195,0.0
26196,0.0
26197,0.0
26198,0.0
26199,0.0
26200,0.0
26201,0.0
26202,0.0
26203,0.0
26204,0.0
26205,0.0
26206,0.0
26207,0.0
26208,0.0
26209,0.0
26210,0.0
26211,0.0
26212,0.0
26213,0.0
26214,0.0
26215,0.0
26216,0.0
26217,0.0
26218,0.0
26219,0.0
26220,0.0
26221,0.0
26222,0.0
26223,0.0
26224,0.0
26225,0.0
26226,0.0
26227,0.0
26228,0.0
26229,0.0
26230,0.0
26231,0.0
26232,0.0
26233,0.18763313173982585
26234,0.3154494913662821
26235,2.4978999925813063
26236,7.273612597181471
26237,4.232144917826393
26238,0.508277706736461
26239,0.5320066242356237
26240,1.0038212916572022
26241,0.011858593395201917
26242,0.04085881930185441
26243,0.24757232122603826
26244,0.03632446180031174
26245,0.011553425356757895
26246,0.1082406514015732
26247,0.2160397170303548
26248,0.12381100948544074
26249,0.0
26250,0.0
26251,0.1933655639371306
26252,0.06552194539030591
26253,0.0
26254,0.0
26255,0.0
26256,0.0
26257,0.0
26258,0.0
26259,0.0
26260,0.0
26261,0.05300078622671652
26262,0.0
26263,0.0
26264,0.0
26265,0.0
26266,0.0
26267,0.21569873848869434
26268,0.07465745411943855
26269,0.0
26270,0.05348801821367146
26271,0.09935507771779924
26272,0.016384823465221535
26273,0.0
26274,0.0
26275,0.0
26276,0.0
26277,0.0
26278,0.0
26279,0.0
26280,0.0
26281,0.0
26282,0.0
26283,0.0
26284,0.0
26285,0.0
26286,0.0
26287,0.0
26288,0.0
26289,0.0
26290,0.00530919794011122
26291,0.039952488487905995
26292,0.0016889413800883326
26293,0.050771944723961154
26294,0.21796221238570002
26295,0.2591508862091212
26296,0.33523332910756715
26297,0.3925121244379545
26298,0.18412970940176776
26299,0.07842533934812446
26300,0.033672765907254605
26301,0.21837574228887052
26302,0.0802193338489853
26303,0.0
